"page_id","audience","domain","company_id","platform_type","hq_region"
"2","worker","mindrift.ai","toloka","crowd_market","north"
"3","worker","mindrift.ai","toloka","crowd_market","north"
"4","worker","mindrift.ai","toloka","crowd_market","north"
"5","worker","mindrift.ai","toloka","crowd_market","north"
"6","worker","mindrift.ai","toloka","crowd_market","north"
"7","worker","mindrift.ai","toloka","crowd_market","north"
"8","worker","mindrift.ai","toloka","crowd_market","north"
"9","worker","mindrift.ai","toloka","crowd_market","north"
"10","worker","mindrift.ai","toloka","crowd_market","north"
"11","worker","mindrift.ai","toloka","crowd_market","north"
"12","worker","mindrift.ai","toloka","crowd_market","north"
"13","worker","mindrift.ai","toloka","crowd_market","north"
"14","worker","mindrift.ai","toloka","crowd_market","north"
"15","worker","mindrift.ai","toloka","crowd_market","north"
"16","worker","mindrift.ai","toloka","crowd_market","north"
"17","worker","mindrift.ai","toloka","crowd_market","north"
"18","worker","mindrift.ai","toloka","crowd_market","north"
"20","worker","mindrift.ai","toloka","crowd_market","north"
"21","worker","mindrift.ai","toloka","crowd_market","north"
"22","worker","mindrift.ai","toloka","crowd_market","north"
"25","worker","mindrift.ai","toloka","crowd_market","north"
"26","worker","mindrift.ai","toloka","crowd_market","north"
"27","worker","mindrift.ai","toloka","crowd_market","north"
"28","worker","mindrift.ai","toloka","crowd_market","north"
"29","worker","mindrift.ai","toloka","crowd_market","north"
"30","worker","mindrift.ai","toloka","crowd_market","north"
"31","worker","mindrift.ai","toloka","crowd_market","north"
"32","worker","mindrift.ai","toloka","crowd_market","north"
"33","worker","mindrift.ai","toloka","crowd_market","north"
"34","worker","mindrift.ai","toloka","crowd_market","north"
"35","worker","mindrift.ai","toloka","crowd_market","north"
"36","worker","mindrift.ai","toloka","crowd_market","north"
"37","worker","mindrift.ai","toloka","crowd_market","north"
"38","worker","mindrift.ai","toloka","crowd_market","north"
"39","worker","mindrift.ai","toloka","crowd_market","north"
"40","worker","mindrift.ai","toloka","crowd_market","north"
"41","worker","mindrift.ai","toloka","crowd_market","north"
"42","worker","mindrift.ai","toloka","crowd_market","north"
"43","worker","mindrift.ai","toloka","crowd_market","north"
"44","worker","mindrift.ai","toloka","crowd_market","north"
"45","worker","mindrift.ai","toloka","crowd_market","north"
"46","worker","mindrift.ai","toloka","crowd_market","north"
"47","worker","mindrift.ai","toloka","crowd_market","north"
"48","worker","mindrift.ai","toloka","crowd_market","north"
"49","worker","mindrift.ai","toloka","crowd_market","north"
"50","worker","mindrift.ai","toloka","crowd_market","north"
"51","worker","mindrift.ai","toloka","crowd_market","north"
"52","worker","mindrift.ai","toloka","crowd_market","north"
"53","worker","mindrift.ai","toloka","crowd_market","north"
"54","worker","mindrift.ai","toloka","crowd_market","north"
"55","worker","mindrift.ai","toloka","crowd_market","north"
"56","worker","mindrift.ai","toloka","crowd_market","north"
"57","worker","mindrift.ai","toloka","crowd_market","north"
"58","worker","mindrift.ai","toloka","crowd_market","north"
"59","worker","mindrift.ai","toloka","crowd_market","north"
"60","worker","mindrift.ai","toloka","crowd_market","north"
"61","worker","mindrift.ai","toloka","crowd_market","north"
"62","worker","mindrift.ai","toloka","crowd_market","north"
"63","worker","mindrift.ai","toloka","crowd_market","north"
"64","worker","mindrift.ai","toloka","crowd_market","north"
"65","worker","mindrift.ai","toloka","crowd_market","north"
"66","worker","mindrift.ai","toloka","crowd_market","north"
"67","worker","mindrift.ai","toloka","crowd_market","north"
"68","worker","mindrift.ai","toloka","crowd_market","north"
"69","worker","mindrift.ai","toloka","crowd_market","north"
"70","worker","mindrift.ai","toloka","crowd_market","north"
"71","worker","mindrift.ai","toloka","crowd_market","north"
"72","worker","mindrift.ai","toloka","crowd_market","north"
"73","worker","mindrift.ai","toloka","crowd_market","north"
"74","worker","mindrift.ai","toloka","crowd_market","north"
"76","worker","mindrift.ai","toloka","crowd_market","north"
"77","worker","mindrift.ai","toloka","crowd_market","north"
"78","worker","mindrift.ai","toloka","crowd_market","north"
"79","worker","mindrift.ai","toloka","crowd_market","north"
"80","worker","mindrift.ai","toloka","crowd_market","north"
"81","worker","mindrift.ai","toloka","crowd_market","north"
"82","worker","mindrift.ai","toloka","crowd_market","north"
"83","worker","mindrift.ai","toloka","crowd_market","north"
"85","worker","mindrift.ai","toloka","crowd_market","north"
"86","worker","mindrift.ai","toloka","crowd_market","north"
"87","worker","mindrift.ai","toloka","crowd_market","north"
"88","worker","mindrift.ai","toloka","crowd_market","north"
"89","worker","mindrift.ai","toloka","crowd_market","north"
"90","worker","mindrift.ai","toloka","crowd_market","north"
"91","worker","mindrift.ai","toloka","crowd_market","north"
"92","worker","mindrift.ai","toloka","crowd_market","north"
"93","worker","mindrift.ai","toloka","crowd_market","north"
"94","worker","mindrift.ai","toloka","crowd_market","north"
"95","worker","mindrift.ai","toloka","crowd_market","north"
"96","worker","mindrift.ai","toloka","crowd_market","north"
"98","worker","mindrift.ai","toloka","crowd_market","north"
"99","worker","mindrift.ai","toloka","crowd_market","north"
"100","worker","mindrift.ai","toloka","crowd_market","north"
"101","worker","mindrift.ai","toloka","crowd_market","north"
"103","worker","mindrift.ai","toloka","crowd_market","north"
"104","worker","mindrift.ai","toloka","crowd_market","north"
"105","worker","mindrift.ai","toloka","crowd_market","north"
"107","worker","mindrift.ai","toloka","crowd_market","north"
"108","worker","mindrift.ai","toloka","crowd_market","north"
"109","worker","mindrift.ai","toloka","crowd_market","north"
"110","worker","mindrift.ai","toloka","crowd_market","north"
"111","worker","mindrift.ai","toloka","crowd_market","north"
"112","worker","mindrift.ai","toloka","crowd_market","north"
"113","worker","mindrift.ai","toloka","crowd_market","north"
"114","worker","mindrift.ai","toloka","crowd_market","north"
"115","worker","crowdgen.com","appen","crowd_market","north"
"116","client","www.appen.com","appen","enterprise_bpo","north"
"117","client","www.appen.com","appen","enterprise_bpo","north"
"118","client","www.appen.com","appen","enterprise_bpo","north"
"119","client","www.appen.com","appen","enterprise_bpo","north"
"120","client","www.appen.com","appen","enterprise_bpo","north"
"121","client","www.appen.com","appen","enterprise_bpo","north"
"122","client","www.appen.com","appen","enterprise_bpo","north"
"124","client","www.appen.com","appen","enterprise_bpo","north"
"125","client","www.appen.com","appen","enterprise_bpo","north"
"126","client","www.appen.com","appen","enterprise_bpo","north"
"127","client","www.appen.com","appen","enterprise_bpo","north"
"128","client","www.appen.com","appen","enterprise_bpo","north"
"129","client","www.appen.com","appen","enterprise_bpo","north"
"130","client","www.appen.com","appen","enterprise_bpo","north"
"131","client","www.appen.com","appen","enterprise_bpo","north"
"132","client","www.appen.com","appen","enterprise_bpo","north"
"133","client","www.appen.com","appen","enterprise_bpo","north"
"134","client","www.appen.com","appen","enterprise_bpo","north"
"135","client","www.appen.com","appen","enterprise_bpo","north"
"136","client","www.appen.com","appen","enterprise_bpo","north"
"137","client","www.appen.com","appen","enterprise_bpo","north"
"138","client","www.appen.com","appen","enterprise_bpo","north"
"139","client","www.appen.com","appen","enterprise_bpo","north"
"140","client","www.appen.com","appen","enterprise_bpo","north"
"141","client","www.appen.com","appen","enterprise_bpo","north"
"142","client","www.appen.com","appen","enterprise_bpo","north"
"143","client","www.appen.com","appen","enterprise_bpo","north"
"144","client","www.appen.com","appen","enterprise_bpo","north"
"145","client","www.appen.com","appen","enterprise_bpo","north"
"146","client","www.appen.com","appen","enterprise_bpo","north"
"147","client","www.appen.com","appen","enterprise_bpo","north"
"148","client","www.appen.com","appen","enterprise_bpo","north"
"149","client","www.appen.com","appen","enterprise_bpo","north"
"150","client","www.appen.com","appen","enterprise_bpo","north"
"151","client","www.appen.com","appen","enterprise_bpo","north"
"152","client","www.appen.com","appen","enterprise_bpo","north"
"153","client","www.appen.com","appen","enterprise_bpo","north"
"154","client","www.appen.com","appen","enterprise_bpo","north"
"155","client","www.appen.com","appen","enterprise_bpo","north"
"156","client","www.appen.com","appen","enterprise_bpo","north"
"157","client","www.appen.com","appen","enterprise_bpo","north"
"158","client","www.appen.com","appen","enterprise_bpo","north"
"159","client","www.appen.com","appen","enterprise_bpo","north"
"160","client","www.appen.com","appen","enterprise_bpo","north"
"161","client","www.appen.com","appen","enterprise_bpo","north"
"162","client","www.appen.com","appen","enterprise_bpo","north"
"163","client","www.appen.com","appen","enterprise_bpo","north"
"164","client","www.appen.com","appen","enterprise_bpo","north"
"165","client","www.appen.com","appen","enterprise_bpo","north"
"166","client","www.appen.com","appen","enterprise_bpo","north"
"167","client","www.appen.com","appen","enterprise_bpo","north"
"168","client","www.appen.com","appen","enterprise_bpo","north"
"169","client","www.appen.com","appen","enterprise_bpo","north"
"170","client","www.appen.com","appen","enterprise_bpo","north"
"171","client","www.appen.com","appen","enterprise_bpo","north"
"172","client","www.appen.com","appen","enterprise_bpo","north"
"173","client","www.appen.com","appen","enterprise_bpo","north"
"174","client","www.appen.com","appen","enterprise_bpo","north"
"175","client","www.appen.com","appen","enterprise_bpo","north"
"176","client","www.appen.com","appen","enterprise_bpo","north"
"177","client","www.appen.com","appen","enterprise_bpo","north"
"178","client","www.appen.com","appen","enterprise_bpo","north"
"179","client","www.appen.com","appen","enterprise_bpo","north"
"180","client","www.appen.com","appen","enterprise_bpo","north"
"181","client","www.appen.com","appen","enterprise_bpo","north"
"182","client","www.appen.com","appen","enterprise_bpo","north"
"183","client","www.appen.com","appen","enterprise_bpo","north"
"184","client","www.appen.com","appen","enterprise_bpo","north"
"185","client","www.appen.com","appen","enterprise_bpo","north"
"186","client","www.appen.com","appen","enterprise_bpo","north"
"187","client","www.appen.com","appen","enterprise_bpo","north"
"188","client","www.appen.com","appen","enterprise_bpo","north"
"189","client","www.appen.com","appen","enterprise_bpo","north"
"190","client","www.appen.com","appen","enterprise_bpo","north"
"191","client","www.appen.com","appen","enterprise_bpo","north"
"192","client","www.appen.com","appen","enterprise_bpo","north"
"193","client","www.appen.com","appen","enterprise_bpo","north"
"194","client","www.appen.com","appen","enterprise_bpo","north"
"195","client","www.appen.com","appen","enterprise_bpo","north"
"196","client","www.appen.com","appen","enterprise_bpo","north"
"197","client","www.appen.com","appen","enterprise_bpo","north"
"198","client","www.appen.com","appen","enterprise_bpo","north"
"199","client","www.appen.com","appen","enterprise_bpo","north"
"200","client","www.appen.com","appen","enterprise_bpo","north"
"201","client","www.appen.com","appen","enterprise_bpo","north"
"202","client","www.appen.com","appen","enterprise_bpo","north"
"203","client","www.appen.com","appen","enterprise_bpo","north"
"204","client","www.appen.com","appen","enterprise_bpo","north"
"205","client","www.appen.com","appen","enterprise_bpo","north"
"206","client","www.appen.com","appen","enterprise_bpo","north"
"207","client","www.appen.com","appen","enterprise_bpo","north"
"208","client","www.appen.com","appen","enterprise_bpo","north"
"209","client","www.appen.com","appen","enterprise_bpo","north"
"210","client","www.appen.com","appen","enterprise_bpo","north"
"211","client","www.appen.com","appen","enterprise_bpo","north"
"212","client","www.appen.com","appen","enterprise_bpo","north"
"213","client","www.appen.com","appen","enterprise_bpo","north"
"214","client","www.appen.com","appen","enterprise_bpo","north"
"215","client","www.appen.com","appen","enterprise_bpo","north"
"216","client","www.appen.com","appen","enterprise_bpo","north"
"217","client","www.appen.com","appen","enterprise_bpo","north"
"218","client","www.appen.com","appen","enterprise_bpo","north"
"219","client","www.appen.com","appen","enterprise_bpo","north"
"220","client","www.appen.com","appen","enterprise_bpo","north"
"221","client","www.appen.com","appen","enterprise_bpo","north"
"222","client","www.appen.com","appen","enterprise_bpo","north"
"223","client","www.appen.com","appen","enterprise_bpo","north"
"224","client","www.appen.com","appen","enterprise_bpo","north"
"225","client","www.appen.com","appen","enterprise_bpo","north"
"226","client","www.appen.com","appen","enterprise_bpo","north"
"227","client","www.appen.com","appen","enterprise_bpo","north"
"228","client","www.appen.com","appen","enterprise_bpo","north"
"229","client","www.appen.com","appen","enterprise_bpo","north"
"230","client","www.appen.com","appen","enterprise_bpo","north"
"231","client","www.appen.com","appen","enterprise_bpo","north"
"232","client","www.appen.com","appen","enterprise_bpo","north"
"233","client","www.appen.com","appen","enterprise_bpo","north"
"234","client","www.appen.com","appen","enterprise_bpo","north"
"235","client","www.appen.com","appen","enterprise_bpo","north"
"236","client","www.appen.com","appen","enterprise_bpo","north"
"237","client","www.appen.com","appen","enterprise_bpo","north"
"238","client","www.appen.com","appen","enterprise_bpo","north"
"239","client","www.appen.com","appen","enterprise_bpo","north"
"240","client","www.appen.com","appen","enterprise_bpo","north"
"241","client","www.appen.com","appen","enterprise_bpo","north"
"242","client","www.appen.com","appen","enterprise_bpo","north"
"243","client","www.appen.com","appen","enterprise_bpo","north"
"244","client","www.appen.com","appen","enterprise_bpo","north"
"245","client","www.appen.com","appen","enterprise_bpo","north"
"246","client","www.appen.com","appen","enterprise_bpo","north"
"247","client","www.appen.com","appen","enterprise_bpo","north"
"248","client","www.appen.com","appen","enterprise_bpo","north"
"249","client","www.appen.com","appen","enterprise_bpo","north"
"250","client","www.appen.com","appen","enterprise_bpo","north"
"251","client","www.appen.com","appen","enterprise_bpo","north"
"252","client","www.appen.com","appen","enterprise_bpo","north"
"253","client","www.appen.com","appen","enterprise_bpo","north"
"254","client","www.appen.com","appen","enterprise_bpo","north"
"255","client","www.appen.com","appen","enterprise_bpo","north"
"256","client","www.appen.com","appen","enterprise_bpo","north"
"257","client","www.appen.com","appen","enterprise_bpo","north"
"258","client","www.appen.com","appen","enterprise_bpo","north"
"259","client","www.appen.com","appen","enterprise_bpo","north"
"260","client","www.appen.com","appen","enterprise_bpo","north"
"261","client","www.appen.com","appen","enterprise_bpo","north"
"262","client","www.appen.com","appen","enterprise_bpo","north"
"263","client","www.appen.com","appen","enterprise_bpo","north"
"264","client","www.appen.com","appen","enterprise_bpo","north"
"265","client","www.appen.com","appen","enterprise_bpo","north"
"266","client","www.appen.com","appen","enterprise_bpo","north"
"267","client","www.appen.com","appen","enterprise_bpo","north"
"268","client","www.appen.com","appen","enterprise_bpo","north"
"269","client","www.appen.com","appen","enterprise_bpo","north"
"270","client","www.appen.com","appen","enterprise_bpo","north"
"271","client","www.appen.com","appen","enterprise_bpo","north"
"272","client","www.appen.com","appen","enterprise_bpo","north"
"273","client","www.appen.com","appen","enterprise_bpo","north"
"274","client","www.appen.com","appen","enterprise_bpo","north"
"275","client","www.appen.com","appen","enterprise_bpo","north"
"276","client","www.appen.com","appen","enterprise_bpo","north"
"277","client","www.appen.com","appen","enterprise_bpo","north"
"278","client","www.appen.com","appen","enterprise_bpo","north"
"279","client","www.appen.com","appen","enterprise_bpo","north"
"281","client","www.appen.com","appen","enterprise_bpo","north"
"282","client","www.appen.com","appen","enterprise_bpo","north"
"283","client","www.appen.com","appen","enterprise_bpo","north"
"284","client","www.appen.com","appen","enterprise_bpo","north"
"285","client","www.appen.com","appen","enterprise_bpo","north"
"286","client","www.appen.com","appen","enterprise_bpo","north"
"287","client","www.appen.com","appen","enterprise_bpo","north"
"288","client","www.appen.com","appen","enterprise_bpo","north"
"289","client","www.appen.com","appen","enterprise_bpo","north"
"290","client","www.appen.com","appen","enterprise_bpo","north"
"291","client","www.appen.com","appen","enterprise_bpo","north"
"292","client","www.appen.com","appen","enterprise_bpo","north"
"293","client","www.appen.com","appen","enterprise_bpo","north"
"294","client","www.appen.com","appen","enterprise_bpo","north"
"295","client","www.appen.com","appen","enterprise_bpo","north"
"296","client","www.appen.com","appen","enterprise_bpo","north"
"297","client","www.appen.com","appen","enterprise_bpo","north"
"298","client","www.appen.com","appen","enterprise_bpo","north"
"299","client","www.appen.com","appen","enterprise_bpo","north"
"300","client","www.appen.com","appen","enterprise_bpo","north"
"301","client","www.appen.com","appen","enterprise_bpo","north"
"302","client","www.appen.com","appen","enterprise_bpo","north"
"303","client","www.appen.com","appen","enterprise_bpo","north"
"304","client","www.appen.com","appen","enterprise_bpo","north"
"305","client","www.appen.com","appen","enterprise_bpo","north"
"306","client","www.appen.com","appen","enterprise_bpo","north"
"307","client","www.appen.com","appen","enterprise_bpo","north"
"308","client","www.appen.com","appen","enterprise_bpo","north"
"309","client","www.appen.com","appen","enterprise_bpo","north"
"310","client","www.appen.com","appen","enterprise_bpo","north"
"311","client","www.appen.com","appen","enterprise_bpo","north"
"312","client","www.appen.com","appen","enterprise_bpo","north"
"313","client","www.appen.com","appen","enterprise_bpo","north"
"314","client","www.appen.com","appen","enterprise_bpo","north"
"315","client","www.appen.com","appen","enterprise_bpo","north"
"316","client","www.appen.com","appen","enterprise_bpo","north"
"317","client","www.appen.com","appen","enterprise_bpo","north"
"318","client","www.appen.com","appen","enterprise_bpo","north"
"319","client","www.appen.com","appen","enterprise_bpo","north"
"320","client","www.appen.com","appen","enterprise_bpo","north"
"321","client","www.appen.com","appen","enterprise_bpo","north"
"322","client","www.appen.com","appen","enterprise_bpo","north"
"323","client","www.appen.com","appen","enterprise_bpo","north"
"324","client","www.appen.com","appen","enterprise_bpo","north"
"325","client","www.appen.com","appen","enterprise_bpo","north"
"326","client","www.appen.com","appen","enterprise_bpo","north"
"327","client","www.appen.com","appen","enterprise_bpo","north"
"328","client","www.appen.com","appen","enterprise_bpo","north"
"329","client","www.appen.com","appen","enterprise_bpo","north"
"330","client","www.appen.com","appen","enterprise_bpo","north"
"331","client","www.appen.com","appen","enterprise_bpo","north"
"332","client","www.appen.com","appen","enterprise_bpo","north"
"333","client","www.appen.com","appen","enterprise_bpo","north"
"334","client","www.appen.com","appen","enterprise_bpo","north"
"335","client","www.appen.com","appen","enterprise_bpo","north"
"336","client","www.appen.com","appen","enterprise_bpo","north"
"337","client","www.appen.com","appen","enterprise_bpo","north"
"338","client","www.appen.com","appen","enterprise_bpo","north"
"339","client","www.appen.com","appen","enterprise_bpo","north"
"340","client","www.appen.com","appen","enterprise_bpo","north"
"341","client","www.appen.com","appen","enterprise_bpo","north"
"342","client","www.appen.com","appen","enterprise_bpo","north"
"343","client","www.appen.com","appen","enterprise_bpo","north"
"344","client","www.appen.com","appen","enterprise_bpo","north"
"345","client","www.appen.com","appen","enterprise_bpo","north"
"346","client","www.appen.com","appen","enterprise_bpo","north"
"347","client","www.appen.com","appen","enterprise_bpo","north"
"348","client","www.appen.com","appen","enterprise_bpo","north"
"349","client","www.appen.com","appen","enterprise_bpo","north"
"350","client","www.appen.com","appen","enterprise_bpo","north"
"351","client","www.appen.com","appen","enterprise_bpo","north"
"352","client","www.appen.com","appen","enterprise_bpo","north"
"353","client","www.appen.com","appen","enterprise_bpo","north"
"354","client","www.appen.com","appen","enterprise_bpo","north"
"355","client","www.appen.com","appen","enterprise_bpo","north"
"356","client","www.appen.com","appen","enterprise_bpo","north"
"357","client","www.appen.com","appen","enterprise_bpo","north"
"358","client","www.appen.com","appen","enterprise_bpo","north"
"359","client","www.appen.com","appen","enterprise_bpo","north"
"360","client","www.appen.com","appen","enterprise_bpo","north"
"361","client","www.appen.com","appen","enterprise_bpo","north"
"362","client","www.appen.com","appen","enterprise_bpo","north"
"363","client","www.appen.com","appen","enterprise_bpo","north"
"364","client","www.appen.com","appen","enterprise_bpo","north"
"365","client","www.appen.com","appen","enterprise_bpo","north"
"366","client","www.appen.com","appen","enterprise_bpo","north"
"367","client","www.appen.com","appen","enterprise_bpo","north"
"368","client","www.appen.com","appen","enterprise_bpo","north"
"369","client","www.appen.com","appen","enterprise_bpo","north"
"370","client","www.appen.com","appen","enterprise_bpo","north"
"371","client","www.appen.com","appen","enterprise_bpo","north"
"372","client","www.appen.com","appen","enterprise_bpo","north"
"373","client","www.appen.com","appen","enterprise_bpo","north"
"374","client","www.appen.com","appen","enterprise_bpo","north"
"375","client","www.appen.com","appen","enterprise_bpo","north"
"376","client","www.appen.com","appen","enterprise_bpo","north"
"377","client","www.appen.com","appen","enterprise_bpo","north"
"378","client","www.appen.com","appen","enterprise_bpo","north"
"379","client","www.appen.com","appen","enterprise_bpo","north"
"380","client","www.appen.com","appen","enterprise_bpo","north"
"381","client","www.appen.com","appen","enterprise_bpo","north"
"382","client","www.appen.com","appen","enterprise_bpo","north"
"383","client","www.appen.com","appen","enterprise_bpo","north"
"384","client","www.appen.com","appen","enterprise_bpo","north"
"385","client","www.appen.com","appen","enterprise_bpo","north"
"386","client","www.appen.com","appen","enterprise_bpo","north"
"387","client","www.appen.com","appen","enterprise_bpo","north"
"388","client","www.appen.com","appen","enterprise_bpo","north"
"389","client","www.appen.com","appen","enterprise_bpo","north"
"390","client","www.appen.com","appen","enterprise_bpo","north"
"391","client","www.appen.com","appen","enterprise_bpo","north"
"392","client","www.appen.com","appen","enterprise_bpo","north"
"393","client","www.appen.com","appen","enterprise_bpo","north"
"394","client","www.appen.com","appen","enterprise_bpo","north"
"395","client","www.appen.com","appen","enterprise_bpo","north"
"396","client","www.appen.com","appen","enterprise_bpo","north"
"397","client","www.appen.com","appen","enterprise_bpo","north"
"398","client","www.appen.com","appen","enterprise_bpo","north"
"399","client","www.appen.com","appen","enterprise_bpo","north"
"400","client","www.appen.com","appen","enterprise_bpo","north"
"401","client","www.appen.com","appen","enterprise_bpo","north"
"402","client","www.appen.com","appen","enterprise_bpo","north"
"403","client","www.appen.com","appen","enterprise_bpo","north"
"404","client","www.appen.com","appen","enterprise_bpo","north"
"405","client","www.appen.com","appen","enterprise_bpo","north"
"406","client","www.appen.com","appen","enterprise_bpo","north"
"407","client","www.appen.com","appen","enterprise_bpo","north"
"408","client","www.appen.com","appen","enterprise_bpo","north"
"409","client","www.appen.com","appen","enterprise_bpo","north"
"410","client","www.appen.com","appen","enterprise_bpo","north"
"411","client","www.appen.com","appen","enterprise_bpo","north"
"412","client","www.appen.com","appen","enterprise_bpo","north"
"413","client","www.appen.com","appen","enterprise_bpo","north"
"414","client","www.appen.com","appen","enterprise_bpo","north"
"415","client","www.appen.com","appen","enterprise_bpo","north"
"416","client","www.appen.com","appen","enterprise_bpo","north"
"417","client","www.appen.com","appen","enterprise_bpo","north"
"418","client","www.appen.com","appen","enterprise_bpo","north"
"419","client","www.appen.com","appen","enterprise_bpo","north"
"420","client","www.appen.com","appen","enterprise_bpo","north"
"421","client","www.appen.com","appen","enterprise_bpo","north"
"422","client","www.appen.com","appen","enterprise_bpo","north"
"423","client","www.appen.com","appen","enterprise_bpo","north"
"424","client","www.appen.com","appen","enterprise_bpo","north"
"425","client","www.appen.com","appen","enterprise_bpo","north"
"426","client","www.appen.com","appen","enterprise_bpo","north"
"427","client","www.appen.com","appen","enterprise_bpo","north"
"428","client","www.appen.com","appen","enterprise_bpo","north"
"429","client","www.appen.com","appen","enterprise_bpo","north"
"430","client","www.appen.com","appen","enterprise_bpo","north"
"431","client","www.appen.com","appen","enterprise_bpo","north"
"432","client","www.appen.com","appen","enterprise_bpo","north"
"433","client","www.appen.com","appen","enterprise_bpo","north"
"434","client","www.appen.com","appen","enterprise_bpo","north"
"435","client","www.appen.com","appen","enterprise_bpo","north"
"436","client","www.appen.com","appen","enterprise_bpo","north"
"437","client","www.appen.com","appen","enterprise_bpo","north"
"438","client","www.appen.com","appen","enterprise_bpo","north"
"439","client","www.appen.com","appen","enterprise_bpo","north"
"440","client","www.appen.com","appen","enterprise_bpo","north"
"441","client","www.appen.com","appen","enterprise_bpo","north"
"442","client","www.appen.com","appen","enterprise_bpo","north"
"443","client","www.appen.com","appen","enterprise_bpo","north"
"444","client","www.appen.com","appen","enterprise_bpo","north"
"445","client","www.appen.com","appen","enterprise_bpo","north"
"446","client","www.appen.com","appen","enterprise_bpo","north"
"447","client","www.appen.com","appen","enterprise_bpo","north"
"448","client","www.appen.com","appen","enterprise_bpo","north"
"449","client","www.appen.com","appen","enterprise_bpo","north"
"450","client","www.appen.com","appen","enterprise_bpo","north"
"451","client","www.appen.com","appen","enterprise_bpo","north"
"452","client","www.appen.com","appen","enterprise_bpo","north"
"453","client","www.appen.com","appen","enterprise_bpo","north"
"454","client","www.appen.com","appen","enterprise_bpo","north"
"455","client","www.appen.com","appen","enterprise_bpo","north"
"456","client","www.appen.com","appen","enterprise_bpo","north"
"457","client","www.appen.com","appen","enterprise_bpo","north"
"458","client","www.appen.com","appen","enterprise_bpo","north"
"459","client","www.appen.com","appen","enterprise_bpo","north"
"460","client","www.appen.com","appen","enterprise_bpo","north"
"461","client","www.appen.com","appen","enterprise_bpo","north"
"462","client","www.appen.com","appen","enterprise_bpo","north"
"463","client","www.appen.com","appen","enterprise_bpo","north"
"464","client","www.appen.com","appen","enterprise_bpo","north"
"465","client","www.appen.com","appen","enterprise_bpo","north"
"466","client","www.appen.com","appen","enterprise_bpo","north"
"467","client","www.appen.com","appen","enterprise_bpo","north"
"468","client","www.appen.com","appen","enterprise_bpo","north"
"469","client","www.appen.com","appen","enterprise_bpo","north"
"470","client","www.appen.com","appen","enterprise_bpo","north"
"471","client","www.appen.com","appen","enterprise_bpo","north"
"472","client","www.appen.com","appen","enterprise_bpo","north"
"473","client","www.appen.com","appen","enterprise_bpo","north"
"474","client","www.appen.com","appen","enterprise_bpo","north"
"475","client","www.appen.com","appen","enterprise_bpo","north"
"476","client","www.appen.com","appen","enterprise_bpo","north"
"477","client","www.appen.com","appen","enterprise_bpo","north"
"478","client","www.appen.com","appen","enterprise_bpo","north"
"479","client","www.appen.com","appen","enterprise_bpo","north"
"480","client","www.appen.com","appen","enterprise_bpo","north"
"481","client","www.appen.com","appen","enterprise_bpo","north"
"482","client","www.appen.com","appen","enterprise_bpo","north"
"483","client","www.appen.com","appen","enterprise_bpo","north"
"484","client","www.appen.com","appen","enterprise_bpo","north"
"485","client","www.appen.com","appen","enterprise_bpo","north"
"486","client","www.appen.com","appen","enterprise_bpo","north"
"487","client","www.appen.com","appen","enterprise_bpo","north"
"488","client","www.appen.com","appen","enterprise_bpo","north"
"489","client","www.appen.com","appen","enterprise_bpo","north"
"490","client","www.appen.com","appen","enterprise_bpo","north"
"491","client","www.appen.com","appen","enterprise_bpo","north"
"492","client","www.appen.com","appen","enterprise_bpo","north"
"493","client","www.appen.com","appen","enterprise_bpo","north"
"494","client","www.appen.com","appen","enterprise_bpo","north"
"495","client","www.appen.com","appen","enterprise_bpo","north"
"496","client","www.appen.com","appen","enterprise_bpo","north"
"497","client","www.appen.com","appen","enterprise_bpo","north"
"498","client","www.appen.com","appen","enterprise_bpo","north"
"499","client","www.appen.com","appen","enterprise_bpo","north"
"500","client","www.appen.com","appen","enterprise_bpo","north"
"501","client","www.appen.com","appen","enterprise_bpo","north"
"502","client","www.appen.com","appen","enterprise_bpo","north"
"503","client","www.appen.com","appen","enterprise_bpo","north"
"504","client","www.appen.com","appen","enterprise_bpo","north"
"505","client","www.appen.com","appen","enterprise_bpo","north"
"506","client","www.appen.com","appen","enterprise_bpo","north"
"507","client","www.appen.com","appen","enterprise_bpo","north"
"508","client","www.appen.com","appen","enterprise_bpo","north"
"509","client","www.appen.com","appen","enterprise_bpo","north"
"510","client","www.appen.com","appen","enterprise_bpo","north"
"511","client","www.appen.com","appen","enterprise_bpo","north"
"512","client","www.appen.com","appen","enterprise_bpo","north"
"513","client","www.appen.com","appen","enterprise_bpo","north"
"514","client","www.appen.com","appen","enterprise_bpo","north"
"515","client","www.appen.com","appen","enterprise_bpo","north"
"516","client","www.appen.com","appen","enterprise_bpo","north"
"517","client","www.appen.com","appen","enterprise_bpo","north"
"518","client","www.appen.com","appen","enterprise_bpo","north"
"519","client","www.appen.com","appen","enterprise_bpo","north"
"520","client","www.appen.com","appen","enterprise_bpo","north"
"521","client","www.appen.com","appen","enterprise_bpo","north"
"522","client","www.appen.com","appen","enterprise_bpo","north"
"524","client","www.appen.com","appen","enterprise_bpo","north"
"525","client","www.appen.com","appen","enterprise_bpo","north"
"526","client","www.appen.com","appen","enterprise_bpo","north"
"527","client","www.appen.com","appen","enterprise_bpo","north"
"528","client","www.appen.com","appen","enterprise_bpo","north"
"529","client","www.appen.com","appen","enterprise_bpo","north"
"530","client","www.appen.com","appen","enterprise_bpo","north"
"531","client","www.appen.com","appen","enterprise_bpo","north"
"532","client","www.appen.com","appen","enterprise_bpo","north"
"533","client","www.appen.com","appen","enterprise_bpo","north"
"534","client","www.appen.com","appen","enterprise_bpo","north"
"535","client","www.appen.com","appen","enterprise_bpo","north"
"536","client","www.appen.com","appen","enterprise_bpo","north"
"537","client","www.appen.com","appen","enterprise_bpo","north"
"538","client","www.appen.com","appen","enterprise_bpo","north"
"539","client","www.appen.com","appen","enterprise_bpo","north"
"540","client","www.appen.com","appen","enterprise_bpo","north"
"542","client","www.appen.com","appen","enterprise_bpo","north"
"543","client","www.appen.com","appen","enterprise_bpo","north"
"544","client","www.appen.com","appen","enterprise_bpo","north"
"545","client","www.appen.com","appen","enterprise_bpo","north"
"546","client","www.appen.com","appen","enterprise_bpo","north"
"547","client","www.appen.com","appen","enterprise_bpo","north"
"548","client","www.appen.com","appen","enterprise_bpo","north"
"549","client","www.appen.com","appen","enterprise_bpo","north"
"550","client","www.appen.com","appen","enterprise_bpo","north"
"552","client","www.appen.com","appen","enterprise_bpo","north"
"554","client","www.appen.com","appen","enterprise_bpo","north"
"555","client","www.appen.com","appen","enterprise_bpo","north"
"556","client","www.appen.com","appen","enterprise_bpo","north"
"557","client","www.appen.com","appen","enterprise_bpo","north"
"558","client","www.appen.com","appen","enterprise_bpo","north"
"559","client","www.appen.com","appen","enterprise_bpo","north"
"560","client","www.appen.com","appen","enterprise_bpo","north"
"561","client","www.appen.com","appen","enterprise_bpo","north"
"562","client","www.appen.com","appen","enterprise_bpo","north"
"563","client","www.appen.com","appen","enterprise_bpo","north"
"564","client","www.appen.com","appen","enterprise_bpo","north"
"565","client","www.appen.com","appen","enterprise_bpo","north"
"566","client","www.appen.com","appen","enterprise_bpo","north"
"567","client","www.appen.com","appen","enterprise_bpo","north"
"568","client","www.appen.com","appen","enterprise_bpo","north"
"569","client","www.appen.com","appen","enterprise_bpo","north"
"570","client","www.appen.com","appen","enterprise_bpo","north"
"571","client","www.appen.com","appen","enterprise_bpo","north"
"572","client","www.appen.com","appen","enterprise_bpo","north"
"573","client","www.appen.com","appen","enterprise_bpo","north"
"574","client","www.appen.com","appen","enterprise_bpo","north"
"575","client","www.appen.com","appen","enterprise_bpo","north"
"576","client","www.appen.com","appen","enterprise_bpo","north"
"577","client","www.appen.com","appen","enterprise_bpo","north"
"578","client","www.appen.com","appen","enterprise_bpo","north"
"579","client","www.appen.com","appen","enterprise_bpo","north"
"580","client","www.appen.com","appen","enterprise_bpo","north"
"581","client","www.appen.com","appen","enterprise_bpo","north"
"582","client","www.appen.com","appen","enterprise_bpo","north"
"583","client","www.appen.com","appen","enterprise_bpo","north"
"584","client","www.appen.com","appen","enterprise_bpo","north"
"585","client","www.appen.com","appen","enterprise_bpo","north"
"586","client","www.appen.com","appen","enterprise_bpo","north"
"587","client","www.appen.com","appen","enterprise_bpo","north"
"588","client","www.appen.com","appen","enterprise_bpo","north"
"589","client","www.appen.com","appen","enterprise_bpo","north"
"590","client","www.appen.com","appen","enterprise_bpo","north"
"591","client","www.appen.com","appen","enterprise_bpo","north"
"592","client","www.appen.com","appen","enterprise_bpo","north"
"593","client","www.appen.com","appen","enterprise_bpo","north"
"594","client","www.appen.com","appen","enterprise_bpo","north"
"595","client","www.appen.com","appen","enterprise_bpo","north"
"596","client","www.appen.com","appen","enterprise_bpo","north"
"597","client","www.appen.com","appen","enterprise_bpo","north"
"598","client","www.appen.com","appen","enterprise_bpo","north"
"599","client","www.appen.com","appen","enterprise_bpo","north"
"600","client","www.appen.com","appen","enterprise_bpo","north"
"601","client","www.appen.com","appen","enterprise_bpo","north"
"602","client","www.appen.com","appen","enterprise_bpo","north"
"603","client","www.appen.com","appen","enterprise_bpo","north"
"604","client","www.appen.com","appen","enterprise_bpo","north"
"605","client","www.appen.com","appen","enterprise_bpo","north"
"606","client","www.appen.com","appen","enterprise_bpo","north"
"607","client","www.appen.com","appen","enterprise_bpo","north"
"608","client","www.appen.com","appen","enterprise_bpo","north"
"609","client","www.appen.com","appen","enterprise_bpo","north"
"610","client","www.appen.com","appen","enterprise_bpo","north"
"611","client","www.appen.com","appen","enterprise_bpo","north"
"612","client","www.appen.com","appen","enterprise_bpo","north"
"613","client","www.appen.com","appen","enterprise_bpo","north"
"614","client","www.appen.com","appen","enterprise_bpo","north"
"615","client","www.appen.com","appen","enterprise_bpo","north"
"616","client","www.appen.com","appen","enterprise_bpo","north"
"617","client","www.appen.com","appen","enterprise_bpo","north"
"618","client","www.appen.com","appen","enterprise_bpo","north"
"619","client","www.appen.com","appen","enterprise_bpo","north"
"620","client","www.appen.com","appen","enterprise_bpo","north"
"621","client","www.appen.com","appen","enterprise_bpo","north"
"622","client","www.appen.com","appen","enterprise_bpo","north"
"623","client","www.appen.com","appen","enterprise_bpo","north"
"624","client","www.appen.com","appen","enterprise_bpo","north"
"625","client","www.appen.com","appen","enterprise_bpo","north"
"626","client","www.appen.com","appen","enterprise_bpo","north"
"627","client","www.appen.com","appen","enterprise_bpo","north"
"628","client","www.appen.com","appen","enterprise_bpo","north"
"629","client","www.appen.com","appen","enterprise_bpo","north"
"630","client","www.appen.com","appen","enterprise_bpo","north"
"631","client","www.appen.com","appen","enterprise_bpo","north"
"632","client","www.appen.com","appen","enterprise_bpo","north"
"633","client","www.appen.com","appen","enterprise_bpo","north"
"634","client","www.appen.com","appen","enterprise_bpo","north"
"635","client","www.appen.com","appen","enterprise_bpo","north"
"636","client","www.appen.com","appen","enterprise_bpo","north"
"637","client","www.appen.com","appen","enterprise_bpo","north"
"638","client","www.appen.com","appen","enterprise_bpo","north"
"639","client","www.appen.com","appen","enterprise_bpo","north"
"640","client","www.appen.com","appen","enterprise_bpo","north"
"641","client","www.appen.com","appen","enterprise_bpo","north"
"642","client","www.appen.com","appen","enterprise_bpo","north"
"643","client","www.appen.com","appen","enterprise_bpo","north"
"644","client","www.appen.com","appen","enterprise_bpo","north"
"645","client","www.appen.com","appen","enterprise_bpo","north"
"646","client","www.appen.com","appen","enterprise_bpo","north"
"647","client","www.appen.com","appen","enterprise_bpo","north"
"648","client","www.appen.com","appen","enterprise_bpo","north"
"649","client","www.appen.com","appen","enterprise_bpo","north"
"650","client","www.appen.com","appen","enterprise_bpo","north"
"651","client","www.appen.com","appen","enterprise_bpo","north"
"652","client","www.appen.com","appen","enterprise_bpo","north"
"653","client","www.appen.com","appen","enterprise_bpo","north"
"654","client","www.appen.com","appen","enterprise_bpo","north"
"655","client","www.appen.com","appen","enterprise_bpo","north"
"656","client","www.appen.com","appen","enterprise_bpo","north"
"657","client","www.appen.com","appen","enterprise_bpo","north"
"658","client","www.appen.com","appen","enterprise_bpo","north"
"659","client","www.appen.com","appen","enterprise_bpo","north"
"660","client","www.appen.com","appen","enterprise_bpo","north"
"661","client","www.appen.com","appen","enterprise_bpo","north"
"662","client","www.appen.com","appen","enterprise_bpo","north"
"663","client","www.appen.com","appen","enterprise_bpo","north"
"664","client","www.appen.com","appen","enterprise_bpo","north"
"665","client","www.appen.com","appen","enterprise_bpo","north"
"666","client","www.appen.com","appen","enterprise_bpo","north"
"667","client","scale.com","scale","enterprise_bpo","north"
"668","worker","www.remotasks.com","scale","crowd_market","north"
"671","worker","www.remotasks.com","scale","crowd_market","north"
"674","worker","www.remotasks.com","scale","crowd_market","north"
"675","worker","www.remotasks.com","scale","crowd_market","north"
"677","worker","www.remotasks.com","scale","crowd_market","north"
"685","client","www.sama.com","sama.com","unknown","south"
"686","client","www.sama.com","sama.com","unknown","south"
"687","client","www.sama.com","sama.com","unknown","south"
"688","client","www.sama.com","sama.com","unknown","south"
"689","client","www.sama.com","sama.com","unknown","south"
"690","client","www.sama.com","sama.com","unknown","south"
"691","client","www.sama.com","sama.com","unknown","south"
"692","client","www.sama.com","sama.com","unknown","south"
"693","client","www.sama.com","sama.com","unknown","south"
"694","client","www.sama.com","sama.com","unknown","south"
"695","client","www.sama.com","sama.com","unknown","south"
"696","client","www.sama.com","sama.com","unknown","south"
"697","client","www.sama.com","sama.com","unknown","south"
"698","client","www.sama.com","sama.com","unknown","south"
"699","client","www.sama.com","sama.com","unknown","south"
"700","client","www.sama.com","sama.com","unknown","south"
"701","client","www.sama.com","sama.com","unknown","south"
"702","client","www.sama.com","sama.com","unknown","south"
"703","client","www.sama.com","sama.com","unknown","south"
"704","client","www.sama.com","sama.com","unknown","south"
"705","client","www.sama.com","sama.com","unknown","south"
"706","client","www.sama.com","sama.com","unknown","south"
"707","client","www.sama.com","sama.com","unknown","south"
"708","client","www.sama.com","sama.com","unknown","south"
"709","client","www.sama.com","sama.com","unknown","south"
"710","client","www.sama.com","sama.com","unknown","south"
"711","client","www.sama.com","sama.com","unknown","south"
"712","client","www.sama.com","sama.com","unknown","south"
"713","client","www.sama.com","sama.com","unknown","south"
"714","client","www.sama.com","sama.com","unknown","south"
"715","client","www.sama.com","sama.com","unknown","south"
"717","client","www.sama.com","sama.com","unknown","south"
"718","client","www.sama.com","sama.com","unknown","south"
"719","client","www.sama.com","sama.com","unknown","south"
"720","client","www.sama.com","sama.com","unknown","south"
"721","client","www.sama.com","sama.com","unknown","south"
"722","client","www.sama.com","sama.com","unknown","south"
"723","client","www.sama.com","sama.com","unknown","south"
"724","client","www.sama.com","sama.com","unknown","south"
"725","client","www.sama.com","sama.com","unknown","south"
"726","client","www.sama.com","sama.com","unknown","south"
"727","client","www.sama.com","sama.com","unknown","south"
"728","client","www.sama.com","sama.com","unknown","south"
"729","client","www.sama.com","sama.com","unknown","south"
"730","client","www.sama.com","sama.com","unknown","south"
"731","client","www.sama.com","sama.com","unknown","south"
"732","client","www.sama.com","sama.com","unknown","south"
"733","client","www.sama.com","sama.com","unknown","south"
"734","client","www.sama.com","sama.com","unknown","south"
"735","client","www.sama.com","sama.com","unknown","south"
"736","client","www.sama.com","sama.com","unknown","south"
"737","client","www.sama.com","sama.com","unknown","south"
"738","client","www.sama.com","sama.com","unknown","south"
"739","client","www.sama.com","sama.com","unknown","south"
"740","client","www.sama.com","sama.com","unknown","south"
"741","client","www.sama.com","sama.com","unknown","south"
"742","client","www.sama.com","sama.com","unknown","south"
"743","client","www.sama.com","sama.com","unknown","south"
"744","client","www.sama.com","sama.com","unknown","south"
"745","client","www.sama.com","sama.com","unknown","south"
"746","client","www.sama.com","sama.com","unknown","south"
"747","client","www.sama.com","sama.com","unknown","south"
"748","client","www.sama.com","sama.com","unknown","south"
"749","client","www.sama.com","sama.com","unknown","south"
"750","client","www.sama.com","sama.com","unknown","south"
"751","client","www.sama.com","sama.com","unknown","south"
"752","client","www.sama.com","sama.com","unknown","south"
"753","client","www.sama.com","sama.com","unknown","south"
"754","client","www.sama.com","sama.com","unknown","south"
"755","client","www.sama.com","sama.com","unknown","south"
"756","client","www.sama.com","sama.com","unknown","south"
"757","client","www.sama.com","sama.com","unknown","south"
"758","client","www.sama.com","sama.com","unknown","south"
"759","client","www.sama.com","sama.com","unknown","south"
"760","client","www.sama.com","sama.com","unknown","south"
"761","client","www.sama.com","sama.com","unknown","south"
"762","client","www.sama.com","sama.com","unknown","south"
"763","client","www.sama.com","sama.com","unknown","south"
"764","client","www.sama.com","sama.com","unknown","south"
"765","client","www.sama.com","sama.com","unknown","south"
"766","client","www.sama.com","sama.com","unknown","south"
"767","client","www.sama.com","sama.com","unknown","south"
"768","client","www.sama.com","sama.com","unknown","south"
"769","client","www.sama.com","sama.com","unknown","south"
"770","client","www.sama.com","sama.com","unknown","south"
"771","client","www.sama.com","sama.com","unknown","south"
"772","client","www.sama.com","sama.com","unknown","south"
"773","client","www.sama.com","sama.com","unknown","south"
"774","client","www.sama.com","sama.com","unknown","south"
"775","client","www.sama.com","sama.com","unknown","south"
"776","client","www.sama.com","sama.com","unknown","south"
"777","client","www.sama.com","sama.com","unknown","south"
"778","client","www.sama.com","sama.com","unknown","south"
"779","client","www.sama.com","sama.com","unknown","south"
"780","client","www.sama.com","sama.com","unknown","south"
"781","client","www.sama.com","sama.com","unknown","south"
"782","client","www.sama.com","sama.com","unknown","south"
"783","client","www.sama.com","sama.com","unknown","south"
"784","client","www.sama.com","sama.com","unknown","south"
"785","client","www.sama.com","sama.com","unknown","south"
"786","client","www.sama.com","sama.com","unknown","south"
"787","client","www.sama.com","sama.com","unknown","south"
"788","client","www.sama.com","sama.com","unknown","south"
"789","client","www.sama.com","sama.com","unknown","south"
"790","client","www.sama.com","sama.com","unknown","south"
"791","client","www.sama.com","sama.com","unknown","south"
"792","client","www.sama.com","sama.com","unknown","south"
"793","client","www.sama.com","sama.com","unknown","south"
"794","client","www.sama.com","sama.com","unknown","south"
"795","client","www.sama.com","sama.com","unknown","south"
"796","client","www.sama.com","sama.com","unknown","south"
"797","client","www.sama.com","sama.com","unknown","south"
"798","client","www.sama.com","sama.com","unknown","south"
"799","client","www.sama.com","sama.com","unknown","south"
"800","client","www.sama.com","sama.com","unknown","south"
"801","client","www.sama.com","sama.com","unknown","south"
"802","client","www.sama.com","sama.com","unknown","south"
"803","client","www.sama.com","sama.com","unknown","south"
"804","client","www.sama.com","sama.com","unknown","south"
"805","client","www.sama.com","sama.com","unknown","south"
"806","client","www.sama.com","sama.com","unknown","south"
"807","client","www.sama.com","sama.com","unknown","south"
"808","client","www.sama.com","sama.com","unknown","south"
"809","client","www.sama.com","sama.com","unknown","south"
"810","client","www.sama.com","sama.com","unknown","south"
"811","client","www.sama.com","sama.com","unknown","south"
"812","client","www.sama.com","sama.com","unknown","south"
"813","client","www.sama.com","sama.com","unknown","south"
"814","client","www.sama.com","sama.com","unknown","south"
"815","client","www.sama.com","sama.com","unknown","south"
"816","client","www.sama.com","sama.com","unknown","south"
"817","client","www.sama.com","sama.com","unknown","south"
"818","client","www.sama.com","sama.com","unknown","south"
"819","client","www.sama.com","sama.com","unknown","south"
"820","client","www.sama.com","sama.com","unknown","south"
"821","client","www.sama.com","sama.com","unknown","south"
"822","client","www.sama.com","sama.com","unknown","south"
"823","client","www.sama.com","sama.com","unknown","south"
"824","client","www.sama.com","sama.com","unknown","south"
"825","client","www.sama.com","sama.com","unknown","south"
"826","client","www.sama.com","sama.com","unknown","south"
"827","client","www.sama.com","sama.com","unknown","south"
"828","client","www.sama.com","sama.com","unknown","south"
"829","client","www.sama.com","sama.com","unknown","south"
"830","client","www.sama.com","sama.com","unknown","south"
"831","client","www.sama.com","sama.com","unknown","south"
"832","client","www.sama.com","sama.com","unknown","south"
"833","client","www.sama.com","sama.com","unknown","south"
"834","client","www.sama.com","sama.com","unknown","south"
"835","client","www.sama.com","sama.com","unknown","south"
"836","client","www.sama.com","sama.com","unknown","south"
"837","client","www.sama.com","sama.com","unknown","south"
"838","client","www.sama.com","sama.com","unknown","south"
"839","client","www.sama.com","sama.com","unknown","south"
"840","client","www.sama.com","sama.com","unknown","south"
"841","client","www.sama.com","sama.com","unknown","south"
"842","client","www.sama.com","sama.com","unknown","south"
"843","client","www.sama.com","sama.com","unknown","south"
"844","client","www.sama.com","sama.com","unknown","south"
"845","client","www.sama.com","sama.com","unknown","south"
"846","client","www.sama.com","sama.com","unknown","south"
"847","client","www.sama.com","sama.com","unknown","south"
"848","client","www.sama.com","sama.com","unknown","south"
"849","client","www.sama.com","sama.com","unknown","south"
"850","client","www.sama.com","sama.com","unknown","south"
"851","client","www.sama.com","sama.com","unknown","south"
"852","client","www.sama.com","sama.com","unknown","south"
"853","client","www.sama.com","sama.com","unknown","south"
"854","client","www.sama.com","sama.com","unknown","south"
"855","client","www.sama.com","sama.com","unknown","south"
"856","client","www.sama.com","sama.com","unknown","south"
"857","client","www.sama.com","sama.com","unknown","south"
"858","client","www.sama.com","sama.com","unknown","south"
"859","client","www.sama.com","sama.com","unknown","south"
"860","client","www.sama.com","sama.com","unknown","south"
"861","client","www.sama.com","sama.com","unknown","south"
"862","client","www.sama.com","sama.com","unknown","south"
"863","client","www.sama.com","sama.com","unknown","south"
"864","client","www.sama.com","sama.com","unknown","south"
"865","client","www.sama.com","sama.com","unknown","south"
"866","client","www.sama.com","sama.com","unknown","south"
"867","client","www.sama.com","sama.com","unknown","south"
"868","client","www.sama.com","sama.com","unknown","south"
"869","client","www.sama.com","sama.com","unknown","south"
"870","client","www.sama.com","sama.com","unknown","south"
"871","client","www.sama.com","sama.com","unknown","south"
"872","client","www.sama.com","sama.com","unknown","south"
"873","client","www.sama.com","sama.com","unknown","south"
"874","client","www.sama.com","sama.com","unknown","south"
"875","client","www.sama.com","sama.com","unknown","south"
"876","client","www.sama.com","sama.com","unknown","south"
"877","client","www.sama.com","sama.com","unknown","south"
"878","client","www.sama.com","sama.com","unknown","south"
"879","client","www.sama.com","sama.com","unknown","south"
"880","client","www.sama.com","sama.com","unknown","south"
"881","client","www.sama.com","sama.com","unknown","south"
"882","client","www.sama.com","sama.com","unknown","south"
"883","client","www.sama.com","sama.com","unknown","south"
"884","client","www.sama.com","sama.com","unknown","south"
"885","client","www.sama.com","sama.com","unknown","south"
"886","client","www.sama.com","sama.com","unknown","south"
"887","client","www.sama.com","sama.com","unknown","south"
"888","client","www.sama.com","sama.com","unknown","south"
"889","client","www.sama.com","sama.com","unknown","south"
"890","client","www.sama.com","sama.com","unknown","south"
"891","client","www.sama.com","sama.com","unknown","south"
"892","client","www.sama.com","sama.com","unknown","south"
"893","client","www.sama.com","sama.com","unknown","south"
"894","client","www.sama.com","sama.com","unknown","south"
"895","client","www.sama.com","sama.com","unknown","south"
"896","client","www.sama.com","sama.com","unknown","south"
"897","client","www.sama.com","sama.com","unknown","south"
"898","client","www.sama.com","sama.com","unknown","south"
"899","client","www.sama.com","sama.com","unknown","south"
"900","client","www.sama.com","sama.com","unknown","south"
"901","client","www.sama.com","sama.com","unknown","south"
"902","client","www.sama.com","sama.com","unknown","south"
"903","client","www.sama.com","sama.com","unknown","south"
"904","client","www.sama.com","sama.com","unknown","south"
"905","client","www.sama.com","sama.com","unknown","south"
"906","client","www.sama.com","sama.com","unknown","south"
"907","client","www.sama.com","sama.com","unknown","south"
"908","client","www.sama.com","sama.com","unknown","south"
"909","client","www.sama.com","sama.com","unknown","south"
"910","client","www.sama.com","sama.com","unknown","south"
"911","client","www.sama.com","sama.com","unknown","south"
"912","client","www.sama.com","sama.com","unknown","south"
"913","client","www.sama.com","sama.com","unknown","south"
"914","client","www.sama.com","sama.com","unknown","south"
"915","client","www.sama.com","sama.com","unknown","south"
"916","client","www.sama.com","sama.com","unknown","south"
"917","client","www.sama.com","sama.com","unknown","south"
"918","client","www.sama.com","sama.com","unknown","south"
"919","client","www.sama.com","sama.com","unknown","south"
"920","client","www.sama.com","sama.com","unknown","south"
"921","client","www.sama.com","sama.com","unknown","south"
"922","client","www.sama.com","sama.com","unknown","south"
"923","client","www.sama.com","sama.com","unknown","south"
"924","client","www.sama.com","sama.com","unknown","south"
"925","client","www.sama.com","sama.com","unknown","south"
"926","client","www.sama.com","sama.com","unknown","south"
"927","client","www.sama.com","sama.com","unknown","south"
"928","client","www.sama.com","sama.com","unknown","south"
"929","client","www.sama.com","sama.com","unknown","south"
"930","client","www.sama.com","sama.com","unknown","south"
"931","client","www.sama.com","sama.com","unknown","south"
"932","client","www.sama.com","sama.com","unknown","south"
"933","client","www.sama.com","sama.com","unknown","south"
"935","client","www.sama.com","sama.com","unknown","south"
"936","client","www.sama.com","sama.com","unknown","south"
"937","client","www.sama.com","sama.com","unknown","south"
"938","client","www.sama.com","sama.com","unknown","south"
"939","client","www.sama.com","sama.com","unknown","south"
"940","client","www.sama.com","sama.com","unknown","south"
"943","client","www.sama.com","sama.com","unknown","south"
"944","client","www.sama.com","sama.com","unknown","south"
"945","client","www.sama.com","sama.com","unknown","south"
"946","client","www.sama.com","sama.com","unknown","south"
"947","client","www.sama.com","sama.com","unknown","south"
"948","client","www.sama.com","sama.com","unknown","south"
"949","client","www.sama.com","sama.com","unknown","south"
"951","client","www.sama.com","sama.com","unknown","south"
"952","client","www.sama.com","sama.com","unknown","south"
"953","client","www.sama.com","sama.com","unknown","south"
"954","client","www.sama.com","sama.com","unknown","south"
"955","client","www.sama.com","sama.com","unknown","south"
"956","client","www.sama.com","sama.com","unknown","south"
"957","client","www.sama.com","sama.com","unknown","south"
"958","client","www.sama.com","sama.com","unknown","south"
"959","client","www.sama.com","sama.com","unknown","south"
"960","client","www.sama.com","sama.com","unknown","south"
"961","client","www.sama.com","sama.com","unknown","south"
"962","client","www.sama.com","sama.com","unknown","south"
"963","client","www.sama.com","sama.com","unknown","south"
"964","client","www.sama.com","sama.com","unknown","south"
"965","client","www.sama.com","sama.com","unknown","south"
"966","client","www.sama.com","sama.com","unknown","south"
"967","client","www.sama.com","sama.com","unknown","south"
"968","client","www.sama.com","sama.com","unknown","south"
"969","client","www.sama.com","sama.com","unknown","south"
"970","client","www.sama.com","sama.com","unknown","south"
"971","client","www.sama.com","sama.com","unknown","south"
"972","client","www.sama.com","sama.com","unknown","south"
"973","client","www.sama.com","sama.com","unknown","south"
"974","client","www.sama.com","sama.com","unknown","south"
"975","client","www.sama.com","sama.com","unknown","south"
"977","client","www.sama.com","sama.com","unknown","south"
"978","client","www.sama.com","sama.com","unknown","south"
"979","client","www.sama.com","sama.com","unknown","south"
"980","client","www.sama.com","sama.com","unknown","south"
"981","client","www.sama.com","sama.com","unknown","south"
"982","client","www.sama.com","sama.com","unknown","south"
"983","client","www.sama.com","sama.com","unknown","south"
"984","client","www.sama.com","sama.com","unknown","south"
"985","client","www.sama.com","sama.com","unknown","south"
"986","client","www.sama.com","sama.com","unknown","south"
"987","client","www.sama.com","sama.com","unknown","south"
"988","client","www.sama.com","sama.com","unknown","south"
"989","client","www.sama.com","sama.com","unknown","south"
"990","client","www.sama.com","sama.com","unknown","south"
"991","client","www.sama.com","sama.com","unknown","south"
"992","client","www.sama.com","sama.com","unknown","south"
"993","client","www.sama.com","sama.com","unknown","south"
"994","client","www.sama.com","sama.com","unknown","south"
"995","client","www.sama.com","sama.com","unknown","south"
"996","client","www.sama.com","sama.com","unknown","south"
"997","client","www.sama.com","sama.com","unknown","south"
"998","client","www.sama.com","sama.com","unknown","south"
"999","client","www.sama.com","sama.com","unknown","south"
"1000","client","www.sama.com","sama.com","unknown","south"
"1001","client","www.sama.com","sama.com","unknown","south"
"1003","client","www.sama.com","sama.com","unknown","south"
"1004","client","www.sama.com","sama.com","unknown","south"
"1005","client","www.sama.com","sama.com","unknown","south"
"1006","client","www.sama.com","sama.com","unknown","south"
"1007","client","www.sama.com","sama.com","unknown","south"
"1008","client","www.sama.com","sama.com","unknown","south"
"1009","client","www.sama.com","sama.com","unknown","south"
"1010","client","www.sama.com","sama.com","unknown","south"
"1011","client","www.sama.com","sama.com","unknown","south"
"1012","client","www.sama.com","sama.com","unknown","south"
"1013","client","www.sama.com","sama.com","unknown","south"
"1014","client","www.sama.com","sama.com","unknown","south"
"1016","client","www.sama.com","sama.com","unknown","south"
"1017","client","www.sama.com","sama.com","unknown","south"
"1020","client","www.sama.com","sama.com","unknown","south"
"1022","client","www.sama.com","sama.com","unknown","south"
"1024","client","www.sama.com","sama.com","unknown","south"
"1028","client","www.sama.com","sama.com","unknown","south"
"1031","client","www.sama.com","sama.com","unknown","south"
"1032","client","www.sama.com","sama.com","unknown","south"
"1034","client","www.sama.com","sama.com","unknown","south"
"1035","client","www.sama.com","sama.com","unknown","south"
"1036","client","www.sama.com","sama.com","unknown","south"
"1037","client","www.sama.com","sama.com","unknown","south"
"1038","client","www.sama.com","sama.com","unknown","south"
"1039","client","www.sama.com","sama.com","unknown","south"
"1040","client","www.sama.com","sama.com","unknown","south"
"1041","client","www.sama.com","sama.com","unknown","south"
"1042","client","www.sama.com","sama.com","unknown","south"
"1046","client","www.sama.com","sama.com","unknown","south"
"1047","client","www.sama.com","sama.com","unknown","south"
"1048","client","www.sama.com","sama.com","unknown","south"
"1049","client","www.sama.com","sama.com","unknown","south"
"1050","client","www.sama.com","sama.com","unknown","south"
"1051","client","www.sama.com","sama.com","unknown","south"
"1052","client","www.sama.com","sama.com","unknown","south"
"1053","client","www.sama.com","sama.com","unknown","south"
"1054","client","www.sama.com","sama.com","unknown","south"
"1055","client","www.sama.com","sama.com","unknown","south"
"1056","client","www.sama.com","sama.com","unknown","south"
"1057","client","www.sama.com","sama.com","unknown","south"
"1058","client","www.sama.com","sama.com","unknown","south"
"1059","client","www.sama.com","sama.com","unknown","south"
"1061","client","www.sama.com","sama.com","unknown","south"
"1062","client","www.sama.com","sama.com","unknown","south"
"1063","client","www.sama.com","sama.com","unknown","south"
"1064","client","www.sama.com","sama.com","unknown","south"
"1065","client","www.sama.com","sama.com","unknown","south"
"1066","client","www.sama.com","sama.com","unknown","south"
"1067","client","www.sama.com","sama.com","unknown","south"
"1068","client","www.sama.com","sama.com","unknown","south"
"1069","client","www.sama.com","sama.com","unknown","south"
"1070","client","www.sama.com","sama.com","unknown","south"
"1071","client","www.sama.com","sama.com","unknown","south"
"1072","client","www.sama.com","sama.com","unknown","south"
"1073","client","www.sama.com","sama.com","unknown","south"
"1074","client","www.sama.com","sama.com","unknown","south"
"1075","client","www.sama.com","sama.com","unknown","south"
"1076","client","www.sama.com","sama.com","unknown","south"
"1077","client","toloka.ai","toloka","crowd_market","north"
"1080","client","toloka.ai","toloka","crowd_market","north"
"1088","client","toloka.ai","toloka","crowd_market","north"
"1089","client","toloka.ai","toloka","crowd_market","north"
"1090","client","toloka.ai","toloka","crowd_market","north"
"1093","client","toloka.ai","toloka","crowd_market","north"
"1094","client","toloka.ai","toloka","crowd_market","north"
"1097","client","toloka.ai","toloka","crowd_market","north"
"1104","client","toloka.ai","toloka","crowd_market","north"
"1121","client","toloka.ai","toloka","crowd_market","north"
"1138","client","toloka.ai","toloka","crowd_market","north"
"1144","client","toloka.ai","toloka","crowd_market","north"
"1149","client","toloka.ai","toloka","crowd_market","north"
"1162","client","toloka.ai","toloka","crowd_market","north"
"1165","client","toloka.ai","toloka","crowd_market","north"
"1166","client","toloka.ai","toloka","crowd_market","north"
"1169","client","toloka.ai","toloka","crowd_market","north"
"1176","client","toloka.ai","toloka","crowd_market","north"
"1189","client","toloka.ai","toloka","crowd_market","north"
"1193","client","toloka.ai","toloka","crowd_market","north"
"1226","client","toloka.ai","toloka","crowd_market","north"
"1242","client","toloka.ai","toloka","crowd_market","north"
"1245","client","toloka.ai","toloka","crowd_market","north"
"1246","client","toloka.ai","toloka","crowd_market","north"
"1269","client","toloka.ai","toloka","crowd_market","north"
"1270","client","toloka.ai","toloka","crowd_market","north"
"1271","client","toloka.ai","toloka","crowd_market","north"
"1275","client","toloka.ai","toloka","crowd_market","north"
"1304","client","toloka.ai","toloka","crowd_market","north"
"1305","client","toloka.ai","toloka","crowd_market","north"
"1317","client","toloka.ai","toloka","crowd_market","north"
"1320","client","toloka.ai","toloka","crowd_market","north"
"1392","client","toloka.ai","toloka","crowd_market","north"
"1393","client","toloka.ai","toloka","crowd_market","north"
"1394","client","toloka.ai","toloka","crowd_market","north"
"1395","client","www.lxt.ai","lxt.ai","enterprise_bpo","north"
"1396","client","www.lxt.ai","lxt.ai","enterprise_bpo","north"
"1397","client","www.lxt.ai","lxt.ai","enterprise_bpo","north"
"1398","client","www.lxt.ai","lxt.ai","enterprise_bpo","north"
"1399","client","www.lxt.ai","lxt.ai","enterprise_bpo","north"
"1400","client","www.lxt.ai","lxt.ai","enterprise_bpo","north"
"1401","client","www.lxt.ai","lxt.ai","enterprise_bpo","north"
"1402","client","www.lxt.ai","lxt.ai","enterprise_bpo","north"
"1403","client","www.lxt.ai","lxt.ai","enterprise_bpo","north"
"1404","client","www.lxt.ai","lxt.ai","enterprise_bpo","north"
"1405","client","www.lxt.ai","lxt.ai","enterprise_bpo","north"
"1406","client","www.lxt.ai","lxt.ai","enterprise_bpo","north"
"1407","client","www.lxt.ai","lxt.ai","enterprise_bpo","north"
"1408","client","www.lxt.ai","lxt.ai","enterprise_bpo","north"
"1409","client","www.lxt.ai","lxt.ai","enterprise_bpo","north"
"1410","client","www.lxt.ai","lxt.ai","enterprise_bpo","north"
"1411","client","www.lxt.ai","lxt.ai","enterprise_bpo","north"
"1412","client","www.lxt.ai","lxt.ai","enterprise_bpo","north"
"1413","client","www.lxt.ai","lxt.ai","enterprise_bpo","north"
"1414","client","www.lxt.ai","lxt.ai","enterprise_bpo","north"
"1415","client","www.lxt.ai","lxt.ai","enterprise_bpo","north"
"1416","client","www.lxt.ai","lxt.ai","enterprise_bpo","north"
"1417","client","www.lxt.ai","lxt.ai","enterprise_bpo","north"
"1418","client","www.lxt.ai","lxt.ai","enterprise_bpo","north"
"1419","client","www.lxt.ai","lxt.ai","enterprise_bpo","north"
"1420","client","www.lxt.ai","lxt.ai","enterprise_bpo","north"
"1421","client","www.lxt.ai","lxt.ai","enterprise_bpo","north"
"1422","client","www.lxt.ai","lxt.ai","enterprise_bpo","north"
"1423","client","www.lxt.ai","lxt.ai","enterprise_bpo","north"
"1424","client","www.lxt.ai","lxt.ai","enterprise_bpo","north"
"1425","client","www.lxt.ai","lxt.ai","enterprise_bpo","north"
"1426","client","www.lxt.ai","lxt.ai","enterprise_bpo","north"
"1427","client","www.lxt.ai","lxt.ai","enterprise_bpo","north"
"1428","client","www.lxt.ai","lxt.ai","enterprise_bpo","north"
"1429","client","www.lxt.ai","lxt.ai","enterprise_bpo","north"
"1430","client","www.lxt.ai","lxt.ai","enterprise_bpo","north"
"1431","client","www.lxt.ai","lxt.ai","enterprise_bpo","north"
"1432","client","www.lxt.ai","lxt.ai","enterprise_bpo","north"
"1433","client","www.lxt.ai","lxt.ai","enterprise_bpo","north"
"1434","client","www.lxt.ai","lxt.ai","enterprise_bpo","north"
"1435","client","www.lxt.ai","lxt.ai","enterprise_bpo","north"
"1436","client","www.lxt.ai","lxt.ai","enterprise_bpo","north"
"1437","client","www.lxt.ai","lxt.ai","enterprise_bpo","north"
"1438","client","www.lxt.ai","lxt.ai","enterprise_bpo","north"
"1439","client","www.lxt.ai","lxt.ai","enterprise_bpo","north"
"1440","client","www.lxt.ai","lxt.ai","enterprise_bpo","north"
"1441","client","www.lxt.ai","lxt.ai","enterprise_bpo","north"
"1442","client","www.lxt.ai","lxt.ai","enterprise_bpo","north"
"1443","client","www.lxt.ai","lxt.ai","enterprise_bpo","north"
"1444","client","www.lxt.ai","lxt.ai","enterprise_bpo","north"
"1445","client","www.lxt.ai","lxt.ai","enterprise_bpo","north"
"1446","client","www.lxt.ai","lxt.ai","enterprise_bpo","north"
"1447","client","www.lxt.ai","lxt.ai","enterprise_bpo","north"
"1448","client","www.lxt.ai","lxt.ai","enterprise_bpo","north"
"1449","client","www.lxt.ai","lxt.ai","enterprise_bpo","north"
"1450","client","www.lxt.ai","lxt.ai","enterprise_bpo","north"
"1451","client","www.lxt.ai","lxt.ai","enterprise_bpo","north"
"1452","client","www.lxt.ai","lxt.ai","enterprise_bpo","north"
"1453","client","www.lxt.ai","lxt.ai","enterprise_bpo","north"
"1454","client","www.lxt.ai","lxt.ai","enterprise_bpo","north"
"1455","client","www.lxt.ai","lxt.ai","enterprise_bpo","north"
"1456","client","www.lxt.ai","lxt.ai","enterprise_bpo","north"
"1457","client","www.lxt.ai","lxt.ai","enterprise_bpo","north"
"1458","client","www.lxt.ai","lxt.ai","enterprise_bpo","north"
"1459","client","www.lxt.ai","lxt.ai","enterprise_bpo","north"
"1460","client","www.lxt.ai","lxt.ai","enterprise_bpo","north"
"1461","client","www.lxt.ai","lxt.ai","enterprise_bpo","north"
"1462","client","www.lxt.ai","lxt.ai","enterprise_bpo","north"
"1463","client","www.lxt.ai","lxt.ai","enterprise_bpo","north"
"1464","client","www.lxt.ai","lxt.ai","enterprise_bpo","north"
"1465","client","www.lxt.ai","lxt.ai","enterprise_bpo","north"
"1466","client","www.lxt.ai","lxt.ai","enterprise_bpo","north"
"1467","client","www.lxt.ai","lxt.ai","enterprise_bpo","north"
"1468","client","www.lxt.ai","lxt.ai","enterprise_bpo","north"
"1469","client","www.lxt.ai","lxt.ai","enterprise_bpo","north"
"1470","client","www.lxt.ai","lxt.ai","enterprise_bpo","north"
"1471","client","www.lxt.ai","lxt.ai","enterprise_bpo","north"
"1472","client","www.lxt.ai","lxt.ai","enterprise_bpo","north"
"1473","client","www.lxt.ai","lxt.ai","enterprise_bpo","north"
"1474","client","www.lxt.ai","lxt.ai","enterprise_bpo","north"
"1475","client","www.lxt.ai","lxt.ai","enterprise_bpo","north"
"1476","client","www.lxt.ai","lxt.ai","enterprise_bpo","north"
"1477","client","www.lxt.ai","lxt.ai","enterprise_bpo","north"
"1478","client","www.lxt.ai","lxt.ai","enterprise_bpo","north"
"1479","client","www.lxt.ai","lxt.ai","enterprise_bpo","north"
"1480","client","www.lxt.ai","lxt.ai","enterprise_bpo","north"
"1481","client","www.lxt.ai","lxt.ai","enterprise_bpo","north"
"1482","client","www.lxt.ai","lxt.ai","enterprise_bpo","north"
"1483","client","www.lxt.ai","lxt.ai","enterprise_bpo","north"
"1485","client","www.lxt.ai","lxt.ai","enterprise_bpo","north"
"1486","client","www.lxt.ai","lxt.ai","enterprise_bpo","north"
"1487","client","www.lxt.ai","lxt.ai","enterprise_bpo","north"
"1488","client","www.lxt.ai","lxt.ai","enterprise_bpo","north"
"1489","client","www.lxt.ai","lxt.ai","enterprise_bpo","north"
"1490","client","www.lxt.ai","lxt.ai","enterprise_bpo","north"
"1491","client","www.lxt.ai","lxt.ai","enterprise_bpo","north"
"1492","client","www.lxt.ai","lxt.ai","enterprise_bpo","north"
"1493","client","www.lxt.ai","lxt.ai","enterprise_bpo","north"
"1494","client","www.lxt.ai","lxt.ai","enterprise_bpo","north"
"1495","client","www.lxt.ai","lxt.ai","enterprise_bpo","north"
"1496","client","www.lxt.ai","lxt.ai","enterprise_bpo","north"
"1497","client","www.lxt.ai","lxt.ai","enterprise_bpo","north"
"1498","client","www.lxt.ai","lxt.ai","enterprise_bpo","north"
"1499","client","www.lxt.ai","lxt.ai","enterprise_bpo","north"
"1500","client","www.lxt.ai","lxt.ai","enterprise_bpo","north"
"1502","client","www.lxt.ai","lxt.ai","enterprise_bpo","north"
"1503","client","www.lxt.ai","lxt.ai","enterprise_bpo","north"
"1504","client","www.lxt.ai","lxt.ai","enterprise_bpo","north"
"1505","client","www.lxt.ai","lxt.ai","enterprise_bpo","north"
"1506","client","www.lxt.ai","lxt.ai","enterprise_bpo","north"
"1507","client","www.lxt.ai","lxt.ai","enterprise_bpo","north"
"1508","client","www.lxt.ai","lxt.ai","enterprise_bpo","north"
"1509","client","www.lxt.ai","lxt.ai","enterprise_bpo","north"
"1510","client","www.lxt.ai","lxt.ai","enterprise_bpo","north"
"1511","client","www.lxt.ai","lxt.ai","enterprise_bpo","north"
"1512","client","www.lxt.ai","lxt.ai","enterprise_bpo","north"
"1513","client","www.lxt.ai","lxt.ai","enterprise_bpo","north"
"1514","client","www.lxt.ai","lxt.ai","enterprise_bpo","north"
"1515","client","www.lxt.ai","lxt.ai","enterprise_bpo","north"
"1516","client","www.lxt.ai","lxt.ai","enterprise_bpo","north"
"1517","client","www.lxt.ai","lxt.ai","enterprise_bpo","north"
"1518","client","www.lxt.ai","lxt.ai","enterprise_bpo","north"
"1519","client","www.lxt.ai","lxt.ai","enterprise_bpo","north"
"1520","client","www.lxt.ai","lxt.ai","enterprise_bpo","north"
"1521","client","www.lxt.ai","lxt.ai","enterprise_bpo","north"
"1522","client","www.lxt.ai","lxt.ai","enterprise_bpo","north"
"1523","client","www.lxt.ai","lxt.ai","enterprise_bpo","north"
"1524","client","www.lxt.ai","lxt.ai","enterprise_bpo","north"
"1525","client","www.lxt.ai","lxt.ai","enterprise_bpo","north"
"1526","client","www.lxt.ai","lxt.ai","enterprise_bpo","north"
"1527","client","www.lxt.ai","lxt.ai","enterprise_bpo","north"
"1528","client","www.lxt.ai","lxt.ai","enterprise_bpo","north"
"1529","client","www.lxt.ai","lxt.ai","enterprise_bpo","north"
"1530","client","www.lxt.ai","lxt.ai","enterprise_bpo","north"
"1531","client","www.lxt.ai","lxt.ai","enterprise_bpo","north"
"1532","client","www.lxt.ai","lxt.ai","enterprise_bpo","north"
"1533","client","www.lxt.ai","lxt.ai","enterprise_bpo","north"
"1534","client","www.lxt.ai","lxt.ai","enterprise_bpo","north"
"1535","client","www.lxt.ai","lxt.ai","enterprise_bpo","north"
"1538","client","www.lxt.ai","lxt.ai","enterprise_bpo","north"
"1539","client","www.lxt.ai","lxt.ai","enterprise_bpo","north"
"1540","client","www.lxt.ai","lxt.ai","enterprise_bpo","north"
"1543","client","www.lxt.ai","lxt.ai","enterprise_bpo","north"
"1544","client","www.lxt.ai","lxt.ai","enterprise_bpo","north"
"1545","client","www.lxt.ai","lxt.ai","enterprise_bpo","north"
"1546","client","www.lxt.ai","lxt.ai","enterprise_bpo","north"
"1547","client","www.lxt.ai","lxt.ai","enterprise_bpo","north"
"1548","client","www.lxt.ai","lxt.ai","enterprise_bpo","north"
"1549","client","www.lxt.ai","lxt.ai","enterprise_bpo","north"
"1550","client","www.lxt.ai","lxt.ai","enterprise_bpo","north"
"1551","client","www.lxt.ai","lxt.ai","enterprise_bpo","north"
"1553","client","www.lxt.ai","lxt.ai","enterprise_bpo","north"
"1554","client","www.lxt.ai","lxt.ai","enterprise_bpo","north"
"1555","client","www.lxt.ai","lxt.ai","enterprise_bpo","north"
"1556","client","www.lxt.ai","lxt.ai","enterprise_bpo","north"
"1557","client","www.lxt.ai","lxt.ai","enterprise_bpo","north"
"1559","client","www.lxt.ai","lxt.ai","enterprise_bpo","north"
"1560","client","www.lxt.ai","lxt.ai","enterprise_bpo","north"
"1561","client","www.lxt.ai","lxt.ai","enterprise_bpo","north"
"1562","client","www.lxt.ai","lxt.ai","enterprise_bpo","north"
"1563","client","www.lxt.ai","lxt.ai","enterprise_bpo","north"
"1564","client","www.lxt.ai","lxt.ai","enterprise_bpo","north"
"1565","client","www.lxt.ai","lxt.ai","enterprise_bpo","north"
"1566","client","www.lxt.ai","lxt.ai","enterprise_bpo","north"
"1567","client","www.lxt.ai","lxt.ai","enterprise_bpo","north"
"1568","client","www.lxt.ai","lxt.ai","enterprise_bpo","north"
"1569","client","www.lxt.ai","lxt.ai","enterprise_bpo","north"
"1570","client","www.lxt.ai","lxt.ai","enterprise_bpo","north"
"1571","client","www.lxt.ai","lxt.ai","enterprise_bpo","north"
"1572","client","www.lxt.ai","lxt.ai","enterprise_bpo","north"
"1573","client","www.lxt.ai","lxt.ai","enterprise_bpo","north"
"1574","client","www.lxt.ai","lxt.ai","enterprise_bpo","north"
"1575","client","www.lxt.ai","lxt.ai","enterprise_bpo","north"
"1576","client","www.lxt.ai","lxt.ai","enterprise_bpo","north"
"1577","client","www.lxt.ai","lxt.ai","enterprise_bpo","north"
"1578","client","www.lxt.ai","lxt.ai","enterprise_bpo","north"
"1579","client","www.lxt.ai","lxt.ai","enterprise_bpo","north"
"1580","client","www.lxt.ai","lxt.ai","enterprise_bpo","north"
"1581","client","www.lxt.ai","lxt.ai","enterprise_bpo","north"
"1582","client","www.lxt.ai","lxt.ai","enterprise_bpo","north"
"1583","client","www.lxt.ai","lxt.ai","enterprise_bpo","north"
"1584","client","www.lxt.ai","lxt.ai","enterprise_bpo","north"
"1585","client","www.lxt.ai","lxt.ai","enterprise_bpo","north"
"1586","client","www.lxt.ai","lxt.ai","enterprise_bpo","north"
"1587","client","www.lxt.ai","lxt.ai","enterprise_bpo","north"
"1588","client","www.lxt.ai","lxt.ai","enterprise_bpo","north"
"1589","client","www.lxt.ai","lxt.ai","enterprise_bpo","north"
"1590","client","www.lxt.ai","lxt.ai","enterprise_bpo","north"
"1591","client","www.lxt.ai","lxt.ai","enterprise_bpo","north"
"1592","client","www.lxt.ai","lxt.ai","enterprise_bpo","north"
"1593","client","www.lxt.ai","lxt.ai","enterprise_bpo","north"
"1594","client","www.lxt.ai","lxt.ai","enterprise_bpo","north"
"1595","client","www.lxt.ai","lxt.ai","enterprise_bpo","north"
"1596","client","www.lxt.ai","lxt.ai","enterprise_bpo","north"
"1597","client","www.lxt.ai","lxt.ai","enterprise_bpo","north"
"1598","client","www.lxt.ai","lxt.ai","enterprise_bpo","north"
"1599","client","www.lxt.ai","lxt.ai","enterprise_bpo","north"
"1600","client","www.lxt.ai","lxt.ai","enterprise_bpo","north"
"1601","client","www.lxt.ai","lxt.ai","enterprise_bpo","north"
"1602","client","www.lxt.ai","lxt.ai","enterprise_bpo","north"
"1603","client","www.lxt.ai","lxt.ai","enterprise_bpo","north"
"1604","client","www.lxt.ai","lxt.ai","enterprise_bpo","north"
"1605","client","www.lxt.ai","lxt.ai","enterprise_bpo","north"
"1606","client","www.lxt.ai","lxt.ai","enterprise_bpo","north"
"1607","client","www.lxt.ai","lxt.ai","enterprise_bpo","north"
"1608","client","www.lxt.ai","lxt.ai","enterprise_bpo","north"
"1609","client","www.lxt.ai","lxt.ai","enterprise_bpo","north"
"1610","client","www.lxt.ai","lxt.ai","enterprise_bpo","north"
"1611","client","www.lxt.ai","lxt.ai","enterprise_bpo","north"
"1612","client","www.lxt.ai","lxt.ai","enterprise_bpo","north"
"1613","client","www.lxt.ai","lxt.ai","enterprise_bpo","north"
"1614","client","www.lxt.ai","lxt.ai","enterprise_bpo","north"
"1615","client","www.lxt.ai","lxt.ai","enterprise_bpo","north"
"1616","client","www.lxt.ai","lxt.ai","enterprise_bpo","north"
"1617","client","www.lxt.ai","lxt.ai","enterprise_bpo","north"
"1618","client","www.lxt.ai","lxt.ai","enterprise_bpo","north"
"1619","client","www.lxt.ai","lxt.ai","enterprise_bpo","north"
"1620","client","www.lxt.ai","lxt.ai","enterprise_bpo","north"
"1621","client","www.lxt.ai","lxt.ai","enterprise_bpo","north"
"1622","client","www.lxt.ai","lxt.ai","enterprise_bpo","north"
"1623","client","www.lxt.ai","lxt.ai","enterprise_bpo","north"
"1624","client","www.lxt.ai","lxt.ai","enterprise_bpo","north"
"1625","client","www.lxt.ai","lxt.ai","enterprise_bpo","north"
"1626","client","www.lxt.ai","lxt.ai","enterprise_bpo","north"
"1627","client","www.lxt.ai","lxt.ai","enterprise_bpo","north"
"1628","client","www.lxt.ai","lxt.ai","enterprise_bpo","north"
"1629","client","www.lxt.ai","lxt.ai","enterprise_bpo","north"
"1630","client","www.lxt.ai","lxt.ai","enterprise_bpo","north"
"2152","client","www.lxt.ai","lxt.ai","enterprise_bpo","north"
"2153","client","www.lxt.ai","lxt.ai","enterprise_bpo","north"
"2154","client","www.lxt.ai","lxt.ai","enterprise_bpo","north"
"2155","client","www.lxt.ai","lxt.ai","enterprise_bpo","north"
"2156","client","www.lxt.ai","lxt.ai","enterprise_bpo","north"
"2157","both","www.clickworker.com","clickworker.com","crowd_market","north"
"2158","both","www.clickworker.com","clickworker.com","crowd_market","north"
"2159","both","www.clickworker.com","clickworker.com","crowd_market","north"
"2160","both","www.clickworker.com","clickworker.com","crowd_market","north"
"2161","both","www.clickworker.com","clickworker.com","crowd_market","north"
"2162","both","www.clickworker.com","clickworker.com","crowd_market","north"
"2163","both","www.clickworker.com","clickworker.com","crowd_market","north"
"2164","both","www.clickworker.com","clickworker.com","crowd_market","north"
"2165","both","www.clickworker.com","clickworker.com","crowd_market","north"
"2166","both","www.clickworker.com","clickworker.com","crowd_market","north"
"2167","both","www.clickworker.com","clickworker.com","crowd_market","north"
"2168","both","www.clickworker.com","clickworker.com","crowd_market","north"
"2169","both","www.clickworker.com","clickworker.com","crowd_market","north"
"2170","both","www.clickworker.com","clickworker.com","crowd_market","north"
"2171","both","www.clickworker.com","clickworker.com","crowd_market","north"
"2172","both","www.clickworker.com","clickworker.com","crowd_market","north"
"2173","both","www.clickworker.com","clickworker.com","crowd_market","north"
"2174","both","www.clickworker.com","clickworker.com","crowd_market","north"
"2175","both","www.clickworker.com","clickworker.com","crowd_market","north"
"2176","both","www.clickworker.com","clickworker.com","crowd_market","north"
"2177","both","www.clickworker.com","clickworker.com","crowd_market","north"
"2178","both","www.clickworker.com","clickworker.com","crowd_market","north"
"2179","both","www.clickworker.com","clickworker.com","crowd_market","north"
"2180","both","www.clickworker.com","clickworker.com","crowd_market","north"
"2181","both","www.clickworker.com","clickworker.com","crowd_market","north"
"2183","both","www.clickworker.com","clickworker.com","crowd_market","north"
"2184","both","www.clickworker.com","clickworker.com","crowd_market","north"
"2186","both","www.clickworker.com","clickworker.com","crowd_market","north"
"2187","both","www.clickworker.com","clickworker.com","crowd_market","north"
"2188","both","www.clickworker.com","clickworker.com","crowd_market","north"
"2189","both","www.clickworker.com","clickworker.com","crowd_market","north"
"2190","both","www.clickworker.com","clickworker.com","crowd_market","north"
"2191","both","www.clickworker.com","clickworker.com","crowd_market","north"
"2192","both","www.clickworker.com","clickworker.com","crowd_market","north"
"2193","both","www.clickworker.com","clickworker.com","crowd_market","north"
"2194","both","www.clickworker.com","clickworker.com","crowd_market","north"
"2195","both","www.clickworker.com","clickworker.com","crowd_market","north"
"2196","both","www.clickworker.com","clickworker.com","crowd_market","north"
"2197","both","www.clickworker.com","clickworker.com","crowd_market","north"
"2198","both","www.clickworker.com","clickworker.com","crowd_market","north"
"2199","both","www.clickworker.com","clickworker.com","crowd_market","north"
"2200","both","www.clickworker.com","clickworker.com","crowd_market","north"
"2201","both","www.clickworker.com","clickworker.com","crowd_market","north"
"2202","both","www.clickworker.com","clickworker.com","crowd_market","north"
"2203","both","www.clickworker.com","clickworker.com","crowd_market","north"
"2205","both","www.clickworker.com","clickworker.com","crowd_market","north"
"2206","both","www.clickworker.com","clickworker.com","crowd_market","north"
"2207","both","www.clickworker.com","clickworker.com","crowd_market","north"
"2209","both","www.clickworker.com","clickworker.com","crowd_market","north"
"2210","both","www.clickworker.com","clickworker.com","crowd_market","north"
"2211","both","www.clickworker.com","clickworker.com","crowd_market","north"
"2212","both","www.clickworker.com","clickworker.com","crowd_market","north"
"2213","both","www.clickworker.com","clickworker.com","crowd_market","north"
"2214","both","www.clickworker.com","clickworker.com","crowd_market","north"
"2215","both","www.clickworker.com","clickworker.com","crowd_market","north"
"2216","both","www.clickworker.com","clickworker.com","crowd_market","north"
"2217","both","www.clickworker.com","clickworker.com","crowd_market","north"
"2218","both","www.clickworker.com","clickworker.com","crowd_market","north"
"2219","both","www.clickworker.com","clickworker.com","crowd_market","north"
"2220","both","www.clickworker.com","clickworker.com","crowd_market","north"
"2221","both","www.clickworker.com","clickworker.com","crowd_market","north"
"2222","both","www.clickworker.com","clickworker.com","crowd_market","north"
"2223","both","www.clickworker.com","clickworker.com","crowd_market","north"
"2225","both","www.clickworker.com","clickworker.com","crowd_market","north"
"2226","both","www.clickworker.com","clickworker.com","crowd_market","north"
"2227","both","www.clickworker.com","clickworker.com","crowd_market","north"
"2228","both","www.clickworker.com","clickworker.com","crowd_market","north"
"2229","both","www.clickworker.com","clickworker.com","crowd_market","north"
"2230","both","www.clickworker.com","clickworker.com","crowd_market","north"
"2231","both","www.clickworker.com","clickworker.com","crowd_market","north"
"2232","both","www.clickworker.com","clickworker.com","crowd_market","north"
"2233","both","www.clickworker.com","clickworker.com","crowd_market","north"
"2234","both","www.clickworker.com","clickworker.com","crowd_market","north"
"2235","both","www.clickworker.com","clickworker.com","crowd_market","north"
"2236","both","www.clickworker.com","clickworker.com","crowd_market","north"
"2237","both","www.clickworker.com","clickworker.com","crowd_market","north"
"2238","both","www.clickworker.com","clickworker.com","crowd_market","north"
"2239","both","www.clickworker.com","clickworker.com","crowd_market","north"
"2240","both","www.clickworker.com","clickworker.com","crowd_market","north"
"2241","both","www.clickworker.com","clickworker.com","crowd_market","north"
"2242","both","www.clickworker.com","clickworker.com","crowd_market","north"
"2244","both","www.clickworker.com","clickworker.com","crowd_market","north"
"2245","both","www.clickworker.com","clickworker.com","crowd_market","north"
"2246","both","www.clickworker.com","clickworker.com","crowd_market","north"
"2247","both","www.clickworker.com","clickworker.com","crowd_market","north"
"2248","both","www.clickworker.com","clickworker.com","crowd_market","north"
"2249","both","www.clickworker.com","clickworker.com","crowd_market","north"
"2250","both","www.clickworker.com","clickworker.com","crowd_market","north"
"2251","both","www.clickworker.com","clickworker.com","crowd_market","north"
"2252","both","www.clickworker.com","clickworker.com","crowd_market","north"
"2253","both","www.clickworker.com","clickworker.com","crowd_market","north"
"2254","both","www.clickworker.com","clickworker.com","crowd_market","north"
"2255","both","www.clickworker.com","clickworker.com","crowd_market","north"
"2256","both","www.clickworker.com","clickworker.com","crowd_market","north"
"2257","both","www.clickworker.com","clickworker.com","crowd_market","north"
"2258","both","www.clickworker.com","clickworker.com","crowd_market","north"
"2259","both","www.clickworker.com","clickworker.com","crowd_market","north"
"2260","both","www.clickworker.com","clickworker.com","crowd_market","north"
"2261","both","www.clickworker.com","clickworker.com","crowd_market","north"
"2262","both","www.clickworker.com","clickworker.com","crowd_market","north"
"2263","both","www.clickworker.com","clickworker.com","crowd_market","north"
"2264","both","www.clickworker.com","clickworker.com","crowd_market","north"
"2265","both","www.clickworker.com","clickworker.com","crowd_market","north"
"2266","both","www.clickworker.com","clickworker.com","crowd_market","north"
"2267","both","www.clickworker.com","clickworker.com","crowd_market","north"
"2268","both","www.clickworker.com","clickworker.com","crowd_market","north"
"2269","both","www.clickworker.com","clickworker.com","crowd_market","north"
"2270","both","www.clickworker.com","clickworker.com","crowd_market","north"
"2271","both","www.clickworker.com","clickworker.com","crowd_market","north"
"2272","both","www.clickworker.com","clickworker.com","crowd_market","north"
"2273","both","www.clickworker.com","clickworker.com","crowd_market","north"
"2274","both","www.clickworker.com","clickworker.com","crowd_market","north"
"2275","both","www.clickworker.com","clickworker.com","crowd_market","north"
"2276","both","www.clickworker.com","clickworker.com","crowd_market","north"
"2277","both","www.clickworker.com","clickworker.com","crowd_market","north"
"2278","both","www.clickworker.com","clickworker.com","crowd_market","north"
"2279","both","www.clickworker.com","clickworker.com","crowd_market","north"
"2280","both","www.clickworker.com","clickworker.com","crowd_market","north"
"2281","both","www.clickworker.com","clickworker.com","crowd_market","north"
"2282","both","www.clickworker.com","clickworker.com","crowd_market","north"
"2283","both","www.clickworker.com","clickworker.com","crowd_market","north"
"2284","both","www.clickworker.com","clickworker.com","crowd_market","north"
"2285","both","www.clickworker.com","clickworker.com","crowd_market","north"
"2286","both","www.clickworker.com","clickworker.com","crowd_market","north"
"2287","both","www.clickworker.com","clickworker.com","crowd_market","north"
"2288","both","www.clickworker.com","clickworker.com","crowd_market","north"
"2289","both","www.clickworker.com","clickworker.com","crowd_market","north"
"2290","both","www.clickworker.com","clickworker.com","crowd_market","north"
"2291","both","www.clickworker.com","clickworker.com","crowd_market","north"
"2292","both","www.clickworker.com","clickworker.com","crowd_market","north"
"2293","both","www.clickworker.com","clickworker.com","crowd_market","north"
"2294","both","www.clickworker.com","clickworker.com","crowd_market","north"
"2295","both","www.clickworker.com","clickworker.com","crowd_market","north"
"2296","both","www.clickworker.com","clickworker.com","crowd_market","north"
"2297","both","www.clickworker.com","clickworker.com","crowd_market","north"
"2298","both","www.clickworker.com","clickworker.com","crowd_market","north"
"2299","both","www.clickworker.com","clickworker.com","crowd_market","north"
"2300","both","www.clickworker.com","clickworker.com","crowd_market","north"
"2301","both","www.clickworker.com","clickworker.com","crowd_market","north"
"2302","both","www.clickworker.com","clickworker.com","crowd_market","north"
"2303","both","www.clickworker.com","clickworker.com","crowd_market","north"
"2304","both","www.clickworker.com","clickworker.com","crowd_market","north"
"2305","both","www.clickworker.com","clickworker.com","crowd_market","north"
"2306","both","www.clickworker.com","clickworker.com","crowd_market","north"
"2307","both","www.clickworker.com","clickworker.com","crowd_market","north"
"2308","both","www.clickworker.com","clickworker.com","crowd_market","north"
"2309","both","www.clickworker.com","clickworker.com","crowd_market","north"
"2310","both","www.clickworker.com","clickworker.com","crowd_market","north"
"2311","both","www.clickworker.com","clickworker.com","crowd_market","north"
"2312","both","www.clickworker.com","clickworker.com","crowd_market","north"
"2313","both","www.clickworker.com","clickworker.com","crowd_market","north"
"2314","both","www.clickworker.com","clickworker.com","crowd_market","north"
"2315","both","www.clickworker.com","clickworker.com","crowd_market","north"
"2316","both","www.clickworker.com","clickworker.com","crowd_market","north"
"2317","both","www.clickworker.com","clickworker.com","crowd_market","north"
"2318","both","www.clickworker.com","clickworker.com","crowd_market","north"
"2319","both","www.clickworker.com","clickworker.com","crowd_market","north"
"2320","both","www.clickworker.com","clickworker.com","crowd_market","north"
"2321","both","www.clickworker.com","clickworker.com","crowd_market","north"
"2322","both","www.clickworker.com","clickworker.com","crowd_market","north"
"2323","both","www.clickworker.com","clickworker.com","crowd_market","north"
"2324","both","www.clickworker.com","clickworker.com","crowd_market","north"
"2325","both","www.clickworker.com","clickworker.com","crowd_market","north"
"2326","both","www.clickworker.com","clickworker.com","crowd_market","north"
"2327","both","www.clickworker.com","clickworker.com","crowd_market","north"
"2328","both","www.clickworker.com","clickworker.com","crowd_market","north"
"2329","both","www.clickworker.com","clickworker.com","crowd_market","north"
"2330","both","www.clickworker.com","clickworker.com","crowd_market","north"
"2331","both","www.clickworker.com","clickworker.com","crowd_market","north"
"2332","both","www.clickworker.com","clickworker.com","crowd_market","north"
"2333","both","www.clickworker.com","clickworker.com","crowd_market","north"
"2334","both","www.clickworker.com","clickworker.com","crowd_market","north"
"2335","both","www.clickworker.com","clickworker.com","crowd_market","north"
"2336","both","www.clickworker.com","clickworker.com","crowd_market","north"
"2337","both","www.clickworker.com","clickworker.com","crowd_market","north"
"2338","both","www.clickworker.com","clickworker.com","crowd_market","north"
"2339","both","www.clickworker.com","clickworker.com","crowd_market","north"
"2340","both","www.clickworker.com","clickworker.com","crowd_market","north"
"2341","both","www.clickworker.com","clickworker.com","crowd_market","north"
"2342","both","www.clickworker.com","clickworker.com","crowd_market","north"
"2343","both","www.clickworker.com","clickworker.com","crowd_market","north"
"2345","both","www.clickworker.com","clickworker.com","crowd_market","north"
"2346","both","www.clickworker.com","clickworker.com","crowd_market","north"
"2347","both","www.clickworker.com","clickworker.com","crowd_market","north"
"2348","both","www.clickworker.com","clickworker.com","crowd_market","north"
"2349","both","www.clickworker.com","clickworker.com","crowd_market","north"
"2351","both","www.clickworker.com","clickworker.com","crowd_market","north"
"2352","both","www.clickworker.com","clickworker.com","crowd_market","north"
"2353","both","www.clickworker.com","clickworker.com","crowd_market","north"
"2354","both","www.clickworker.com","clickworker.com","crowd_market","north"
"2355","both","www.clickworker.com","clickworker.com","crowd_market","north"
"2356","both","www.clickworker.com","clickworker.com","crowd_market","north"
"2357","both","www.clickworker.com","clickworker.com","crowd_market","north"
"2358","both","www.clickworker.com","clickworker.com","crowd_market","north"
"2359","both","www.clickworker.com","clickworker.com","crowd_market","north"
"2360","both","www.clickworker.com","clickworker.com","crowd_market","north"
"2361","both","www.clickworker.com","clickworker.com","crowd_market","north"
"2362","both","www.clickworker.com","clickworker.com","crowd_market","north"
"2363","both","www.clickworker.com","clickworker.com","crowd_market","north"
"2364","both","www.clickworker.com","clickworker.com","crowd_market","north"
"2365","both","www.clickworker.com","clickworker.com","crowd_market","north"
"2366","both","www.clickworker.com","clickworker.com","crowd_market","north"
"2367","both","www.clickworker.com","clickworker.com","crowd_market","north"
"2368","both","www.clickworker.com","clickworker.com","crowd_market","north"
"2369","both","www.clickworker.com","clickworker.com","crowd_market","north"
"2371","both","www.clickworker.com","clickworker.com","crowd_market","north"
"2372","both","www.clickworker.com","clickworker.com","crowd_market","north"
"2373","both","www.clickworker.com","clickworker.com","crowd_market","north"
"2374","both","www.clickworker.com","clickworker.com","crowd_market","north"
"2375","both","www.clickworker.com","clickworker.com","crowd_market","north"
"2376","both","www.clickworker.com","clickworker.com","crowd_market","north"
"2377","both","www.clickworker.com","clickworker.com","crowd_market","north"
"2378","both","www.clickworker.com","clickworker.com","crowd_market","north"
"2379","both","www.clickworker.com","clickworker.com","crowd_market","north"
"2380","both","www.clickworker.com","clickworker.com","crowd_market","north"
"2381","both","www.clickworker.com","clickworker.com","crowd_market","north"
"2382","both","www.clickworker.com","clickworker.com","crowd_market","north"
"2383","both","www.clickworker.com","clickworker.com","crowd_market","north"
"2384","both","www.clickworker.com","clickworker.com","crowd_market","north"
"2385","both","www.clickworker.com","clickworker.com","crowd_market","north"
"2386","both","www.clickworker.com","clickworker.com","crowd_market","north"
"2387","both","www.clickworker.com","clickworker.com","crowd_market","north"
"2388","both","www.clickworker.com","clickworker.com","crowd_market","north"
"2389","both","www.clickworker.com","clickworker.com","crowd_market","north"
"2390","both","www.clickworker.com","clickworker.com","crowd_market","north"
"2391","both","www.clickworker.com","clickworker.com","crowd_market","north"
"2392","both","www.clickworker.com","clickworker.com","crowd_market","north"
"2393","both","www.clickworker.com","clickworker.com","crowd_market","north"
"2394","both","www.clickworker.com","clickworker.com","crowd_market","north"
"2395","both","www.clickworker.com","clickworker.com","crowd_market","north"
"2396","both","www.clickworker.com","clickworker.com","crowd_market","north"
"2397","both","www.clickworker.com","clickworker.com","crowd_market","north"
"2398","both","www.clickworker.com","clickworker.com","crowd_market","north"
"2399","both","www.clickworker.com","clickworker.com","crowd_market","north"
"2400","both","www.clickworker.com","clickworker.com","crowd_market","north"
"2401","both","www.clickworker.com","clickworker.com","crowd_market","north"
"2402","both","www.clickworker.com","clickworker.com","crowd_market","north"
"2403","both","www.clickworker.com","clickworker.com","crowd_market","north"
"2404","both","www.clickworker.com","clickworker.com","crowd_market","north"
"2405","both","www.clickworker.com","clickworker.com","crowd_market","north"
"2406","both","www.clickworker.com","clickworker.com","crowd_market","north"
"2407","both","www.clickworker.com","clickworker.com","crowd_market","north"
"2408","both","www.clickworker.com","clickworker.com","crowd_market","north"
"2409","both","www.clickworker.com","clickworker.com","crowd_market","north"
"2410","both","www.clickworker.com","clickworker.com","crowd_market","north"
"2411","both","www.clickworker.com","clickworker.com","crowd_market","north"
"2412","both","www.clickworker.com","clickworker.com","crowd_market","north"
"2413","both","www.clickworker.com","clickworker.com","crowd_market","north"
"2414","both","www.clickworker.com","clickworker.com","crowd_market","north"
"2415","both","www.clickworker.com","clickworker.com","crowd_market","north"
"2417","both","www.clickworker.com","clickworker.com","crowd_market","north"
"2418","both","www.clickworker.com","clickworker.com","crowd_market","north"
"2419","both","www.clickworker.com","clickworker.com","crowd_market","north"
"2421","both","www.clickworker.com","clickworker.com","crowd_market","north"
"2422","both","www.clickworker.com","clickworker.com","crowd_market","north"
"2423","both","www.clickworker.com","clickworker.com","crowd_market","north"
"2424","both","www.clickworker.com","clickworker.com","crowd_market","north"
"2425","both","www.clickworker.com","clickworker.com","crowd_market","north"
"2426","both","www.clickworker.com","clickworker.com","crowd_market","north"
"2427","both","www.clickworker.com","clickworker.com","crowd_market","north"
"2428","both","www.clickworker.com","clickworker.com","crowd_market","north"
"2429","both","www.clickworker.com","clickworker.com","crowd_market","north"
"2430","both","www.clickworker.com","clickworker.com","crowd_market","north"
"2432","both","www.clickworker.com","clickworker.com","crowd_market","north"
"2433","both","www.clickworker.com","clickworker.com","crowd_market","north"
"2434","both","www.clickworker.com","clickworker.com","crowd_market","north"
"2435","both","www.clickworker.com","clickworker.com","crowd_market","north"
"2436","both","www.clickworker.com","clickworker.com","crowd_market","north"
"2437","both","www.clickworker.com","clickworker.com","crowd_market","north"
"2438","both","www.clickworker.com","clickworker.com","crowd_market","north"
"2439","both","www.clickworker.com","clickworker.com","crowd_market","north"
"2440","both","www.clickworker.com","clickworker.com","crowd_market","north"
"2441","both","www.clickworker.com","clickworker.com","crowd_market","north"
"2442","both","www.clickworker.com","clickworker.com","crowd_market","north"
"2443","both","www.clickworker.com","clickworker.com","crowd_market","north"
"2444","both","www.clickworker.com","clickworker.com","crowd_market","north"
"2445","both","www.clickworker.com","clickworker.com","crowd_market","north"
"2446","both","www.clickworker.com","clickworker.com","crowd_market","north"
"2448","both","www.clickworker.com","clickworker.com","crowd_market","north"
"2449","both","www.clickworker.com","clickworker.com","crowd_market","north"
"2450","both","www.clickworker.com","clickworker.com","crowd_market","north"
"2452","both","www.clickworker.com","clickworker.com","crowd_market","north"
"2453","both","www.clickworker.com","clickworker.com","crowd_market","north"
"2454","both","www.clickworker.com","clickworker.com","crowd_market","north"
"2455","both","www.clickworker.com","clickworker.com","crowd_market","north"
"2456","both","www.clickworker.com","clickworker.com","crowd_market","north"
"2457","both","www.clickworker.com","clickworker.com","crowd_market","north"
"2458","both","www.clickworker.com","clickworker.com","crowd_market","north"
"2459","both","www.clickworker.com","clickworker.com","crowd_market","north"
"2460","both","www.clickworker.com","clickworker.com","crowd_market","north"
"2461","both","www.clickworker.com","clickworker.com","crowd_market","north"
"2462","both","www.clickworker.com","clickworker.com","crowd_market","north"
"2463","both","www.clickworker.com","clickworker.com","crowd_market","north"
"2464","both","www.clickworker.com","clickworker.com","crowd_market","north"
"2465","both","www.clickworker.com","clickworker.com","crowd_market","north"
"2466","both","www.clickworker.com","clickworker.com","crowd_market","north"
"2467","both","www.clickworker.com","clickworker.com","crowd_market","north"
"2468","both","www.clickworker.com","clickworker.com","crowd_market","north"
"2469","both","www.clickworker.com","clickworker.com","crowd_market","north"
"2470","both","www.clickworker.com","clickworker.com","crowd_market","north"
"2471","both","www.clickworker.com","clickworker.com","crowd_market","north"
"2472","both","www.clickworker.com","clickworker.com","crowd_market","north"
"2473","both","www.clickworker.com","clickworker.com","crowd_market","north"
"2474","both","www.clickworker.com","clickworker.com","crowd_market","north"
"2475","both","www.clickworker.com","clickworker.com","crowd_market","north"
"2476","both","www.clickworker.com","clickworker.com","crowd_market","north"
"2478","both","www.clickworker.com","clickworker.com","crowd_market","north"
"2479","both","www.clickworker.com","clickworker.com","crowd_market","north"
"2480","both","www.clickworker.com","clickworker.com","crowd_market","north"
"2481","both","www.clickworker.com","clickworker.com","crowd_market","north"
"2482","both","www.clickworker.com","clickworker.com","crowd_market","north"
"2484","both","www.clickworker.com","clickworker.com","crowd_market","north"
"2485","both","www.clickworker.com","clickworker.com","crowd_market","north"
"2486","both","www.clickworker.com","clickworker.com","crowd_market","north"
"2487","both","www.clickworker.com","clickworker.com","crowd_market","north"
"2488","both","www.clickworker.com","clickworker.com","crowd_market","north"
"2489","both","www.clickworker.com","clickworker.com","crowd_market","north"
"2490","both","www.clickworker.com","clickworker.com","crowd_market","north"
"2491","both","www.clickworker.com","clickworker.com","crowd_market","north"
"2493","both","www.clickworker.com","clickworker.com","crowd_market","north"
"2494","both","www.clickworker.com","clickworker.com","crowd_market","north"
"2495","both","www.clickworker.com","clickworker.com","crowd_market","north"
"2496","both","www.clickworker.com","clickworker.com","crowd_market","north"
"2497","both","www.clickworker.com","clickworker.com","crowd_market","north"
"2499","both","www.clickworker.com","clickworker.com","crowd_market","north"
"2500","both","www.clickworker.com","clickworker.com","crowd_market","north"
"2501","both","www.clickworker.com","clickworker.com","crowd_market","north"
"2502","both","www.clickworker.com","clickworker.com","crowd_market","north"
"2503","both","www.clickworker.com","clickworker.com","crowd_market","north"
"2504","both","www.clickworker.com","clickworker.com","crowd_market","north"
"2505","both","www.clickworker.com","clickworker.com","crowd_market","north"
"2506","both","www.clickworker.com","clickworker.com","crowd_market","north"
"2507","both","www.clickworker.com","clickworker.com","crowd_market","north"
"2508","both","www.clickworker.com","clickworker.com","crowd_market","north"
"2509","both","www.clickworker.com","clickworker.com","crowd_market","north"
"2510","both","www.clickworker.com","clickworker.com","crowd_market","north"
"2511","both","www.clickworker.com","clickworker.com","crowd_market","north"
"2512","both","www.clickworker.com","clickworker.com","crowd_market","north"
"2513","both","www.clickworker.com","clickworker.com","crowd_market","north"
"2514","both","www.clickworker.com","clickworker.com","crowd_market","north"
"2515","both","www.clickworker.com","clickworker.com","crowd_market","north"
"2516","both","www.clickworker.com","clickworker.com","crowd_market","north"
"2517","both","www.clickworker.com","clickworker.com","crowd_market","north"
"2518","both","www.clickworker.com","clickworker.com","crowd_market","north"
"2519","both","www.clickworker.com","clickworker.com","crowd_market","north"
"2520","both","www.clickworker.com","clickworker.com","crowd_market","north"
"2521","both","www.clickworker.com","clickworker.com","crowd_market","north"
"2522","both","www.clickworker.com","clickworker.com","crowd_market","north"
"2523","both","www.clickworker.com","clickworker.com","crowd_market","north"
"2524","both","www.clickworker.com","clickworker.com","crowd_market","north"
"2525","both","www.clickworker.com","clickworker.com","crowd_market","north"
"2526","both","www.clickworker.com","clickworker.com","crowd_market","north"
"2527","both","www.clickworker.com","clickworker.com","crowd_market","north"
"2528","both","www.clickworker.com","clickworker.com","crowd_market","north"
"2529","both","www.clickworker.com","clickworker.com","crowd_market","north"
"2530","both","www.clickworker.com","clickworker.com","crowd_market","north"
"2531","both","www.clickworker.com","clickworker.com","crowd_market","north"
"2532","both","www.clickworker.com","clickworker.com","crowd_market","north"
"2533","both","www.clickworker.com","clickworker.com","crowd_market","north"
"2534","both","www.clickworker.com","clickworker.com","crowd_market","north"
"2535","both","www.clickworker.com","clickworker.com","crowd_market","north"
"2536","both","www.clickworker.com","clickworker.com","crowd_market","north"
"2537","both","www.clickworker.com","clickworker.com","crowd_market","north"
"2538","both","www.clickworker.com","clickworker.com","crowd_market","north"
"2539","both","www.clickworker.com","clickworker.com","crowd_market","north"
"2540","both","www.clickworker.com","clickworker.com","crowd_market","north"
"2541","both","www.clickworker.com","clickworker.com","crowd_market","north"
"2542","both","www.clickworker.com","clickworker.com","crowd_market","north"
"2543","both","www.clickworker.com","clickworker.com","crowd_market","north"
"2544","both","www.clickworker.com","clickworker.com","crowd_market","north"
"2545","both","www.clickworker.com","clickworker.com","crowd_market","north"
"2546","both","www.clickworker.com","clickworker.com","crowd_market","north"
"2547","both","www.clickworker.com","clickworker.com","crowd_market","north"
"2548","both","www.clickworker.com","clickworker.com","crowd_market","north"
"2549","both","www.clickworker.com","clickworker.com","crowd_market","north"
"2550","both","www.clickworker.com","clickworker.com","crowd_market","north"
"2552","both","www.clickworker.com","clickworker.com","crowd_market","north"
"2553","both","www.clickworker.com","clickworker.com","crowd_market","north"
"2554","both","www.clickworker.com","clickworker.com","crowd_market","north"
"2555","both","www.clickworker.com","clickworker.com","crowd_market","north"
"2556","both","www.clickworker.com","clickworker.com","crowd_market","north"
"2557","both","www.clickworker.com","clickworker.com","crowd_market","north"
"2558","both","www.clickworker.com","clickworker.com","crowd_market","north"
"2559","both","www.clickworker.com","clickworker.com","crowd_market","north"
"2560","both","www.clickworker.com","clickworker.com","crowd_market","north"
"2561","both","www.clickworker.com","clickworker.com","crowd_market","north"
"2562","both","www.clickworker.com","clickworker.com","crowd_market","north"
"2563","both","www.clickworker.com","clickworker.com","crowd_market","north"
"2564","both","www.clickworker.com","clickworker.com","crowd_market","north"
"2565","both","www.clickworker.com","clickworker.com","crowd_market","north"
"2566","both","www.clickworker.com","clickworker.com","crowd_market","north"
"2567","both","www.clickworker.com","clickworker.com","crowd_market","north"
"2568","both","www.clickworker.com","clickworker.com","crowd_market","north"
"2569","worker","www.microworkers.com","microworkers.com","crowd_market","north"
"2570","worker","www.microworkers.com","microworkers.com","crowd_market","north"
"2571","worker","www.microworkers.com","microworkers.com","crowd_market","north"
"2572","worker","www.microworkers.com","microworkers.com","crowd_market","north"
"2573","worker","www.microworkers.com","microworkers.com","crowd_market","north"
"2574","worker","www.microworkers.com","microworkers.com","crowd_market","north"
"2576","worker","www.microworkers.com","microworkers.com","crowd_market","north"
"2579","worker","www.microworkers.com","microworkers.com","crowd_market","north"
"2580","worker","www.microworkers.com","microworkers.com","crowd_market","north"
"2581","worker","www.microworkers.com","microworkers.com","crowd_market","north"
"2582","worker","www.microworkers.com","microworkers.com","crowd_market","north"
"2583","worker","www.microworkers.com","microworkers.com","crowd_market","north"
"2584","worker","www.microworkers.com","microworkers.com","crowd_market","north"
"2585","worker","www.microworkers.com","microworkers.com","crowd_market","north"
"2586","worker","www.microworkers.com","microworkers.com","crowd_market","north"
"2587","worker","www.microworkers.com","microworkers.com","crowd_market","north"
"2588","worker","www.microworkers.com","microworkers.com","crowd_market","north"
"2589","worker","www.microworkers.com","microworkers.com","crowd_market","north"
"2590","worker","www.microworkers.com","microworkers.com","crowd_market","north"
"2591","worker","www.microworkers.com","microworkers.com","crowd_market","north"
"2592","worker","www.microworkers.com","microworkers.com","crowd_market","north"
"2593","worker","www.microworkers.com","microworkers.com","crowd_market","north"
"2594","worker","www.microworkers.com","microworkers.com","crowd_market","north"
"2595","worker","www.microworkers.com","microworkers.com","crowd_market","north"
"2596","worker","www.microworkers.com","microworkers.com","crowd_market","north"
"2597","worker","www.microworkers.com","microworkers.com","crowd_market","north"
"2598","worker","www.microworkers.com","microworkers.com","crowd_market","north"
"2599","worker","www.microworkers.com","microworkers.com","crowd_market","north"
"2600","worker","www.microworkers.com","microworkers.com","crowd_market","north"
"2601","worker","www.microworkers.com","microworkers.com","crowd_market","north"
"2602","worker","www.microworkers.com","microworkers.com","crowd_market","north"
"2603","worker","www.microworkers.com","microworkers.com","crowd_market","north"
"2604","worker","www.microworkers.com","microworkers.com","crowd_market","north"
"2605","worker","www.microworkers.com","microworkers.com","crowd_market","north"
"2606","worker","www.microworkers.com","microworkers.com","crowd_market","north"
"2607","worker","www.microworkers.com","microworkers.com","crowd_market","north"
"2608","worker","www.microworkers.com","microworkers.com","crowd_market","north"
"2609","worker","www.microworkers.com","microworkers.com","crowd_market","north"
"2610","worker","www.microworkers.com","microworkers.com","crowd_market","north"
"2611","worker","www.microworkers.com","microworkers.com","crowd_market","north"
"2612","worker","www.microworkers.com","microworkers.com","crowd_market","north"
"2613","worker","www.microworkers.com","microworkers.com","crowd_market","north"
"2614","worker","www.microworkers.com","microworkers.com","crowd_market","north"
"2615","worker","www.microworkers.com","microworkers.com","crowd_market","north"
"2616","worker","www.microworkers.com","microworkers.com","crowd_market","north"
"2617","worker","www.microworkers.com","microworkers.com","crowd_market","north"
"2618","worker","www.microworkers.com","microworkers.com","crowd_market","north"
"2619","worker","www.microworkers.com","microworkers.com","crowd_market","north"
"2620","worker","www.microworkers.com","microworkers.com","crowd_market","north"
"2621","worker","www.microworkers.com","microworkers.com","crowd_market","north"
"2622","worker","www.microworkers.com","microworkers.com","crowd_market","north"
"2623","worker","www.microworkers.com","microworkers.com","crowd_market","north"
"2624","worker","www.microworkers.com","microworkers.com","crowd_market","north"
"2625","worker","www.microworkers.com","microworkers.com","crowd_market","north"
"2626","worker","www.microworkers.com","microworkers.com","crowd_market","north"
"2627","worker","www.microworkers.com","microworkers.com","crowd_market","north"
"2628","worker","www.microworkers.com","microworkers.com","crowd_market","north"
"2629","worker","www.microworkers.com","microworkers.com","crowd_market","north"
"2630","worker","www.microworkers.com","microworkers.com","crowd_market","north"
"2631","worker","www.microworkers.com","microworkers.com","crowd_market","north"
"2632","worker","www.microworkers.com","microworkers.com","crowd_market","north"
"2633","worker","www.microworkers.com","microworkers.com","crowd_market","north"
"2634","worker","www.microworkers.com","microworkers.com","crowd_market","north"
"2635","worker","www.microworkers.com","microworkers.com","crowd_market","north"
"2636","worker","www.microworkers.com","microworkers.com","crowd_market","north"
"2637","worker","www.microworkers.com","microworkers.com","crowd_market","north"
"2638","worker","www.microworkers.com","microworkers.com","crowd_market","north"
"2639","worker","www.microworkers.com","microworkers.com","crowd_market","north"
"2640","worker","www.microworkers.com","microworkers.com","crowd_market","north"
"2641","worker","www.microworkers.com","microworkers.com","crowd_market","north"
"2642","worker","www.microworkers.com","microworkers.com","crowd_market","north"
"2643","worker","www.microworkers.com","microworkers.com","crowd_market","north"
"2644","worker","www.microworkers.com","microworkers.com","crowd_market","north"
"2645","worker","www.microworkers.com","microworkers.com","crowd_market","north"
"2646","worker","www.microworkers.com","microworkers.com","crowd_market","north"
"2647","worker","www.microworkers.com","microworkers.com","crowd_market","north"
"2648","worker","www.microworkers.com","microworkers.com","crowd_market","north"
"2649","worker","www.microworkers.com","microworkers.com","crowd_market","north"
"2650","worker","www.microworkers.com","microworkers.com","crowd_market","north"
"2651","worker","www.microworkers.com","microworkers.com","crowd_market","north"
"2652","worker","www.microworkers.com","microworkers.com","crowd_market","north"
"2653","worker","www.microworkers.com","microworkers.com","crowd_market","north"
"2654","worker","www.microworkers.com","microworkers.com","crowd_market","north"
"2655","worker","www.microworkers.com","microworkers.com","crowd_market","north"
"2656","worker","www.microworkers.com","microworkers.com","crowd_market","north"
"2657","worker","www.microworkers.com","microworkers.com","crowd_market","north"
"2658","worker","www.microworkers.com","microworkers.com","crowd_market","north"
"2659","worker","www.microworkers.com","microworkers.com","crowd_market","north"
"2660","worker","www.microworkers.com","microworkers.com","crowd_market","north"
"2661","worker","www.microworkers.com","microworkers.com","crowd_market","north"
"2662","worker","www.microworkers.com","microworkers.com","crowd_market","north"
"2663","worker","www.microworkers.com","microworkers.com","crowd_market","north"
"2664","worker","www.microworkers.com","microworkers.com","crowd_market","north"
"2665","worker","www.microworkers.com","microworkers.com","crowd_market","north"
"2666","worker","www.microworkers.com","microworkers.com","crowd_market","north"
"2667","worker","www.microworkers.com","microworkers.com","crowd_market","north"
"2668","worker","www.microworkers.com","microworkers.com","crowd_market","north"
"2669","worker","www.microworkers.com","microworkers.com","crowd_market","north"
"2670","worker","www.microworkers.com","microworkers.com","crowd_market","north"
"2671","worker","www.microworkers.com","microworkers.com","crowd_market","north"
"2672","worker","www.microworkers.com","microworkers.com","crowd_market","north"
"2673","worker","www.microworkers.com","microworkers.com","crowd_market","north"
"2674","worker","www.microworkers.com","microworkers.com","crowd_market","north"
"2675","worker","www.microworkers.com","microworkers.com","crowd_market","north"
"2676","worker","www.microworkers.com","microworkers.com","crowd_market","north"
"2677","worker","www.microworkers.com","microworkers.com","crowd_market","north"
"2678","worker","www.oneforma.com","centific","crowd_market","north"
"2679","worker","www.oneforma.com","centific","crowd_market","north"
"2680","worker","www.oneforma.com","centific","crowd_market","north"
"2681","worker","www.oneforma.com","centific","crowd_market","north"
"2682","worker","www.oneforma.com","centific","crowd_market","north"
"2683","worker","www.oneforma.com","centific","crowd_market","north"
"2684","worker","www.oneforma.com","centific","crowd_market","north"
"2685","worker","www.oneforma.com","centific","crowd_market","north"
"2686","worker","www.oneforma.com","centific","crowd_market","north"
"2687","worker","www.oneforma.com","centific","crowd_market","north"
"2688","worker","www.oneforma.com","centific","crowd_market","north"
"2689","worker","www.oneforma.com","centific","crowd_market","north"
"2690","worker","www.oneforma.com","centific","crowd_market","north"
"2691","worker","www.oneforma.com","centific","crowd_market","north"
"2693","worker","www.oneforma.com","centific","crowd_market","north"
"2694","worker","www.oneforma.com","centific","crowd_market","north"
"2696","worker","www.oneforma.com","centific","crowd_market","north"
"2697","worker","www.oneforma.com","centific","crowd_market","north"
"2698","worker","www.oneforma.com","centific","crowd_market","north"
"2699","worker","www.oneforma.com","centific","crowd_market","north"
"2700","worker","www.oneforma.com","centific","crowd_market","north"
"2701","worker","www.oneforma.com","centific","crowd_market","north"
"2702","worker","www.oneforma.com","centific","crowd_market","north"
"2703","worker","www.oneforma.com","centific","crowd_market","north"
"2704","worker","www.oneforma.com","centific","crowd_market","north"
"2705","worker","www.oneforma.com","centific","crowd_market","north"
"2706","worker","www.oneforma.com","centific","crowd_market","north"
"2707","worker","www.oneforma.com","centific","crowd_market","north"
"2708","worker","www.oneforma.com","centific","crowd_market","north"
"2709","worker","www.oneforma.com","centific","crowd_market","north"
"2710","worker","www.oneforma.com","centific","crowd_market","north"
"2711","worker","www.oneforma.com","centific","crowd_market","north"
"2712","worker","www.oneforma.com","centific","crowd_market","north"
"2713","worker","www.oneforma.com","centific","crowd_market","north"
"2714","worker","www.oneforma.com","centific","crowd_market","north"
"2715","worker","www.oneforma.com","centific","crowd_market","north"
"2716","worker","www.oneforma.com","centific","crowd_market","north"
"2717","worker","www.oneforma.com","centific","crowd_market","north"
"2718","worker","www.oneforma.com","centific","crowd_market","north"
"2719","worker","www.oneforma.com","centific","crowd_market","north"
"2720","worker","www.oneforma.com","centific","crowd_market","north"
"2721","worker","www.oneforma.com","centific","crowd_market","north"
"2722","worker","www.oneforma.com","centific","crowd_market","north"
"2723","worker","www.oneforma.com","centific","crowd_market","north"
"2724","worker","www.oneforma.com","centific","crowd_market","north"
"2725","worker","www.oneforma.com","centific","crowd_market","north"
"2726","worker","www.oneforma.com","centific","crowd_market","north"
"2727","worker","www.oneforma.com","centific","crowd_market","north"
"2728","worker","www.oneforma.com","centific","crowd_market","north"
"2729","worker","www.oneforma.com","centific","crowd_market","north"
"2730","worker","www.oneforma.com","centific","crowd_market","north"
"2731","worker","www.oneforma.com","centific","crowd_market","north"
"2732","worker","www.oneforma.com","centific","crowd_market","north"
"2733","worker","www.oneforma.com","centific","crowd_market","north"
"2734","worker","www.oneforma.com","centific","crowd_market","north"
"2735","worker","www.oneforma.com","centific","crowd_market","north"
"2736","worker","www.oneforma.com","centific","crowd_market","north"
"2737","worker","www.oneforma.com","centific","crowd_market","north"
"2738","worker","www.oneforma.com","centific","crowd_market","north"
"2739","worker","www.oneforma.com","centific","crowd_market","north"
"2740","worker","www.oneforma.com","centific","crowd_market","north"
"2741","worker","www.oneforma.com","centific","crowd_market","north"
"2742","worker","www.oneforma.com","centific","crowd_market","north"
"2743","worker","www.oneforma.com","centific","crowd_market","north"
"2744","worker","www.oneforma.com","centific","crowd_market","north"
"2745","worker","www.oneforma.com","centific","crowd_market","north"
"2746","worker","www.oneforma.com","centific","crowd_market","north"
"2747","worker","www.oneforma.com","centific","crowd_market","north"
"2748","worker","www.oneforma.com","centific","crowd_market","north"
"2749","worker","www.oneforma.com","centific","crowd_market","north"
"2750","worker","www.oneforma.com","centific","crowd_market","north"
"2751","worker","www.oneforma.com","centific","crowd_market","north"
"2752","worker","www.oneforma.com","centific","crowd_market","north"
"2753","worker","www.oneforma.com","centific","crowd_market","north"
"2754","worker","www.oneforma.com","centific","crowd_market","north"
"2755","worker","www.oneforma.com","centific","crowd_market","north"
"2756","worker","www.oneforma.com","centific","crowd_market","north"
"2757","worker","www.oneforma.com","centific","crowd_market","north"
"2758","worker","www.oneforma.com","centific","crowd_market","north"
"2759","worker","www.oneforma.com","centific","crowd_market","north"
"2760","worker","www.oneforma.com","centific","crowd_market","north"
"2761","worker","www.oneforma.com","centific","crowd_market","north"
"2762","worker","www.oneforma.com","centific","crowd_market","north"
"2763","worker","www.oneforma.com","centific","crowd_market","north"
"2764","worker","www.oneforma.com","centific","crowd_market","north"
"2765","worker","www.oneforma.com","centific","crowd_market","north"
"2766","worker","www.oneforma.com","centific","crowd_market","north"
"2767","worker","www.oneforma.com","centific","crowd_market","north"
"2768","worker","www.oneforma.com","centific","crowd_market","north"
"2769","worker","www.oneforma.com","centific","crowd_market","north"
"2770","worker","www.oneforma.com","centific","crowd_market","north"
"2771","worker","www.oneforma.com","centific","crowd_market","north"
"2772","worker","www.oneforma.com","centific","crowd_market","north"
"2773","worker","www.oneforma.com","centific","crowd_market","north"
"2774","worker","www.oneforma.com","centific","crowd_market","north"
"2775","worker","www.oneforma.com","centific","crowd_market","north"
"2776","worker","www.oneforma.com","centific","crowd_market","north"
"2777","worker","www.oneforma.com","centific","crowd_market","north"
"2778","worker","www.oneforma.com","centific","crowd_market","north"
"2779","worker","www.oneforma.com","centific","crowd_market","north"
"2780","worker","www.oneforma.com","centific","crowd_market","north"
"2781","worker","www.oneforma.com","centific","crowd_market","north"
"2782","worker","www.oneforma.com","centific","crowd_market","north"
"2783","worker","www.oneforma.com","centific","crowd_market","north"
"2784","worker","www.oneforma.com","centific","crowd_market","north"
"2785","worker","www.oneforma.com","centific","crowd_market","north"
"2786","worker","www.oneforma.com","centific","crowd_market","north"
"2787","worker","www.oneforma.com","centific","crowd_market","north"
"2788","worker","www.oneforma.com","centific","crowd_market","north"
"2789","worker","www.oneforma.com","centific","crowd_market","north"
"2790","worker","www.oneforma.com","centific","crowd_market","north"
"2791","worker","www.oneforma.com","centific","crowd_market","north"
"2792","worker","www.oneforma.com","centific","crowd_market","north"
"2793","worker","www.oneforma.com","centific","crowd_market","north"
"2794","worker","www.oneforma.com","centific","crowd_market","north"
"2795","worker","www.oneforma.com","centific","crowd_market","north"
"2796","worker","www.oneforma.com","centific","crowd_market","north"
"2797","worker","www.oneforma.com","centific","crowd_market","north"
"2798","worker","www.oneforma.com","centific","crowd_market","north"
"2799","worker","www.oneforma.com","centific","crowd_market","north"
"2800","worker","www.oneforma.com","centific","crowd_market","north"
"2801","worker","www.oneforma.com","centific","crowd_market","north"
"2802","worker","www.oneforma.com","centific","crowd_market","north"
"2803","worker","www.oneforma.com","centific","crowd_market","north"
"2804","worker","www.oneforma.com","centific","crowd_market","north"
"2806","worker","www.oneforma.com","centific","crowd_market","north"
"2807","worker","www.oneforma.com","centific","crowd_market","north"
"2808","worker","www.oneforma.com","centific","crowd_market","north"
"2809","worker","www.oneforma.com","centific","crowd_market","north"
"2810","worker","www.oneforma.com","centific","crowd_market","north"
"2812","worker","www.oneforma.com","centific","crowd_market","north"
"2813","worker","www.oneforma.com","centific","crowd_market","north"
"2815","worker","www.oneforma.com","centific","crowd_market","north"
"2819","worker","www.oneforma.com","centific","crowd_market","north"
"2821","worker","www.dataannotation.tech","dataannotation.tech","crowd_market","north"
"2822","worker","www.dataannotation.tech","dataannotation.tech","crowd_market","north"
"2823","worker","www.dataannotation.tech","dataannotation.tech","crowd_market","north"
"2824","worker","www.dataannotation.tech","dataannotation.tech","crowd_market","north"
"2825","worker","www.dataannotation.tech","dataannotation.tech","crowd_market","north"
"2826","worker","www.dataannotation.tech","dataannotation.tech","crowd_market","north"
"2827","worker","www.dataannotation.tech","dataannotation.tech","crowd_market","north"
"2828","worker","www.dataannotation.tech","dataannotation.tech","crowd_market","north"
"2829","worker","www.dataannotation.tech","dataannotation.tech","crowd_market","north"
"2830","worker","www.dataannotation.tech","dataannotation.tech","crowd_market","north"
"2831","worker","www.dataannotation.tech","dataannotation.tech","crowd_market","north"
"2832","worker","www.dataannotation.tech","dataannotation.tech","crowd_market","north"
"2833","worker","www.dataannotation.tech","dataannotation.tech","crowd_market","north"
"2834","worker","www.dataannotation.tech","dataannotation.tech","crowd_market","north"
"2835","worker","www.dataannotation.tech","dataannotation.tech","crowd_market","north"
"2836","worker","www.dataannotation.tech","dataannotation.tech","crowd_market","north"
"2838","worker","www.dataannotation.tech","dataannotation.tech","crowd_market","north"
"2839","worker","www.dataannotation.tech","dataannotation.tech","crowd_market","north"
"2841","worker","www.dataannotation.tech","dataannotation.tech","crowd_market","north"
"2842","worker","www.dataannotation.tech","dataannotation.tech","crowd_market","north"
"2843","worker","www.dataannotation.tech","dataannotation.tech","crowd_market","north"
"2844","worker","www.dataannotation.tech","dataannotation.tech","crowd_market","north"
"2845","worker","www.dataannotation.tech","dataannotation.tech","crowd_market","north"
"2846","worker","www.dataannotation.tech","dataannotation.tech","crowd_market","north"
"2847","worker","www.dataannotation.tech","dataannotation.tech","crowd_market","north"
"2849","worker","www.dataannotation.tech","dataannotation.tech","crowd_market","north"
"2850","worker","www.dataannotation.tech","dataannotation.tech","crowd_market","north"
"2851","worker","www.dataannotation.tech","dataannotation.tech","crowd_market","north"
"2852","worker","www.dataannotation.tech","dataannotation.tech","crowd_market","north"
"2853","worker","www.dataannotation.tech","dataannotation.tech","crowd_market","north"
"2854","worker","www.dataannotation.tech","dataannotation.tech","crowd_market","north"
"2855","worker","www.dataannotation.tech","dataannotation.tech","crowd_market","north"
"2857","worker","www.dataannotation.tech","dataannotation.tech","crowd_market","north"
"2858","worker","www.dataannotation.tech","dataannotation.tech","crowd_market","north"
"2859","worker","www.dataannotation.tech","dataannotation.tech","crowd_market","north"
"2860","worker","www.dataannotation.tech","dataannotation.tech","crowd_market","north"
"2861","worker","www.dataannotation.tech","dataannotation.tech","crowd_market","north"
"2862","worker","www.dataannotation.tech","dataannotation.tech","crowd_market","north"
"2863","worker","www.dataannotation.tech","dataannotation.tech","crowd_market","north"
"2864","worker","www.dataannotation.tech","dataannotation.tech","crowd_market","north"
"2865","worker","www.dataannotation.tech","dataannotation.tech","crowd_market","north"
"2866","worker","www.dataannotation.tech","dataannotation.tech","crowd_market","north"
"2867","worker","www.dataannotation.tech","dataannotation.tech","crowd_market","north"
"2868","worker","www.dataannotation.tech","dataannotation.tech","crowd_market","north"
"2869","worker","www.dataannotation.tech","dataannotation.tech","crowd_market","north"
"2870","worker","www.dataannotation.tech","dataannotation.tech","crowd_market","north"
"2871","worker","www.dataannotation.tech","dataannotation.tech","crowd_market","north"
"2872","worker","www.dataannotation.tech","dataannotation.tech","crowd_market","north"
"2875","worker","www.dataannotation.tech","dataannotation.tech","crowd_market","north"
"2883","worker","www.dataannotation.tech","dataannotation.tech","crowd_market","north"
"2885","worker","www.dataannotation.tech","dataannotation.tech","crowd_market","north"
"2892","worker","www.dataannotation.tech","dataannotation.tech","crowd_market","north"
"2905","worker","www.dataannotation.tech","dataannotation.tech","crowd_market","north"
"2907","worker","www.dataannotation.tech","dataannotation.tech","crowd_market","north"
"2908","worker","www.dataannotation.tech","dataannotation.tech","crowd_market","north"
"2909","worker","www.dataannotation.tech","dataannotation.tech","crowd_market","north"
"2910","worker","www.dataannotation.tech","dataannotation.tech","crowd_market","north"
"2911","worker","www.dataannotation.tech","dataannotation.tech","crowd_market","north"
"2912","worker","www.dataannotation.tech","dataannotation.tech","crowd_market","north"
"2913","worker","www.dataannotation.tech","dataannotation.tech","crowd_market","north"
"2914","worker","www.dataannotation.tech","dataannotation.tech","crowd_market","north"
"2915","worker","www.dataannotation.tech","dataannotation.tech","crowd_market","north"
"2916","worker","www.dataannotation.tech","dataannotation.tech","crowd_market","north"
"2917","worker","www.dataannotation.tech","dataannotation.tech","crowd_market","north"
"2918","worker","www.dataannotation.tech","dataannotation.tech","crowd_market","north"
"2919","worker","www.dataannotation.tech","dataannotation.tech","crowd_market","north"
"2920","worker","www.dataannotation.tech","dataannotation.tech","crowd_market","north"
"2921","worker","www.dataannotation.tech","dataannotation.tech","crowd_market","north"
"2922","worker","www.dataannotation.tech","dataannotation.tech","crowd_market","north"
"2923","worker","www.dataannotation.tech","dataannotation.tech","crowd_market","north"
"2924","worker","www.dataannotation.tech","dataannotation.tech","crowd_market","north"
"2925","worker","www.dataannotation.tech","dataannotation.tech","crowd_market","north"
"2926","worker","www.dataannotation.tech","dataannotation.tech","crowd_market","north"
"2927","worker","www.dataannotation.tech","dataannotation.tech","crowd_market","north"
"2928","worker","www.dataannotation.tech","dataannotation.tech","crowd_market","north"
"2929","worker","www.dataannotation.tech","dataannotation.tech","crowd_market","north"
"2930","worker","www.dataannotation.tech","dataannotation.tech","crowd_market","north"
"2931","worker","www.dataannotation.tech","dataannotation.tech","crowd_market","north"
"2932","worker","www.dataannotation.tech","dataannotation.tech","crowd_market","north"
"2933","worker","www.dataannotation.tech","dataannotation.tech","crowd_market","north"
"2934","worker","www.dataannotation.tech","dataannotation.tech","crowd_market","north"
"2935","worker","www.dataannotation.tech","dataannotation.tech","crowd_market","north"
"2936","worker","www.dataannotation.tech","dataannotation.tech","crowd_market","north"
"2937","worker","www.dataannotation.tech","dataannotation.tech","crowd_market","north"
"2938","worker","www.dataannotation.tech","dataannotation.tech","crowd_market","north"
"2939","worker","www.dataannotation.tech","dataannotation.tech","crowd_market","north"
"2940","worker","www.dataannotation.tech","dataannotation.tech","crowd_market","north"
"2941","worker","www.dataannotation.tech","dataannotation.tech","crowd_market","north"
"2942","worker","www.dataannotation.tech","dataannotation.tech","crowd_market","north"
"2943","worker","www.dataannotation.tech","dataannotation.tech","crowd_market","north"
"2944","worker","www.dataannotation.tech","dataannotation.tech","crowd_market","north"
"2945","worker","www.dataannotation.tech","dataannotation.tech","crowd_market","north"
"2946","worker","www.dataannotation.tech","dataannotation.tech","crowd_market","north"
"2947","worker","www.dataannotation.tech","dataannotation.tech","crowd_market","north"
"2948","worker","www.dataannotation.tech","dataannotation.tech","crowd_market","north"
"2949","worker","www.dataannotation.tech","dataannotation.tech","crowd_market","north"
"2950","worker","www.dataannotation.tech","dataannotation.tech","crowd_market","north"
"2951","worker","www.dataannotation.tech","dataannotation.tech","crowd_market","north"
"2952","worker","www.dataannotation.tech","dataannotation.tech","crowd_market","north"
"2953","worker","www.dataannotation.tech","dataannotation.tech","crowd_market","north"
"2954","worker","www.dataannotation.tech","dataannotation.tech","crowd_market","north"
"2955","worker","www.dataannotation.tech","dataannotation.tech","crowd_market","north"
"2956","worker","www.dataannotation.tech","dataannotation.tech","crowd_market","north"
"2957","worker","www.dataannotation.tech","dataannotation.tech","crowd_market","north"
"2958","worker","www.dataannotation.tech","dataannotation.tech","crowd_market","north"
"2959","worker","www.dataannotation.tech","dataannotation.tech","crowd_market","north"
"2960","worker","www.dataannotation.tech","dataannotation.tech","crowd_market","north"
"2961","worker","www.dataannotation.tech","dataannotation.tech","crowd_market","north"
"2963","worker","www.dataannotation.tech","dataannotation.tech","crowd_market","north"
"2964","worker","www.dataannotation.tech","dataannotation.tech","crowd_market","north"
"2965","worker","www.dataannotation.tech","dataannotation.tech","crowd_market","north"
"2968","worker","www.dataannotation.tech","dataannotation.tech","crowd_market","north"
"2972","worker","www.dataannotation.tech","dataannotation.tech","crowd_market","north"
"2974","worker","www.dataannotation.tech","dataannotation.tech","crowd_market","north"
"2976","worker","www.dataannotation.tech","dataannotation.tech","crowd_market","north"
"2977","worker","www.dataannotation.tech","dataannotation.tech","crowd_market","north"
"2978","worker","www.dataannotation.tech","dataannotation.tech","crowd_market","north"
"2982","worker","www.dataannotation.tech","dataannotation.tech","crowd_market","north"
"2984","worker","www.dataannotation.tech","dataannotation.tech","crowd_market","north"
"2985","worker","www.dataannotation.tech","dataannotation.tech","crowd_market","north"
"2987","worker","www.dataannotation.tech","dataannotation.tech","crowd_market","north"
"2988","worker","www.dataannotation.tech","dataannotation.tech","crowd_market","north"
"2990","worker","www.dataannotation.tech","dataannotation.tech","crowd_market","north"
"2991","worker","www.dataannotation.tech","dataannotation.tech","crowd_market","north"
"2993","worker","www.dataannotation.tech","dataannotation.tech","crowd_market","north"
"2996","worker","www.dataannotation.tech","dataannotation.tech","crowd_market","north"
"2997","worker","www.dataannotation.tech","dataannotation.tech","crowd_market","north"
"2998","worker","www.dataannotation.tech","dataannotation.tech","crowd_market","north"
"3001","worker","www.dataannotation.tech","dataannotation.tech","crowd_market","north"
"3002","worker","www.dataannotation.tech","dataannotation.tech","crowd_market","north"
"3006","worker","www.dataannotation.tech","dataannotation.tech","crowd_market","north"
"3007","worker","www.dataannotation.tech","dataannotation.tech","crowd_market","north"
"3008","worker","www.dataannotation.tech","dataannotation.tech","crowd_market","north"
"3009","worker","www.dataannotation.tech","dataannotation.tech","crowd_market","north"
"3010","worker","www.dataannotation.tech","dataannotation.tech","crowd_market","north"
"3011","worker","www.dataannotation.tech","dataannotation.tech","crowd_market","north"
"3013","worker","www.dataannotation.tech","dataannotation.tech","crowd_market","north"
"3014","worker","www.dataannotation.tech","dataannotation.tech","crowd_market","north"
"3015","worker","www.dataannotation.tech","dataannotation.tech","crowd_market","north"
"3016","worker","outlier.ai","outlier.ai","enterprise_bpo","north"
"3017","worker","outlier.ai","outlier.ai","enterprise_bpo","north"
"3018","worker","outlier.ai","outlier.ai","enterprise_bpo","north"
"3019","worker","outlier.ai","outlier.ai","enterprise_bpo","north"
"3020","worker","outlier.ai","outlier.ai","enterprise_bpo","north"
"3022","worker","outlier.ai","outlier.ai","enterprise_bpo","north"
"3023","worker","outlier.ai","outlier.ai","enterprise_bpo","north"
"3024","worker","outlier.ai","outlier.ai","enterprise_bpo","north"
"3025","worker","outlier.ai","outlier.ai","enterprise_bpo","north"
"3026","worker","outlier.ai","outlier.ai","enterprise_bpo","north"
"3027","worker","outlier.ai","outlier.ai","enterprise_bpo","north"
"3028","worker","outlier.ai","outlier.ai","enterprise_bpo","north"
"3030","worker","outlier.ai","outlier.ai","enterprise_bpo","north"
"3031","worker","outlier.ai","outlier.ai","enterprise_bpo","north"
"3032","worker","outlier.ai","outlier.ai","enterprise_bpo","north"
"3033","worker","outlier.ai","outlier.ai","enterprise_bpo","north"
"3039","worker","outlier.ai","outlier.ai","enterprise_bpo","north"
"3040","worker","outlier.ai","outlier.ai","enterprise_bpo","north"
"3041","worker","outlier.ai","outlier.ai","enterprise_bpo","north"
"3045","worker","outlier.ai","outlier.ai","enterprise_bpo","north"
"3046","worker","outlier.ai","outlier.ai","enterprise_bpo","north"
"3047","worker","outlier.ai","outlier.ai","enterprise_bpo","north"
"3048","worker","outlier.ai","outlier.ai","enterprise_bpo","north"
"3049","worker","outlier.ai","outlier.ai","enterprise_bpo","north"
"3050","worker","outlier.ai","outlier.ai","enterprise_bpo","north"
"3051","worker","outlier.ai","outlier.ai","enterprise_bpo","north"
"3052","worker","outlier.ai","outlier.ai","enterprise_bpo","north"
"3053","worker","outlier.ai","outlier.ai","enterprise_bpo","north"
"3054","worker","outlier.ai","outlier.ai","enterprise_bpo","north"
"3055","worker","outlier.ai","outlier.ai","enterprise_bpo","north"
"3056","worker","outlier.ai","outlier.ai","enterprise_bpo","north"
"3057","worker","outlier.ai","outlier.ai","enterprise_bpo","north"
"3058","worker","outlier.ai","outlier.ai","enterprise_bpo","north"
"3059","worker","outlier.ai","outlier.ai","enterprise_bpo","north"
"3060","worker","outlier.ai","outlier.ai","enterprise_bpo","north"
"3061","worker","outlier.ai","outlier.ai","enterprise_bpo","north"
"3062","worker","outlier.ai","outlier.ai","enterprise_bpo","north"
"3063","worker","outlier.ai","outlier.ai","enterprise_bpo","north"
"3064","worker","outlier.ai","outlier.ai","enterprise_bpo","north"
"3065","worker","outlier.ai","outlier.ai","enterprise_bpo","north"
"3067","worker","outlier.ai","outlier.ai","enterprise_bpo","north"
"3068","worker","outlier.ai","outlier.ai","enterprise_bpo","north"
"3069","worker","outlier.ai","outlier.ai","enterprise_bpo","north"
"3070","worker","outlier.ai","outlier.ai","enterprise_bpo","north"
"3071","worker","outlier.ai","outlier.ai","enterprise_bpo","north"
"3072","worker","outlier.ai","outlier.ai","enterprise_bpo","north"
"3073","worker","outlier.ai","outlier.ai","enterprise_bpo","north"
"3074","worker","outlier.ai","outlier.ai","enterprise_bpo","north"
"3075","worker","outlier.ai","outlier.ai","enterprise_bpo","north"
"3076","worker","outlier.ai","outlier.ai","enterprise_bpo","north"
"3077","worker","outlier.ai","outlier.ai","enterprise_bpo","north"
"3078","worker","outlier.ai","outlier.ai","enterprise_bpo","north"
"3079","worker","outlier.ai","outlier.ai","enterprise_bpo","north"
"3080","worker","outlier.ai","outlier.ai","enterprise_bpo","north"
"3081","worker","outlier.ai","outlier.ai","enterprise_bpo","north"
"3082","worker","outlier.ai","outlier.ai","enterprise_bpo","north"
"3083","worker","outlier.ai","outlier.ai","enterprise_bpo","north"
"3084","worker","outlier.ai","outlier.ai","enterprise_bpo","north"
"3085","worker","outlier.ai","outlier.ai","enterprise_bpo","north"
"3086","worker","outlier.ai","outlier.ai","enterprise_bpo","north"
"3087","worker","outlier.ai","outlier.ai","enterprise_bpo","north"
"3088","worker","outlier.ai","outlier.ai","enterprise_bpo","north"
"3089","worker","outlier.ai","outlier.ai","enterprise_bpo","north"
"3090","worker","outlier.ai","outlier.ai","enterprise_bpo","north"
"3091","worker","outlier.ai","outlier.ai","enterprise_bpo","north"
"3092","worker","outlier.ai","outlier.ai","enterprise_bpo","north"
"3093","worker","outlier.ai","outlier.ai","enterprise_bpo","north"
"3094","worker","outlier.ai","outlier.ai","enterprise_bpo","north"
"3095","worker","outlier.ai","outlier.ai","enterprise_bpo","north"
"3096","worker","outlier.ai","outlier.ai","enterprise_bpo","north"
"3097","worker","outlier.ai","outlier.ai","enterprise_bpo","north"
"3098","worker","outlier.ai","outlier.ai","enterprise_bpo","north"
"3099","worker","outlier.ai","outlier.ai","enterprise_bpo","north"
"3100","worker","outlier.ai","outlier.ai","enterprise_bpo","north"
"3101","worker","outlier.ai","outlier.ai","enterprise_bpo","north"
"3102","worker","outlier.ai","outlier.ai","enterprise_bpo","north"
"3104","worker","outlier.ai","outlier.ai","enterprise_bpo","north"
"3105","worker","outlier.ai","outlier.ai","enterprise_bpo","north"
"3106","worker","outlier.ai","outlier.ai","enterprise_bpo","north"
"3107","worker","outlier.ai","outlier.ai","enterprise_bpo","north"
"3109","worker","outlier.ai","outlier.ai","enterprise_bpo","north"
"3114","worker","outlier.ai","outlier.ai","enterprise_bpo","north"
"3116","worker","outlier.ai","outlier.ai","enterprise_bpo","north"
"3117","worker","outlier.ai","outlier.ai","enterprise_bpo","north"
"3120","worker","outlier.ai","outlier.ai","enterprise_bpo","north"
"3121","worker","outlier.ai","outlier.ai","enterprise_bpo","north"
"3124","worker","outlier.ai","outlier.ai","enterprise_bpo","north"
"3125","worker","outlier.ai","outlier.ai","enterprise_bpo","north"
"3136","worker","outlier.ai","outlier.ai","enterprise_bpo","north"
"3137","worker","outlier.ai","outlier.ai","enterprise_bpo","north"
"3138","worker","outlier.ai","outlier.ai","enterprise_bpo","north"
"3141","worker","outlier.ai","outlier.ai","enterprise_bpo","north"
"3144","worker","outlier.ai","outlier.ai","enterprise_bpo","north"
"3145","worker","outlier.ai","outlier.ai","enterprise_bpo","north"
"3150","worker","outlier.ai","outlier.ai","enterprise_bpo","north"
"3196","worker","outlier.ai","outlier.ai","enterprise_bpo","north"
"3211","worker","outlier.ai","outlier.ai","enterprise_bpo","north"
"3212","worker","outlier.ai","outlier.ai","enterprise_bpo","north"
"3213","worker","outlier.ai","outlier.ai","enterprise_bpo","north"
"3216","worker","outlier.ai","outlier.ai","enterprise_bpo","north"
"3219","worker","outlier.ai","outlier.ai","enterprise_bpo","north"
"3223","worker","outlier.ai","outlier.ai","enterprise_bpo","north"
"3243","worker","outlier.ai","outlier.ai","enterprise_bpo","north"
"3244","both","www.mturk.com","mturk.com","crowd_market","north"
"3245","both","www.prolific.com","prolific.com","crowd_market","north"
"3246","both","www.prolific.com","prolific.com","crowd_market","north"
"3247","both","www.prolific.com","prolific.com","crowd_market","north"
"3248","both","www.prolific.com","prolific.com","crowd_market","north"
"3249","both","www.prolific.com","prolific.com","crowd_market","north"
"3250","both","www.prolific.com","prolific.com","crowd_market","north"
"3251","both","www.prolific.com","prolific.com","crowd_market","north"
"3252","both","www.prolific.com","prolific.com","crowd_market","north"
"3253","both","www.prolific.com","prolific.com","crowd_market","north"
"3254","both","www.prolific.com","prolific.com","crowd_market","north"
"3255","both","www.prolific.com","prolific.com","crowd_market","north"
"3257","both","www.prolific.com","prolific.com","crowd_market","north"
"3258","both","www.prolific.com","prolific.com","crowd_market","north"
"3259","both","www.prolific.com","prolific.com","crowd_market","north"
"3260","both","www.prolific.com","prolific.com","crowd_market","north"
"3261","both","www.prolific.com","prolific.com","crowd_market","north"
"3262","both","www.prolific.com","prolific.com","crowd_market","north"
"3263","both","www.prolific.com","prolific.com","crowd_market","north"
"3264","both","www.prolific.com","prolific.com","crowd_market","north"
"3265","both","www.prolific.com","prolific.com","crowd_market","north"
"3266","both","www.prolific.com","prolific.com","crowd_market","north"
"3267","both","www.prolific.com","prolific.com","crowd_market","north"
"3268","both","www.prolific.com","prolific.com","crowd_market","north"
"3269","both","www.prolific.com","prolific.com","crowd_market","north"
"3270","both","www.prolific.com","prolific.com","crowd_market","north"
"3272","both","www.prolific.com","prolific.com","crowd_market","north"
"3273","both","www.prolific.com","prolific.com","crowd_market","north"
"3274","both","www.prolific.com","prolific.com","crowd_market","north"
"3276","both","www.prolific.com","prolific.com","crowd_market","north"
"3277","both","www.prolific.com","prolific.com","crowd_market","north"
"3278","both","www.prolific.com","prolific.com","crowd_market","north"
"3280","both","www.prolific.com","prolific.com","crowd_market","north"
"3281","both","www.prolific.com","prolific.com","crowd_market","north"
"3282","both","www.prolific.com","prolific.com","crowd_market","north"
"3283","both","www.prolific.com","prolific.com","crowd_market","north"
"3284","both","www.prolific.com","prolific.com","crowd_market","north"
"3285","both","www.prolific.com","prolific.com","crowd_market","north"
"3286","both","www.prolific.com","prolific.com","crowd_market","north"
"3287","both","www.prolific.com","prolific.com","crowd_market","north"
"3288","both","www.prolific.com","prolific.com","crowd_market","north"
"3289","both","www.prolific.com","prolific.com","crowd_market","north"
"3290","both","www.prolific.com","prolific.com","crowd_market","north"
"3291","both","www.prolific.com","prolific.com","crowd_market","north"
"3292","both","www.prolific.com","prolific.com","crowd_market","north"
"3293","both","www.prolific.com","prolific.com","crowd_market","north"
"3294","both","www.prolific.com","prolific.com","crowd_market","north"
"3296","both","www.prolific.com","prolific.com","crowd_market","north"
"3297","both","www.prolific.com","prolific.com","crowd_market","north"
"3298","both","www.prolific.com","prolific.com","crowd_market","north"
"3299","both","www.prolific.com","prolific.com","crowd_market","north"
"3300","both","www.prolific.com","prolific.com","crowd_market","north"
"3301","both","www.prolific.com","prolific.com","crowd_market","north"
"3302","both","www.prolific.com","prolific.com","crowd_market","north"
"3304","both","www.prolific.com","prolific.com","crowd_market","north"
"3306","both","www.prolific.com","prolific.com","crowd_market","north"
"3307","both","www.prolific.com","prolific.com","crowd_market","north"
"3308","both","www.prolific.com","prolific.com","crowd_market","north"
"3309","both","www.prolific.com","prolific.com","crowd_market","north"
"3310","both","www.prolific.com","prolific.com","crowd_market","north"
"3311","both","www.prolific.com","prolific.com","crowd_market","north"
"3312","both","www.prolific.com","prolific.com","crowd_market","north"
"3313","both","www.prolific.com","prolific.com","crowd_market","north"
"3314","both","www.prolific.com","prolific.com","crowd_market","north"
"3315","both","www.prolific.com","prolific.com","crowd_market","north"
"3316","both","www.prolific.com","prolific.com","crowd_market","north"
"3317","both","www.prolific.com","prolific.com","crowd_market","north"
"3318","both","www.prolific.com","prolific.com","crowd_market","north"
"3319","both","www.prolific.com","prolific.com","crowd_market","north"
"3320","both","www.prolific.com","prolific.com","crowd_market","north"
"3322","both","www.prolific.com","prolific.com","crowd_market","north"
"3323","both","www.prolific.com","prolific.com","crowd_market","north"
"3324","both","www.prolific.com","prolific.com","crowd_market","north"
"3325","both","www.prolific.com","prolific.com","crowd_market","north"
"3326","both","www.prolific.com","prolific.com","crowd_market","north"
"3327","both","www.prolific.com","prolific.com","crowd_market","north"
"3328","both","www.prolific.com","prolific.com","crowd_market","north"
"3329","both","www.prolific.com","prolific.com","crowd_market","north"
"3330","both","www.prolific.com","prolific.com","crowd_market","north"
"3331","both","www.prolific.com","prolific.com","crowd_market","north"
"3332","both","www.prolific.com","prolific.com","crowd_market","north"
"3333","both","www.prolific.com","prolific.com","crowd_market","north"
"3334","both","www.prolific.com","prolific.com","crowd_market","north"
"3335","both","www.prolific.com","prolific.com","crowd_market","north"
"3336","both","www.prolific.com","prolific.com","crowd_market","north"
"3337","both","www.prolific.com","prolific.com","crowd_market","north"
"3338","both","www.prolific.com","prolific.com","crowd_market","north"
"3339","both","www.prolific.com","prolific.com","crowd_market","north"
"3340","both","www.prolific.com","prolific.com","crowd_market","north"
"3341","both","www.prolific.com","prolific.com","crowd_market","north"
"3342","both","www.prolific.com","prolific.com","crowd_market","north"
"3343","both","www.prolific.com","prolific.com","crowd_market","north"
"3344","both","www.prolific.com","prolific.com","crowd_market","north"
"3345","both","www.prolific.com","prolific.com","crowd_market","north"
"3346","both","www.prolific.com","prolific.com","crowd_market","north"
"3347","both","www.prolific.com","prolific.com","crowd_market","north"
"3348","both","www.prolific.com","prolific.com","crowd_market","north"
"3349","both","www.prolific.com","prolific.com","crowd_market","north"
"3350","both","www.prolific.com","prolific.com","crowd_market","north"
"3351","both","www.prolific.com","prolific.com","crowd_market","north"
"3352","both","www.prolific.com","prolific.com","crowd_market","north"
"3353","both","www.prolific.com","prolific.com","crowd_market","north"
"3354","both","www.prolific.com","prolific.com","crowd_market","north"
"3355","both","www.prolific.com","prolific.com","crowd_market","north"
"3356","both","www.prolific.com","prolific.com","crowd_market","north"
"3357","both","www.prolific.com","prolific.com","crowd_market","north"
"3358","both","www.prolific.com","prolific.com","crowd_market","north"
"3359","both","www.prolific.com","prolific.com","crowd_market","north"
"3360","both","www.prolific.com","prolific.com","crowd_market","north"
"3361","both","www.prolific.com","prolific.com","crowd_market","north"
"3362","both","www.prolific.com","prolific.com","crowd_market","north"
"3363","both","www.prolific.com","prolific.com","crowd_market","north"
"3364","both","www.prolific.com","prolific.com","crowd_market","north"
"3365","both","www.prolific.com","prolific.com","crowd_market","north"
"3366","both","www.prolific.com","prolific.com","crowd_market","north"
"3367","both","www.prolific.com","prolific.com","crowd_market","north"
"3368","both","www.prolific.com","prolific.com","crowd_market","north"
"3369","both","www.prolific.com","prolific.com","crowd_market","north"
"3370","both","www.prolific.com","prolific.com","crowd_market","north"
"3371","both","www.prolific.com","prolific.com","crowd_market","north"
"3372","both","www.prolific.com","prolific.com","crowd_market","north"
"3373","both","www.prolific.com","prolific.com","crowd_market","north"
"3374","both","www.prolific.com","prolific.com","crowd_market","north"
"3375","both","www.prolific.com","prolific.com","crowd_market","north"
"3376","both","www.prolific.com","prolific.com","crowd_market","north"
"3377","both","www.prolific.com","prolific.com","crowd_market","north"
"3378","both","www.prolific.com","prolific.com","crowd_market","north"
"3379","both","www.prolific.com","prolific.com","crowd_market","north"
"3380","both","www.prolific.com","prolific.com","crowd_market","north"
"3381","both","www.prolific.com","prolific.com","crowd_market","north"
"3382","both","www.prolific.com","prolific.com","crowd_market","north"
"3383","both","www.prolific.com","prolific.com","crowd_market","north"
"3384","both","www.prolific.com","prolific.com","crowd_market","north"
"3385","both","www.prolific.com","prolific.com","crowd_market","north"
"3386","both","www.prolific.com","prolific.com","crowd_market","north"
"3387","both","www.prolific.com","prolific.com","crowd_market","north"
"3388","both","www.prolific.com","prolific.com","crowd_market","north"
"3389","both","www.prolific.com","prolific.com","crowd_market","north"
"3390","both","www.prolific.com","prolific.com","crowd_market","north"
"3391","both","www.prolific.com","prolific.com","crowd_market","north"
"3392","both","www.prolific.com","prolific.com","crowd_market","north"
"3393","both","www.prolific.com","prolific.com","crowd_market","north"
"3394","both","www.prolific.com","prolific.com","crowd_market","north"
"3395","both","www.prolific.com","prolific.com","crowd_market","north"
"3396","both","www.prolific.com","prolific.com","crowd_market","north"
"3397","both","www.prolific.com","prolific.com","crowd_market","north"
"3398","both","www.prolific.com","prolific.com","crowd_market","north"
"3399","both","www.prolific.com","prolific.com","crowd_market","north"
"3400","both","www.prolific.com","prolific.com","crowd_market","north"
"3401","both","www.prolific.com","prolific.com","crowd_market","north"
"3402","both","www.prolific.com","prolific.com","crowd_market","north"
"3403","both","www.prolific.com","prolific.com","crowd_market","north"
"3404","both","www.prolific.com","prolific.com","crowd_market","north"
"3405","both","www.prolific.com","prolific.com","crowd_market","north"
"3406","both","www.prolific.com","prolific.com","crowd_market","north"
"3407","both","www.prolific.com","prolific.com","crowd_market","north"
"3408","both","www.prolific.com","prolific.com","crowd_market","north"
"3409","both","www.prolific.com","prolific.com","crowd_market","north"
"3410","both","www.prolific.com","prolific.com","crowd_market","north"
"3411","both","www.prolific.com","prolific.com","crowd_market","north"
"3412","both","www.prolific.com","prolific.com","crowd_market","north"
"3413","both","www.prolific.com","prolific.com","crowd_market","north"
"3414","both","www.prolific.com","prolific.com","crowd_market","north"
"3415","both","www.prolific.com","prolific.com","crowd_market","north"
"3416","both","www.prolific.com","prolific.com","crowd_market","north"
"3417","both","www.prolific.com","prolific.com","crowd_market","north"
"3418","both","www.prolific.com","prolific.com","crowd_market","north"
"3419","both","www.prolific.com","prolific.com","crowd_market","north"
"3420","both","www.prolific.com","prolific.com","crowd_market","north"
"3421","both","www.prolific.com","prolific.com","crowd_market","north"
"3422","both","www.prolific.com","prolific.com","crowd_market","north"
"3423","both","www.prolific.com","prolific.com","crowd_market","north"
"3424","both","www.prolific.com","prolific.com","crowd_market","north"
"3425","both","www.prolific.com","prolific.com","crowd_market","north"
"3426","both","www.prolific.com","prolific.com","crowd_market","north"
"3427","both","www.prolific.com","prolific.com","crowd_market","north"
"3428","both","www.prolific.com","prolific.com","crowd_market","north"
"3429","both","www.prolific.com","prolific.com","crowd_market","north"
"3430","both","www.prolific.com","prolific.com","crowd_market","north"
"3431","both","www.prolific.com","prolific.com","crowd_market","north"
"3432","both","www.prolific.com","prolific.com","crowd_market","north"
"3433","both","www.prolific.com","prolific.com","crowd_market","north"
"3434","both","www.prolific.com","prolific.com","crowd_market","north"
"3435","both","www.prolific.com","prolific.com","crowd_market","north"
"3436","both","www.prolific.com","prolific.com","crowd_market","north"
"3437","both","www.prolific.com","prolific.com","crowd_market","north"
"3438","both","www.prolific.com","prolific.com","crowd_market","north"
"3439","both","www.prolific.com","prolific.com","crowd_market","north"
"3440","both","www.prolific.com","prolific.com","crowd_market","north"
"3441","both","www.prolific.com","prolific.com","crowd_market","north"
"3442","both","www.prolific.com","prolific.com","crowd_market","north"
"3443","both","www.prolific.com","prolific.com","crowd_market","north"
"3444","both","www.prolific.com","prolific.com","crowd_market","north"
"3445","both","www.prolific.com","prolific.com","crowd_market","north"
"3446","both","www.prolific.com","prolific.com","crowd_market","north"
"3447","both","www.prolific.com","prolific.com","crowd_market","north"
"3448","both","www.prolific.com","prolific.com","crowd_market","north"
"3449","both","www.prolific.com","prolific.com","crowd_market","north"
"3450","both","www.prolific.com","prolific.com","crowd_market","north"
"3451","both","www.prolific.com","prolific.com","crowd_market","north"
"3452","both","www.prolific.com","prolific.com","crowd_market","north"
"3453","both","www.prolific.com","prolific.com","crowd_market","north"
"3454","both","www.prolific.com","prolific.com","crowd_market","north"
"3455","both","www.prolific.com","prolific.com","crowd_market","north"
"3456","both","www.prolific.com","prolific.com","crowd_market","north"
"3457","both","www.prolific.com","prolific.com","crowd_market","north"
"3458","both","www.prolific.com","prolific.com","crowd_market","north"
"3459","both","www.prolific.com","prolific.com","crowd_market","north"
"3460","both","www.prolific.com","prolific.com","crowd_market","north"
"3461","both","www.prolific.com","prolific.com","crowd_market","north"
"3462","both","www.prolific.com","prolific.com","crowd_market","north"
"3463","both","www.prolific.com","prolific.com","crowd_market","north"
"3464","both","www.prolific.com","prolific.com","crowd_market","north"
"3465","both","www.prolific.com","prolific.com","crowd_market","north"
"3466","both","www.prolific.com","prolific.com","crowd_market","north"
"3467","both","www.prolific.com","prolific.com","crowd_market","north"
"3468","both","www.prolific.com","prolific.com","crowd_market","north"
"3469","both","www.prolific.com","prolific.com","crowd_market","north"
"3470","both","www.prolific.com","prolific.com","crowd_market","north"
"3471","both","www.prolific.com","prolific.com","crowd_market","north"
"3472","both","www.prolific.com","prolific.com","crowd_market","north"
"3473","both","www.prolific.com","prolific.com","crowd_market","north"
"3474","both","www.prolific.com","prolific.com","crowd_market","north"
"3475","both","www.prolific.com","prolific.com","crowd_market","north"
"3476","both","www.prolific.com","prolific.com","crowd_market","north"
"3477","both","www.prolific.com","prolific.com","crowd_market","north"
"3478","both","www.prolific.com","prolific.com","crowd_market","north"
"3479","both","www.prolific.com","prolific.com","crowd_market","north"
"3480","both","www.prolific.com","prolific.com","crowd_market","north"
"3481","both","www.prolific.com","prolific.com","crowd_market","north"
"3482","both","www.prolific.com","prolific.com","crowd_market","north"
"3483","both","www.prolific.com","prolific.com","crowd_market","north"
"3484","both","www.prolific.com","prolific.com","crowd_market","north"
"3485","both","www.prolific.com","prolific.com","crowd_market","north"
"3486","both","www.prolific.com","prolific.com","crowd_market","north"
"3487","both","www.prolific.com","prolific.com","crowd_market","north"
"3488","both","www.prolific.com","prolific.com","crowd_market","north"
"3489","both","www.prolific.com","prolific.com","crowd_market","north"
"3490","both","www.prolific.com","prolific.com","crowd_market","north"
"3491","both","www.prolific.com","prolific.com","crowd_market","north"
"3492","both","www.prolific.com","prolific.com","crowd_market","north"
"3493","both","www.prolific.com","prolific.com","crowd_market","north"
"3494","both","www.prolific.com","prolific.com","crowd_market","north"
"3495","both","www.prolific.com","prolific.com","crowd_market","north"
"3496","both","www.prolific.com","prolific.com","crowd_market","north"
"3497","both","www.prolific.com","prolific.com","crowd_market","north"
"3498","both","www.prolific.com","prolific.com","crowd_market","north"
"3499","both","www.prolific.com","prolific.com","crowd_market","north"
"3500","both","www.prolific.com","prolific.com","crowd_market","north"
"3501","both","www.prolific.com","prolific.com","crowd_market","north"
"3502","both","www.prolific.com","prolific.com","crowd_market","north"
"3503","both","www.prolific.com","prolific.com","crowd_market","north"
"3504","both","www.prolific.com","prolific.com","crowd_market","north"
"3505","both","www.prolific.com","prolific.com","crowd_market","north"
"3506","both","www.prolific.com","prolific.com","crowd_market","north"
"3507","both","www.prolific.com","prolific.com","crowd_market","north"
"3508","both","www.prolific.com","prolific.com","crowd_market","north"
"3509","both","www.prolific.com","prolific.com","crowd_market","north"
"3510","both","www.prolific.com","prolific.com","crowd_market","north"
"3511","both","www.prolific.com","prolific.com","crowd_market","north"
"3512","both","www.prolific.com","prolific.com","crowd_market","north"
"3513","both","www.prolific.com","prolific.com","crowd_market","north"
"3514","both","www.prolific.com","prolific.com","crowd_market","north"
"3515","both","www.prolific.com","prolific.com","crowd_market","north"
"3516","both","www.prolific.com","prolific.com","crowd_market","north"
"3517","both","www.prolific.com","prolific.com","crowd_market","north"
"3518","both","www.prolific.com","prolific.com","crowd_market","north"
"3519","both","www.prolific.com","prolific.com","crowd_market","north"
"3520","both","www.prolific.com","prolific.com","crowd_market","north"
"3521","both","www.prolific.com","prolific.com","crowd_market","north"
"3522","both","www.prolific.com","prolific.com","crowd_market","north"
"3523","both","www.prolific.com","prolific.com","crowd_market","north"
"3524","both","www.prolific.com","prolific.com","crowd_market","north"
"3525","both","www.prolific.com","prolific.com","crowd_market","north"
"3526","both","www.prolific.com","prolific.com","crowd_market","north"
"3527","both","www.prolific.com","prolific.com","crowd_market","north"
"3528","both","www.prolific.com","prolific.com","crowd_market","north"
"3529","both","www.prolific.com","prolific.com","crowd_market","north"
"3530","both","www.prolific.com","prolific.com","crowd_market","north"
"3531","both","www.prolific.com","prolific.com","crowd_market","north"
"3532","both","www.prolific.com","prolific.com","crowd_market","north"
"3533","both","www.prolific.com","prolific.com","crowd_market","north"
"3534","both","www.prolific.com","prolific.com","crowd_market","north"
"3535","both","www.prolific.com","prolific.com","crowd_market","north"
"3536","both","www.prolific.com","prolific.com","crowd_market","north"
"3537","both","www.prolific.com","prolific.com","crowd_market","north"
"3538","both","www.prolific.com","prolific.com","crowd_market","north"
"3539","both","www.prolific.com","prolific.com","crowd_market","north"
"3540","both","www.prolific.com","prolific.com","crowd_market","north"
"3541","both","www.prolific.com","prolific.com","crowd_market","north"
"3542","both","www.prolific.com","prolific.com","crowd_market","north"
"3543","both","www.prolific.com","prolific.com","crowd_market","north"
"3544","both","www.prolific.com","prolific.com","crowd_market","north"
"3545","both","www.prolific.com","prolific.com","crowd_market","north"
"3546","both","www.prolific.com","prolific.com","crowd_market","north"
"3547","both","www.prolific.com","prolific.com","crowd_market","north"
"3548","both","www.prolific.com","prolific.com","crowd_market","north"
"3549","both","www.prolific.com","prolific.com","crowd_market","north"
"3550","both","www.prolific.com","prolific.com","crowd_market","north"
"3551","both","www.prolific.com","prolific.com","crowd_market","north"
"3552","both","www.prolific.com","prolific.com","crowd_market","north"
"3553","both","www.prolific.com","prolific.com","crowd_market","north"
"3554","both","www.prolific.com","prolific.com","crowd_market","north"
"3555","both","www.prolific.com","prolific.com","crowd_market","north"
"3556","both","www.prolific.com","prolific.com","crowd_market","north"
"3557","both","www.prolific.com","prolific.com","crowd_market","north"
"3558","both","www.prolific.com","prolific.com","crowd_market","north"
"3559","both","www.prolific.com","prolific.com","crowd_market","north"
"3560","both","www.prolific.com","prolific.com","crowd_market","north"
"3561","both","www.prolific.com","prolific.com","crowd_market","north"
"3562","both","www.prolific.com","prolific.com","crowd_market","north"
"3563","both","www.prolific.com","prolific.com","crowd_market","north"
"3564","both","www.prolific.com","prolific.com","crowd_market","north"
"3565","both","www.prolific.com","prolific.com","crowd_market","north"
"3566","both","www.prolific.com","prolific.com","crowd_market","north"
"3567","both","www.prolific.com","prolific.com","crowd_market","north"
"3568","both","www.prolific.com","prolific.com","crowd_market","north"
"3569","both","www.prolific.com","prolific.com","crowd_market","north"
"3570","both","www.prolific.com","prolific.com","crowd_market","north"
"3571","both","www.prolific.com","prolific.com","crowd_market","north"
"3572","both","www.prolific.com","prolific.com","crowd_market","north"
"3573","both","www.prolific.com","prolific.com","crowd_market","north"
"3574","both","www.prolific.com","prolific.com","crowd_market","north"
"3575","both","www.prolific.com","prolific.com","crowd_market","north"
"3576","both","www.prolific.com","prolific.com","crowd_market","north"
"3577","both","www.prolific.com","prolific.com","crowd_market","north"
"3578","both","www.prolific.com","prolific.com","crowd_market","north"
"3579","both","www.prolific.com","prolific.com","crowd_market","north"
"3580","both","www.prolific.com","prolific.com","crowd_market","north"
"3581","both","www.prolific.com","prolific.com","crowd_market","north"
"3582","both","www.prolific.com","prolific.com","crowd_market","north"
"3583","both","www.prolific.com","prolific.com","crowd_market","north"
"3584","both","www.prolific.com","prolific.com","crowd_market","north"
"3585","both","www.prolific.com","prolific.com","crowd_market","north"
"3586","both","www.prolific.com","prolific.com","crowd_market","north"
"3587","both","www.prolific.com","prolific.com","crowd_market","north"
"3588","both","www.prolific.com","prolific.com","crowd_market","north"
"3589","both","www.prolific.com","prolific.com","crowd_market","north"
"3590","both","www.prolific.com","prolific.com","crowd_market","north"
"3591","both","www.prolific.com","prolific.com","crowd_market","north"
"3592","both","www.prolific.com","prolific.com","crowd_market","north"
"3593","both","www.prolific.com","prolific.com","crowd_market","north"
"3594","both","www.prolific.com","prolific.com","crowd_market","north"
"3595","both","www.prolific.com","prolific.com","crowd_market","north"
"3596","both","www.prolific.com","prolific.com","crowd_market","north"
"3597","both","www.prolific.com","prolific.com","crowd_market","north"
"3598","both","www.prolific.com","prolific.com","crowd_market","north"
"3599","both","www.prolific.com","prolific.com","crowd_market","north"
"3600","both","www.prolific.com","prolific.com","crowd_market","north"
"3601","both","www.prolific.com","prolific.com","crowd_market","north"
"3602","both","www.prolific.com","prolific.com","crowd_market","north"
"3603","both","www.prolific.com","prolific.com","crowd_market","north"
"3604","both","www.prolific.com","prolific.com","crowd_market","north"
"3605","both","www.prolific.com","prolific.com","crowd_market","north"
"3606","both","www.prolific.com","prolific.com","crowd_market","north"
"3607","both","www.prolific.com","prolific.com","crowd_market","north"
"3608","both","www.prolific.com","prolific.com","crowd_market","north"
"3609","both","www.prolific.com","prolific.com","crowd_market","north"
"3610","both","www.prolific.com","prolific.com","crowd_market","north"
"3611","both","www.prolific.com","prolific.com","crowd_market","north"
"3612","both","www.prolific.com","prolific.com","crowd_market","north"
"3613","both","www.prolific.com","prolific.com","crowd_market","north"
"3614","both","www.prolific.com","prolific.com","crowd_market","north"
"3615","both","www.prolific.com","prolific.com","crowd_market","north"
"3616","both","www.prolific.com","prolific.com","crowd_market","north"
"3617","both","www.prolific.com","prolific.com","crowd_market","north"
"3618","both","www.prolific.com","prolific.com","crowd_market","north"
"3619","both","www.prolific.com","prolific.com","crowd_market","north"
"3620","both","www.prolific.com","prolific.com","crowd_market","north"
"3621","both","www.prolific.com","prolific.com","crowd_market","north"
"3622","both","www.prolific.com","prolific.com","crowd_market","north"
"3623","client","surgehq.ai","surgehq.ai","enterprise_bpo","north"
"3624","client","defined.ai","defined.ai","enterprise_bpo","south"
"3625","client","defined.ai","defined.ai","enterprise_bpo","south"
"3626","client","defined.ai","defined.ai","enterprise_bpo","south"
"3627","client","defined.ai","defined.ai","enterprise_bpo","south"
"3628","client","defined.ai","defined.ai","enterprise_bpo","south"
"3629","client","defined.ai","defined.ai","enterprise_bpo","south"
"3630","client","defined.ai","defined.ai","enterprise_bpo","south"
"3631","client","defined.ai","defined.ai","enterprise_bpo","south"
"3632","client","defined.ai","defined.ai","enterprise_bpo","south"
"3633","client","defined.ai","defined.ai","enterprise_bpo","south"
"3634","client","defined.ai","defined.ai","enterprise_bpo","south"
"3635","client","defined.ai","defined.ai","enterprise_bpo","south"
"3636","client","defined.ai","defined.ai","enterprise_bpo","south"
"3637","client","defined.ai","defined.ai","enterprise_bpo","south"
"3638","client","defined.ai","defined.ai","enterprise_bpo","south"
"3639","client","defined.ai","defined.ai","enterprise_bpo","south"
"3640","client","defined.ai","defined.ai","enterprise_bpo","south"
"3641","client","defined.ai","defined.ai","enterprise_bpo","south"
"3642","client","defined.ai","defined.ai","enterprise_bpo","south"
"3643","client","defined.ai","defined.ai","enterprise_bpo","south"
"3644","client","defined.ai","defined.ai","enterprise_bpo","south"
"3645","client","defined.ai","defined.ai","enterprise_bpo","south"
"3646","client","defined.ai","defined.ai","enterprise_bpo","south"
"3647","client","defined.ai","defined.ai","enterprise_bpo","south"
"3648","client","defined.ai","defined.ai","enterprise_bpo","south"
"3649","client","defined.ai","defined.ai","enterprise_bpo","south"
"3650","client","defined.ai","defined.ai","enterprise_bpo","south"
"3651","client","defined.ai","defined.ai","enterprise_bpo","south"
"3653","client","defined.ai","defined.ai","enterprise_bpo","south"
"3654","client","defined.ai","defined.ai","enterprise_bpo","south"
"3655","client","defined.ai","defined.ai","enterprise_bpo","south"
"3657","client","defined.ai","defined.ai","enterprise_bpo","south"
"3658","client","defined.ai","defined.ai","enterprise_bpo","south"
"3659","client","defined.ai","defined.ai","enterprise_bpo","south"
"3660","client","defined.ai","defined.ai","enterprise_bpo","south"
"3661","client","defined.ai","defined.ai","enterprise_bpo","south"
"3663","client","defined.ai","defined.ai","enterprise_bpo","south"
"3664","client","defined.ai","defined.ai","enterprise_bpo","south"
"3665","client","defined.ai","defined.ai","enterprise_bpo","south"
"3666","client","defined.ai","defined.ai","enterprise_bpo","south"
"3667","client","defined.ai","defined.ai","enterprise_bpo","south"
"3668","client","defined.ai","defined.ai","enterprise_bpo","south"
"3669","client","defined.ai","defined.ai","enterprise_bpo","south"
"3670","client","defined.ai","defined.ai","enterprise_bpo","south"
"3671","client","defined.ai","defined.ai","enterprise_bpo","south"
"3672","client","defined.ai","defined.ai","enterprise_bpo","south"
"3673","client","defined.ai","defined.ai","enterprise_bpo","south"
"3674","client","defined.ai","defined.ai","enterprise_bpo","south"
"3676","client","defined.ai","defined.ai","enterprise_bpo","south"
"3677","client","defined.ai","defined.ai","enterprise_bpo","south"
"3678","client","defined.ai","defined.ai","enterprise_bpo","south"
"3679","client","defined.ai","defined.ai","enterprise_bpo","south"
"3680","client","defined.ai","defined.ai","enterprise_bpo","south"
"3681","client","defined.ai","defined.ai","enterprise_bpo","south"
"3682","client","defined.ai","defined.ai","enterprise_bpo","south"
"3683","client","defined.ai","defined.ai","enterprise_bpo","south"
"3684","client","defined.ai","defined.ai","enterprise_bpo","south"
"3685","client","defined.ai","defined.ai","enterprise_bpo","south"
"3687","client","defined.ai","defined.ai","enterprise_bpo","south"
"3690","client","defined.ai","defined.ai","enterprise_bpo","south"
"3692","client","defined.ai","defined.ai","enterprise_bpo","south"
"3693","client","defined.ai","defined.ai","enterprise_bpo","south"
"3694","client","defined.ai","defined.ai","enterprise_bpo","south"
"3695","client","defined.ai","defined.ai","enterprise_bpo","south"
"3696","client","defined.ai","defined.ai","enterprise_bpo","south"
"3697","client","defined.ai","defined.ai","enterprise_bpo","south"
"3700","client","defined.ai","defined.ai","enterprise_bpo","south"
"3701","client","defined.ai","defined.ai","enterprise_bpo","south"
"3702","client","defined.ai","defined.ai","enterprise_bpo","south"
"3703","client","defined.ai","defined.ai","enterprise_bpo","south"
"3706","client","defined.ai","defined.ai","enterprise_bpo","south"
"3707","client","defined.ai","defined.ai","enterprise_bpo","south"
"3708","client","defined.ai","defined.ai","enterprise_bpo","south"
"3709","client","defined.ai","defined.ai","enterprise_bpo","south"
"3710","client","defined.ai","defined.ai","enterprise_bpo","south"
"3711","client","defined.ai","defined.ai","enterprise_bpo","south"
"3712","client","defined.ai","defined.ai","enterprise_bpo","south"
"3713","client","defined.ai","defined.ai","enterprise_bpo","south"
"3714","client","defined.ai","defined.ai","enterprise_bpo","south"
"3715","client","defined.ai","defined.ai","enterprise_bpo","south"
"3716","client","defined.ai","defined.ai","enterprise_bpo","south"
"3717","client","defined.ai","defined.ai","enterprise_bpo","south"
"3718","client","defined.ai","defined.ai","enterprise_bpo","south"
"3719","client","defined.ai","defined.ai","enterprise_bpo","south"
"3720","client","defined.ai","defined.ai","enterprise_bpo","south"
"3721","client","defined.ai","defined.ai","enterprise_bpo","south"
"3722","client","defined.ai","defined.ai","enterprise_bpo","south"
"3723","client","defined.ai","defined.ai","enterprise_bpo","south"
"3724","client","defined.ai","defined.ai","enterprise_bpo","south"
"3725","client","defined.ai","defined.ai","enterprise_bpo","south"
"3726","client","defined.ai","defined.ai","enterprise_bpo","south"
"3727","client","defined.ai","defined.ai","enterprise_bpo","south"
"3728","client","defined.ai","defined.ai","enterprise_bpo","south"
"3731","client","defined.ai","defined.ai","enterprise_bpo","south"
"3732","client","defined.ai","defined.ai","enterprise_bpo","south"
"3734","client","defined.ai","defined.ai","enterprise_bpo","south"
"3735","client","defined.ai","defined.ai","enterprise_bpo","south"
"3736","client","defined.ai","defined.ai","enterprise_bpo","south"
"3737","client","defined.ai","defined.ai","enterprise_bpo","south"
"3738","client","defined.ai","defined.ai","enterprise_bpo","south"
"3739","client","defined.ai","defined.ai","enterprise_bpo","south"
"3740","client","defined.ai","defined.ai","enterprise_bpo","south"
"3741","client","defined.ai","defined.ai","enterprise_bpo","south"
"3742","client","defined.ai","defined.ai","enterprise_bpo","south"
"3743","client","defined.ai","defined.ai","enterprise_bpo","south"
"3744","client","defined.ai","defined.ai","enterprise_bpo","south"
"3745","client","defined.ai","defined.ai","enterprise_bpo","south"
"3749","client","defined.ai","defined.ai","enterprise_bpo","south"
"3751","client","defined.ai","defined.ai","enterprise_bpo","south"
"3752","client","defined.ai","defined.ai","enterprise_bpo","south"
"3753","client","defined.ai","defined.ai","enterprise_bpo","south"
"3754","client","defined.ai","defined.ai","enterprise_bpo","south"
"3755","client","defined.ai","defined.ai","enterprise_bpo","south"
"3756","client","defined.ai","defined.ai","enterprise_bpo","south"
"3757","client","defined.ai","defined.ai","enterprise_bpo","south"
"3758","client","defined.ai","defined.ai","enterprise_bpo","south"
"3759","client","defined.ai","defined.ai","enterprise_bpo","south"
"3760","client","defined.ai","defined.ai","enterprise_bpo","south"
"3762","client","defined.ai","defined.ai","enterprise_bpo","south"
"3763","client","defined.ai","defined.ai","enterprise_bpo","south"
"3764","client","defined.ai","defined.ai","enterprise_bpo","south"
"3765","client","defined.ai","defined.ai","enterprise_bpo","south"
"3766","client","defined.ai","defined.ai","enterprise_bpo","south"
"3770","client","defined.ai","defined.ai","enterprise_bpo","south"
"3772","client","defined.ai","defined.ai","enterprise_bpo","south"
"3774","client","defined.ai","defined.ai","enterprise_bpo","south"
"3775","client","defined.ai","defined.ai","enterprise_bpo","south"
"3776","client","defined.ai","defined.ai","enterprise_bpo","south"
"3778","client","defined.ai","defined.ai","enterprise_bpo","south"
"3779","client","defined.ai","defined.ai","enterprise_bpo","south"
"3782","client","defined.ai","defined.ai","enterprise_bpo","south"
"3783","client","defined.ai","defined.ai","enterprise_bpo","south"
"3784","client","defined.ai","defined.ai","enterprise_bpo","south"
"3786","client","defined.ai","defined.ai","enterprise_bpo","south"
"3788","client","defined.ai","defined.ai","enterprise_bpo","south"
"3790","client","defined.ai","defined.ai","enterprise_bpo","south"
"3791","client","defined.ai","defined.ai","enterprise_bpo","south"
"3795","client","defined.ai","defined.ai","enterprise_bpo","south"
"3797","client","defined.ai","defined.ai","enterprise_bpo","south"
"3798","client","defined.ai","defined.ai","enterprise_bpo","south"
"3800","client","defined.ai","defined.ai","enterprise_bpo","south"
"3801","client","defined.ai","defined.ai","enterprise_bpo","south"
"3802","client","defined.ai","defined.ai","enterprise_bpo","south"
"3803","client","defined.ai","defined.ai","enterprise_bpo","south"
"3806","client","defined.ai","defined.ai","enterprise_bpo","south"
"3807","client","defined.ai","defined.ai","enterprise_bpo","south"
"3808","client","defined.ai","defined.ai","enterprise_bpo","south"
"3809","client","defined.ai","defined.ai","enterprise_bpo","south"
"3810","client","defined.ai","defined.ai","enterprise_bpo","south"
"3811","client","defined.ai","defined.ai","enterprise_bpo","south"
"3814","client","defined.ai","defined.ai","enterprise_bpo","south"
"3815","client","defined.ai","defined.ai","enterprise_bpo","south"
"3816","client","defined.ai","defined.ai","enterprise_bpo","south"
"3817","client","defined.ai","defined.ai","enterprise_bpo","south"
"3818","client","defined.ai","defined.ai","enterprise_bpo","south"
"3819","client","defined.ai","defined.ai","enterprise_bpo","south"
"3821","client","defined.ai","defined.ai","enterprise_bpo","south"
"3822","client","defined.ai","defined.ai","enterprise_bpo","south"
"3824","client","defined.ai","defined.ai","enterprise_bpo","south"
"3827","client","defined.ai","defined.ai","enterprise_bpo","south"
"3828","client","defined.ai","defined.ai","enterprise_bpo","south"
"3829","client","defined.ai","defined.ai","enterprise_bpo","south"
"3830","client","defined.ai","defined.ai","enterprise_bpo","south"
"3831","client","defined.ai","defined.ai","enterprise_bpo","south"
"3832","client","defined.ai","defined.ai","enterprise_bpo","south"
"3833","client","defined.ai","defined.ai","enterprise_bpo","south"
"3834","client","defined.ai","defined.ai","enterprise_bpo","south"
"3835","client","defined.ai","defined.ai","enterprise_bpo","south"
"3836","client","defined.ai","defined.ai","enterprise_bpo","south"
"3837","client","defined.ai","defined.ai","enterprise_bpo","south"
"3838","client","defined.ai","defined.ai","enterprise_bpo","south"
"3839","client","defined.ai","defined.ai","enterprise_bpo","south"
"3840","client","defined.ai","defined.ai","enterprise_bpo","south"
"3842","client","defined.ai","defined.ai","enterprise_bpo","south"
"3843","client","defined.ai","defined.ai","enterprise_bpo","south"
"3844","client","defined.ai","defined.ai","enterprise_bpo","south"
"3845","client","defined.ai","defined.ai","enterprise_bpo","south"
"3846","client","defined.ai","defined.ai","enterprise_bpo","south"
"3847","client","defined.ai","defined.ai","enterprise_bpo","south"
"3848","client","defined.ai","defined.ai","enterprise_bpo","south"
"3849","client","defined.ai","defined.ai","enterprise_bpo","south"
"3850","client","defined.ai","defined.ai","enterprise_bpo","south"
"3851","client","defined.ai","defined.ai","enterprise_bpo","south"
"3852","client","defined.ai","defined.ai","enterprise_bpo","south"
"3853","client","defined.ai","defined.ai","enterprise_bpo","south"
"3854","client","defined.ai","defined.ai","enterprise_bpo","south"
"3855","client","defined.ai","defined.ai","enterprise_bpo","south"
"3856","client","defined.ai","defined.ai","enterprise_bpo","south"
"3857","client","defined.ai","defined.ai","enterprise_bpo","south"
"3858","client","defined.ai","defined.ai","enterprise_bpo","south"
"3859","client","defined.ai","defined.ai","enterprise_bpo","south"
"3860","client","defined.ai","defined.ai","enterprise_bpo","south"
"3861","client","defined.ai","defined.ai","enterprise_bpo","south"
"3862","client","defined.ai","defined.ai","enterprise_bpo","south"
"3863","client","defined.ai","defined.ai","enterprise_bpo","south"
"3864","client","defined.ai","defined.ai","enterprise_bpo","south"
"3865","client","defined.ai","defined.ai","enterprise_bpo","south"
"3866","client","defined.ai","defined.ai","enterprise_bpo","south"
"3870","client","defined.ai","defined.ai","enterprise_bpo","south"
"3875","client","defined.ai","defined.ai","enterprise_bpo","south"
"3880","client","defined.ai","defined.ai","enterprise_bpo","south"
"3881","client","defined.ai","defined.ai","enterprise_bpo","south"
"3885","client","defined.ai","defined.ai","enterprise_bpo","south"
"3898","client","defined.ai","defined.ai","enterprise_bpo","south"
"3902","client","defined.ai","defined.ai","enterprise_bpo","south"
"3903","client","defined.ai","defined.ai","enterprise_bpo","south"
"3904","client","defined.ai","defined.ai","enterprise_bpo","south"
"3908","client","defined.ai","defined.ai","enterprise_bpo","south"
"3910","client","defined.ai","defined.ai","enterprise_bpo","south"
"3911","client","defined.ai","defined.ai","enterprise_bpo","south"
"3921","client","defined.ai","defined.ai","enterprise_bpo","south"
"3926","client","defined.ai","defined.ai","enterprise_bpo","south"
"3927","client","defined.ai","defined.ai","enterprise_bpo","south"
"3933","client","defined.ai","defined.ai","enterprise_bpo","south"
"3935","client","defined.ai","defined.ai","enterprise_bpo","south"
"3937","client","defined.ai","defined.ai","enterprise_bpo","south"
"3944","client","defined.ai","defined.ai","enterprise_bpo","south"
"3945","client","defined.ai","defined.ai","enterprise_bpo","south"
"3946","client","defined.ai","defined.ai","enterprise_bpo","south"
"3948","client","defined.ai","defined.ai","enterprise_bpo","south"
"3949","client","defined.ai","defined.ai","enterprise_bpo","south"
"3950","client","defined.ai","defined.ai","enterprise_bpo","south"
"3956","client","defined.ai","defined.ai","enterprise_bpo","south"
"3958","client","defined.ai","defined.ai","enterprise_bpo","south"
"3964","client","defined.ai","defined.ai","enterprise_bpo","south"
"3968","client","defined.ai","defined.ai","enterprise_bpo","south"
"3969","client","defined.ai","defined.ai","enterprise_bpo","south"
"3973","client","defined.ai","defined.ai","enterprise_bpo","south"
"3990","client","defined.ai","defined.ai","enterprise_bpo","south"
"3997","client","defined.ai","defined.ai","enterprise_bpo","south"
"3998","client","defined.ai","defined.ai","enterprise_bpo","south"
"4000","client","defined.ai","defined.ai","enterprise_bpo","south"
"4007","client","defined.ai","defined.ai","enterprise_bpo","south"
"4008","client","defined.ai","defined.ai","enterprise_bpo","south"
"4012","client","defined.ai","defined.ai","enterprise_bpo","south"
"4017","client","defined.ai","defined.ai","enterprise_bpo","south"
"4018","client","defined.ai","defined.ai","enterprise_bpo","south"
"4020","client","defined.ai","defined.ai","enterprise_bpo","south"
"4025","client","defined.ai","defined.ai","enterprise_bpo","south"
"4035","client","defined.ai","defined.ai","enterprise_bpo","south"
"4038","client","defined.ai","defined.ai","enterprise_bpo","south"
"4042","client","defined.ai","defined.ai","enterprise_bpo","south"
"4043","client","defined.ai","defined.ai","enterprise_bpo","south"
"4047","client","defined.ai","defined.ai","enterprise_bpo","south"
"4048","client","defined.ai","defined.ai","enterprise_bpo","south"
"4049","client","defined.ai","defined.ai","enterprise_bpo","south"
"4051","client","defined.ai","defined.ai","enterprise_bpo","south"
"4063","client","defined.ai","defined.ai","enterprise_bpo","south"
"4080","client","defined.ai","defined.ai","enterprise_bpo","south"
"4094","client","defined.ai","defined.ai","enterprise_bpo","south"
"4095","client","defined.ai","defined.ai","enterprise_bpo","south"
"4098","client","defined.ai","defined.ai","enterprise_bpo","south"
"4101","client","defined.ai","defined.ai","enterprise_bpo","south"
"4104","client","defined.ai","defined.ai","enterprise_bpo","south"
"4111","client","defined.ai","defined.ai","enterprise_bpo","south"
"4117","client","defined.ai","defined.ai","enterprise_bpo","south"
"4118","client","defined.ai","defined.ai","enterprise_bpo","south"
"4128","client","defined.ai","defined.ai","enterprise_bpo","south"
"4129","client","defined.ai","defined.ai","enterprise_bpo","south"
"4131","client","defined.ai","defined.ai","enterprise_bpo","south"
"4138","client","defined.ai","defined.ai","enterprise_bpo","south"
"4139","client","defined.ai","defined.ai","enterprise_bpo","south"
"4142","client","defined.ai","defined.ai","enterprise_bpo","south"
"4144","client","defined.ai","defined.ai","enterprise_bpo","south"
"4154","client","defined.ai","defined.ai","enterprise_bpo","south"
"4157","client","defined.ai","defined.ai","enterprise_bpo","south"
"4161","client","defined.ai","defined.ai","enterprise_bpo","south"
"4162","client","defined.ai","defined.ai","enterprise_bpo","south"
"4163","client","defined.ai","defined.ai","enterprise_bpo","south"
"4169","client","defined.ai","defined.ai","enterprise_bpo","south"
"4171","client","defined.ai","defined.ai","enterprise_bpo","south"
"4172","client","defined.ai","defined.ai","enterprise_bpo","south"
"4177","client","defined.ai","defined.ai","enterprise_bpo","south"
"4179","client","defined.ai","defined.ai","enterprise_bpo","south"
"4182","client","defined.ai","defined.ai","enterprise_bpo","south"
"4186","client","defined.ai","defined.ai","enterprise_bpo","south"
"4191","client","defined.ai","defined.ai","enterprise_bpo","south"
"4195","client","defined.ai","defined.ai","enterprise_bpo","south"
"4200","client","defined.ai","defined.ai","enterprise_bpo","south"
"4201","client","defined.ai","defined.ai","enterprise_bpo","south"
"4202","client","defined.ai","defined.ai","enterprise_bpo","south"
"4210","client","defined.ai","defined.ai","enterprise_bpo","south"
"4213","client","defined.ai","defined.ai","enterprise_bpo","south"
"4214","client","defined.ai","defined.ai","enterprise_bpo","south"
"4215","client","defined.ai","defined.ai","enterprise_bpo","south"
"4224","client","defined.ai","defined.ai","enterprise_bpo","south"
"4225","client","defined.ai","defined.ai","enterprise_bpo","south"
"4231","client","defined.ai","defined.ai","enterprise_bpo","south"
"4232","client","defined.ai","defined.ai","enterprise_bpo","south"
"4249","client","defined.ai","defined.ai","enterprise_bpo","south"
"4253","client","defined.ai","defined.ai","enterprise_bpo","south"
"4259","client","defined.ai","defined.ai","enterprise_bpo","south"
"4265","client","defined.ai","defined.ai","enterprise_bpo","south"
"4272","client","defined.ai","defined.ai","enterprise_bpo","south"
"4278","client","defined.ai","defined.ai","enterprise_bpo","south"
"4279","client","defined.ai","defined.ai","enterprise_bpo","south"
"4281","client","defined.ai","defined.ai","enterprise_bpo","south"
"4294","client","defined.ai","defined.ai","enterprise_bpo","south"
"4307","client","defined.ai","defined.ai","enterprise_bpo","south"
"4310","client","defined.ai","defined.ai","enterprise_bpo","south"
"4313","client","defined.ai","defined.ai","enterprise_bpo","south"
"4319","client","defined.ai","defined.ai","enterprise_bpo","south"
"4323","client","defined.ai","defined.ai","enterprise_bpo","south"
"4328","client","defined.ai","defined.ai","enterprise_bpo","south"
"4338","client","defined.ai","defined.ai","enterprise_bpo","south"
"4358","client","defined.ai","defined.ai","enterprise_bpo","south"
"4365","client","defined.ai","defined.ai","enterprise_bpo","south"
"4366","client","defined.ai","defined.ai","enterprise_bpo","south"
"4384","client","defined.ai","defined.ai","enterprise_bpo","south"
"4387","client","defined.ai","defined.ai","enterprise_bpo","south"
"4389","client","defined.ai","defined.ai","enterprise_bpo","south"
"4393","client","defined.ai","defined.ai","enterprise_bpo","south"
"4399","client","defined.ai","defined.ai","enterprise_bpo","south"
"4400","client","defined.ai","defined.ai","enterprise_bpo","south"
"4402","client","defined.ai","defined.ai","enterprise_bpo","south"
"4404","client","defined.ai","defined.ai","enterprise_bpo","south"
"4405","client","defined.ai","defined.ai","enterprise_bpo","south"
"4407","client","defined.ai","defined.ai","enterprise_bpo","south"
"4408","client","defined.ai","defined.ai","enterprise_bpo","south"
"4411","client","defined.ai","defined.ai","enterprise_bpo","south"
"4412","client","defined.ai","defined.ai","enterprise_bpo","south"
"4413","client","defined.ai","defined.ai","enterprise_bpo","south"
"4416","client","defined.ai","defined.ai","enterprise_bpo","south"
"4417","client","defined.ai","defined.ai","enterprise_bpo","south"
"4419","client","defined.ai","defined.ai","enterprise_bpo","south"
"4422","client","defined.ai","defined.ai","enterprise_bpo","south"
"4423","client","defined.ai","defined.ai","enterprise_bpo","south"
"4424","client","defined.ai","defined.ai","enterprise_bpo","south"
"4426","client","defined.ai","defined.ai","enterprise_bpo","south"
"4439","client","defined.ai","defined.ai","enterprise_bpo","south"
"4441","client","defined.ai","defined.ai","enterprise_bpo","south"
"4447","client","defined.ai","defined.ai","enterprise_bpo","south"
"4453","client","defined.ai","defined.ai","enterprise_bpo","south"
"4457","client","defined.ai","defined.ai","enterprise_bpo","south"
"4458","client","defined.ai","defined.ai","enterprise_bpo","south"
"4463","client","defined.ai","defined.ai","enterprise_bpo","south"
"4476","client","defined.ai","defined.ai","enterprise_bpo","south"
"4479","client","defined.ai","defined.ai","enterprise_bpo","south"
"4487","client","defined.ai","defined.ai","enterprise_bpo","south"
"4495","client","defined.ai","defined.ai","enterprise_bpo","south"
"4496","client","defined.ai","defined.ai","enterprise_bpo","south"
"4503","client","defined.ai","defined.ai","enterprise_bpo","south"
"4505","client","defined.ai","defined.ai","enterprise_bpo","south"
"4506","client","defined.ai","defined.ai","enterprise_bpo","south"
"4511","client","defined.ai","defined.ai","enterprise_bpo","south"
"4521","client","defined.ai","defined.ai","enterprise_bpo","south"
"4522","client","defined.ai","defined.ai","enterprise_bpo","south"
"4523","client","defined.ai","defined.ai","enterprise_bpo","south"
"4528","client","defined.ai","defined.ai","enterprise_bpo","south"
"4529","client","defined.ai","defined.ai","enterprise_bpo","south"
"4530","client","defined.ai","defined.ai","enterprise_bpo","south"
"4531","client","defined.ai","defined.ai","enterprise_bpo","south"
"4534","client","defined.ai","defined.ai","enterprise_bpo","south"
"4543","client","defined.ai","defined.ai","enterprise_bpo","south"
"4545","client","defined.ai","defined.ai","enterprise_bpo","south"
"4546","client","defined.ai","defined.ai","enterprise_bpo","south"
"4547","client","defined.ai","defined.ai","enterprise_bpo","south"
"4548","client","defined.ai","defined.ai","enterprise_bpo","south"
"4552","client","defined.ai","defined.ai","enterprise_bpo","south"
"4553","client","defined.ai","defined.ai","enterprise_bpo","south"
"4554","client","defined.ai","defined.ai","enterprise_bpo","south"
"4555","client","defined.ai","defined.ai","enterprise_bpo","south"
"4558","client","defined.ai","defined.ai","enterprise_bpo","south"
"4559","client","defined.ai","defined.ai","enterprise_bpo","south"
"4562","client","defined.ai","defined.ai","enterprise_bpo","south"
"4563","client","defined.ai","defined.ai","enterprise_bpo","south"
"4565","client","imerit.net","imerit.net","unknown","south"
"4566","client","imerit.net","imerit.net","unknown","south"
"4567","client","imerit.net","imerit.net","unknown","south"
"4568","client","imerit.net","imerit.net","unknown","south"
"4569","client","imerit.net","imerit.net","unknown","south"
"4570","client","imerit.net","imerit.net","unknown","south"
"4571","client","imerit.net","imerit.net","unknown","south"
"4572","client","imerit.net","imerit.net","unknown","south"
"4573","client","imerit.net","imerit.net","unknown","south"
"4574","client","imerit.net","imerit.net","unknown","south"
"4575","client","imerit.net","imerit.net","unknown","south"
"4576","client","imerit.net","imerit.net","unknown","south"
"4577","client","imerit.net","imerit.net","unknown","south"
"4578","client","imerit.net","imerit.net","unknown","south"
"4579","client","imerit.net","imerit.net","unknown","south"
"4580","client","imerit.net","imerit.net","unknown","south"
"4581","client","imerit.net","imerit.net","unknown","south"
"4582","client","imerit.net","imerit.net","unknown","south"
"4583","client","imerit.net","imerit.net","unknown","south"
"4584","client","imerit.net","imerit.net","unknown","south"
"4585","client","imerit.net","imerit.net","unknown","south"
"4586","client","imerit.net","imerit.net","unknown","south"
"4587","client","imerit.net","imerit.net","unknown","south"
"4588","client","imerit.net","imerit.net","unknown","south"
"4589","client","imerit.net","imerit.net","unknown","south"
"4590","client","imerit.net","imerit.net","unknown","south"
"4591","client","imerit.net","imerit.net","unknown","south"
"4592","client","imerit.net","imerit.net","unknown","south"
"4593","client","imerit.net","imerit.net","unknown","south"
"4594","client","imerit.net","imerit.net","unknown","south"
"4595","client","imerit.net","imerit.net","unknown","south"
"4596","client","imerit.net","imerit.net","unknown","south"
"4597","client","imerit.net","imerit.net","unknown","south"
"4598","client","imerit.net","imerit.net","unknown","south"
"4599","client","imerit.net","imerit.net","unknown","south"
"4600","client","imerit.net","imerit.net","unknown","south"
"4601","client","imerit.net","imerit.net","unknown","south"
"4602","client","imerit.net","imerit.net","unknown","south"
"4603","client","imerit.net","imerit.net","unknown","south"
"4604","client","imerit.net","imerit.net","unknown","south"
"4605","client","imerit.net","imerit.net","unknown","south"
"4606","client","imerit.net","imerit.net","unknown","south"
"4607","client","imerit.net","imerit.net","unknown","south"
"4608","client","imerit.net","imerit.net","unknown","south"
"4609","client","imerit.net","imerit.net","unknown","south"
"4610","client","imerit.net","imerit.net","unknown","south"
"4611","client","imerit.net","imerit.net","unknown","south"
"4612","client","imerit.net","imerit.net","unknown","south"
"4613","client","imerit.net","imerit.net","unknown","south"
"4614","client","imerit.net","imerit.net","unknown","south"
"4615","client","imerit.net","imerit.net","unknown","south"
"4616","client","imerit.net","imerit.net","unknown","south"
"4617","client","imerit.net","imerit.net","unknown","south"
"4618","client","imerit.net","imerit.net","unknown","south"
"4619","client","imerit.net","imerit.net","unknown","south"
"4620","client","imerit.net","imerit.net","unknown","south"
"4621","client","imerit.net","imerit.net","unknown","south"
"4622","client","imerit.net","imerit.net","unknown","south"
"4623","client","imerit.net","imerit.net","unknown","south"
"4624","client","imerit.net","imerit.net","unknown","south"
"4625","client","imerit.net","imerit.net","unknown","south"
"4626","client","imerit.net","imerit.net","unknown","south"
"4627","client","imerit.net","imerit.net","unknown","south"
"4628","client","imerit.net","imerit.net","unknown","south"
"4629","client","imerit.net","imerit.net","unknown","south"
"4630","client","imerit.net","imerit.net","unknown","south"
"4631","client","imerit.net","imerit.net","unknown","south"
"4632","client","imerit.net","imerit.net","unknown","south"
"4633","client","imerit.net","imerit.net","unknown","south"
"4634","client","imerit.net","imerit.net","unknown","south"
"4635","client","imerit.net","imerit.net","unknown","south"
"4636","client","imerit.net","imerit.net","unknown","south"
"4637","client","imerit.net","imerit.net","unknown","south"
"4638","client","imerit.net","imerit.net","unknown","south"
"4639","client","imerit.net","imerit.net","unknown","south"
"4640","client","imerit.net","imerit.net","unknown","south"
"4641","client","imerit.net","imerit.net","unknown","south"
"4642","client","imerit.net","imerit.net","unknown","south"
"4643","client","imerit.net","imerit.net","unknown","south"
"4644","client","imerit.net","imerit.net","unknown","south"
"4645","client","imerit.net","imerit.net","unknown","south"
"4646","client","imerit.net","imerit.net","unknown","south"
"4647","client","imerit.net","imerit.net","unknown","south"
"4648","client","imerit.net","imerit.net","unknown","south"
"4649","client","imerit.net","imerit.net","unknown","south"
"4650","client","imerit.net","imerit.net","unknown","south"
"4651","client","imerit.net","imerit.net","unknown","south"
"4652","client","imerit.net","imerit.net","unknown","south"
"4653","client","imerit.net","imerit.net","unknown","south"
"4654","client","imerit.net","imerit.net","unknown","south"
"4655","client","imerit.net","imerit.net","unknown","south"
"4656","client","imerit.net","imerit.net","unknown","south"
"4657","client","imerit.net","imerit.net","unknown","south"
"4658","client","imerit.net","imerit.net","unknown","south"
"4659","client","imerit.net","imerit.net","unknown","south"
"4660","client","imerit.net","imerit.net","unknown","south"
"4661","client","imerit.net","imerit.net","unknown","south"
"4662","client","imerit.net","imerit.net","unknown","south"
"4663","client","imerit.net","imerit.net","unknown","south"
"4664","client","imerit.net","imerit.net","unknown","south"
"4665","client","imerit.net","imerit.net","unknown","south"
"4666","client","imerit.net","imerit.net","unknown","south"
"4667","client","imerit.net","imerit.net","unknown","south"
"4668","client","imerit.net","imerit.net","unknown","south"
"4669","client","imerit.net","imerit.net","unknown","south"
"4670","client","imerit.net","imerit.net","unknown","south"
"4671","client","imerit.net","imerit.net","unknown","south"
"4672","client","imerit.net","imerit.net","unknown","south"
"4673","client","imerit.net","imerit.net","unknown","south"
"4674","client","imerit.net","imerit.net","unknown","south"
"4675","client","imerit.net","imerit.net","unknown","south"
"4676","client","imerit.net","imerit.net","unknown","south"
"4677","client","imerit.net","imerit.net","unknown","south"
"4678","client","imerit.net","imerit.net","unknown","south"
"4679","client","imerit.net","imerit.net","unknown","south"
"4680","client","imerit.net","imerit.net","unknown","south"
"4681","client","imerit.net","imerit.net","unknown","south"
"4682","client","imerit.net","imerit.net","unknown","south"
"4683","client","imerit.net","imerit.net","unknown","south"
"4684","client","imerit.net","imerit.net","unknown","south"
"4685","client","imerit.net","imerit.net","unknown","south"
"4686","client","imerit.net","imerit.net","unknown","south"
"4687","client","imerit.net","imerit.net","unknown","south"
"4688","client","imerit.net","imerit.net","unknown","south"
"4689","client","imerit.net","imerit.net","unknown","south"
"4690","client","imerit.net","imerit.net","unknown","south"
"4691","client","imerit.net","imerit.net","unknown","south"
"4692","client","imerit.net","imerit.net","unknown","south"
"4693","client","imerit.net","imerit.net","unknown","south"
"4694","client","imerit.net","imerit.net","unknown","south"
"4695","client","imerit.net","imerit.net","unknown","south"
"4696","client","imerit.net","imerit.net","unknown","south"
"4697","client","imerit.net","imerit.net","unknown","south"
"4698","client","imerit.net","imerit.net","unknown","south"
"4699","client","imerit.net","imerit.net","unknown","south"
"4700","client","imerit.net","imerit.net","unknown","south"
"4701","client","imerit.net","imerit.net","unknown","south"
"4702","client","imerit.net","imerit.net","unknown","south"
"4703","client","imerit.net","imerit.net","unknown","south"
"4704","client","imerit.net","imerit.net","unknown","south"
"4705","client","imerit.net","imerit.net","unknown","south"
"4706","client","imerit.net","imerit.net","unknown","south"
"4707","client","imerit.net","imerit.net","unknown","south"
"4708","client","imerit.net","imerit.net","unknown","south"
"4709","client","imerit.net","imerit.net","unknown","south"
"4710","client","imerit.net","imerit.net","unknown","south"
"4711","client","imerit.net","imerit.net","unknown","south"
"4712","client","imerit.net","imerit.net","unknown","south"
"4713","client","imerit.net","imerit.net","unknown","south"
"4714","client","imerit.net","imerit.net","unknown","south"
"4715","client","imerit.net","imerit.net","unknown","south"
"4716","client","imerit.net","imerit.net","unknown","south"
"4717","client","imerit.net","imerit.net","unknown","south"
"4718","client","imerit.net","imerit.net","unknown","south"
"4719","client","imerit.net","imerit.net","unknown","south"
"4720","client","imerit.net","imerit.net","unknown","south"
"4721","client","imerit.net","imerit.net","unknown","south"
"4722","client","imerit.net","imerit.net","unknown","south"
"4723","client","imerit.net","imerit.net","unknown","south"
"4724","client","imerit.net","imerit.net","unknown","south"
"4725","client","imerit.net","imerit.net","unknown","south"
"4726","client","imerit.net","imerit.net","unknown","south"
"4727","client","imerit.net","imerit.net","unknown","south"
"4728","client","imerit.net","imerit.net","unknown","south"
"4729","client","imerit.net","imerit.net","unknown","south"
"4730","client","imerit.net","imerit.net","unknown","south"
"4731","client","imerit.net","imerit.net","unknown","south"
"4732","client","imerit.net","imerit.net","unknown","south"
"4733","client","imerit.net","imerit.net","unknown","south"
"4734","client","imerit.net","imerit.net","unknown","south"
"4735","client","imerit.net","imerit.net","unknown","south"
"4736","client","imerit.net","imerit.net","unknown","south"
"4737","client","imerit.net","imerit.net","unknown","south"
"4738","client","imerit.net","imerit.net","unknown","south"
"4739","client","imerit.net","imerit.net","unknown","south"
"4740","client","imerit.net","imerit.net","unknown","south"
"4741","client","imerit.net","imerit.net","unknown","south"
"4742","client","imerit.net","imerit.net","unknown","south"
"4743","client","imerit.net","imerit.net","unknown","south"
"4744","client","imerit.net","imerit.net","unknown","south"
"4745","client","imerit.net","imerit.net","unknown","south"
"4746","client","imerit.net","imerit.net","unknown","south"
"4747","client","imerit.net","imerit.net","unknown","south"
"4748","client","imerit.net","imerit.net","unknown","south"
"4749","client","imerit.net","imerit.net","unknown","south"
"4750","client","imerit.net","imerit.net","unknown","south"
"4751","client","imerit.net","imerit.net","unknown","south"
"4752","client","imerit.net","imerit.net","unknown","south"
"4753","client","imerit.net","imerit.net","unknown","south"
"4754","client","imerit.net","imerit.net","unknown","south"
"4755","client","imerit.net","imerit.net","unknown","south"
"4756","client","imerit.net","imerit.net","unknown","south"
"4757","client","imerit.net","imerit.net","unknown","south"
"4758","client","imerit.net","imerit.net","unknown","south"
"4759","client","imerit.net","imerit.net","unknown","south"
"4760","client","imerit.net","imerit.net","unknown","south"
"4761","client","imerit.net","imerit.net","unknown","south"
"4762","client","imerit.net","imerit.net","unknown","south"
"4763","client","imerit.net","imerit.net","unknown","south"
"4764","client","imerit.net","imerit.net","unknown","south"
"4765","client","imerit.net","imerit.net","unknown","south"
"4766","client","imerit.net","imerit.net","unknown","south"
"4767","client","imerit.net","imerit.net","unknown","south"
"4768","client","imerit.net","imerit.net","unknown","south"
"4769","client","imerit.net","imerit.net","unknown","south"
"4770","client","imerit.net","imerit.net","unknown","south"
"4771","client","imerit.net","imerit.net","unknown","south"
"4772","client","imerit.net","imerit.net","unknown","south"
"4773","client","imerit.net","imerit.net","unknown","south"
"4774","client","imerit.net","imerit.net","unknown","south"
"4775","client","imerit.net","imerit.net","unknown","south"
"4776","client","imerit.net","imerit.net","unknown","south"
"4777","client","imerit.net","imerit.net","unknown","south"
"4778","client","imerit.net","imerit.net","unknown","south"
"4779","client","imerit.net","imerit.net","unknown","south"
"4780","client","imerit.net","imerit.net","unknown","south"
"4781","client","imerit.net","imerit.net","unknown","south"
"4782","client","imerit.net","imerit.net","unknown","south"
"4783","client","imerit.net","imerit.net","unknown","south"
"4784","client","imerit.net","imerit.net","unknown","south"
"4785","client","imerit.net","imerit.net","unknown","south"
"4786","client","imerit.net","imerit.net","unknown","south"
"4787","client","imerit.net","imerit.net","unknown","south"
"4788","client","imerit.net","imerit.net","unknown","south"
"4789","client","imerit.net","imerit.net","unknown","south"
"4790","client","imerit.net","imerit.net","unknown","south"
"4791","client","imerit.net","imerit.net","unknown","south"
"4792","client","imerit.net","imerit.net","unknown","south"
"4793","client","imerit.net","imerit.net","unknown","south"
"4794","client","imerit.net","imerit.net","unknown","south"
"4795","client","imerit.net","imerit.net","unknown","south"
"4796","client","imerit.net","imerit.net","unknown","south"
"4797","client","imerit.net","imerit.net","unknown","south"
"4798","client","imerit.net","imerit.net","unknown","south"
"4799","client","imerit.net","imerit.net","unknown","south"
"4800","client","imerit.net","imerit.net","unknown","south"
"4801","client","imerit.net","imerit.net","unknown","south"
"4802","client","imerit.net","imerit.net","unknown","south"
"4803","client","imerit.net","imerit.net","unknown","south"
"4804","client","imerit.net","imerit.net","unknown","south"
"4805","client","imerit.net","imerit.net","unknown","south"
"4806","client","imerit.net","imerit.net","unknown","south"
"4807","client","imerit.net","imerit.net","unknown","south"
"4808","client","imerit.net","imerit.net","unknown","south"
"4809","client","imerit.net","imerit.net","unknown","south"
"4810","client","imerit.net","imerit.net","unknown","south"
"4811","client","imerit.net","imerit.net","unknown","south"
"4812","client","imerit.net","imerit.net","unknown","south"
"4813","client","imerit.net","imerit.net","unknown","south"
"4814","client","imerit.net","imerit.net","unknown","south"
"4815","client","imerit.net","imerit.net","unknown","south"
"4816","client","imerit.net","imerit.net","unknown","south"
"4817","client","imerit.net","imerit.net","unknown","south"
"4818","client","imerit.net","imerit.net","unknown","south"
"4819","client","imerit.net","imerit.net","unknown","south"
"4820","client","imerit.net","imerit.net","unknown","south"
"4821","client","imerit.net","imerit.net","unknown","south"
"4822","client","imerit.net","imerit.net","unknown","south"
"4823","client","imerit.net","imerit.net","unknown","south"
"4824","client","imerit.net","imerit.net","unknown","south"
"4825","client","imerit.net","imerit.net","unknown","south"
"4826","client","imerit.net","imerit.net","unknown","south"
"4827","client","imerit.net","imerit.net","unknown","south"
"4828","client","imerit.net","imerit.net","unknown","south"
"4829","client","imerit.net","imerit.net","unknown","south"
"4830","client","imerit.net","imerit.net","unknown","south"
"4831","client","imerit.net","imerit.net","unknown","south"
"4832","client","imerit.net","imerit.net","unknown","south"
"4833","client","imerit.net","imerit.net","unknown","south"
"4834","client","imerit.net","imerit.net","unknown","south"
"4835","client","imerit.net","imerit.net","unknown","south"
"4836","client","imerit.net","imerit.net","unknown","south"
"4837","client","imerit.net","imerit.net","unknown","south"
"4838","client","imerit.net","imerit.net","unknown","south"
"4839","client","imerit.net","imerit.net","unknown","south"
"4840","client","imerit.net","imerit.net","unknown","south"
"4841","client","imerit.net","imerit.net","unknown","south"
"4842","client","imerit.net","imerit.net","unknown","south"
"4843","client","imerit.net","imerit.net","unknown","south"
"4844","client","imerit.net","imerit.net","unknown","south"
"4845","client","imerit.net","imerit.net","unknown","south"
"4846","client","imerit.net","imerit.net","unknown","south"
"4847","client","imerit.net","imerit.net","unknown","south"
"4848","client","imerit.net","imerit.net","unknown","south"
"4849","client","imerit.net","imerit.net","unknown","south"
"4850","client","imerit.net","imerit.net","unknown","south"
"4851","client","imerit.net","imerit.net","unknown","south"
"4852","client","imerit.net","imerit.net","unknown","south"
"4853","client","imerit.net","imerit.net","unknown","south"
"4854","client","imerit.net","imerit.net","unknown","south"
"4855","client","imerit.net","imerit.net","unknown","south"
"4856","client","imerit.net","imerit.net","unknown","south"
"4857","client","imerit.net","imerit.net","unknown","south"
"4858","client","imerit.net","imerit.net","unknown","south"
"4859","client","imerit.net","imerit.net","unknown","south"
"4860","client","imerit.net","imerit.net","unknown","south"
"4861","client","imerit.net","imerit.net","unknown","south"
"4862","client","imerit.net","imerit.net","unknown","south"
"4863","client","imerit.net","imerit.net","unknown","south"
"4864","client","imerit.net","imerit.net","unknown","south"
"4865","client","imerit.net","imerit.net","unknown","south"
"4866","client","imerit.net","imerit.net","unknown","south"
"4867","client","imerit.net","imerit.net","unknown","south"
"4868","client","imerit.net","imerit.net","unknown","south"
"4869","client","imerit.net","imerit.net","unknown","south"
"4870","client","imerit.net","imerit.net","unknown","south"
"4871","client","imerit.net","imerit.net","unknown","south"
"4872","client","imerit.net","imerit.net","unknown","south"
"4873","client","imerit.net","imerit.net","unknown","south"
"4874","client","imerit.net","imerit.net","unknown","south"
"4875","client","imerit.net","imerit.net","unknown","south"
"4876","client","imerit.net","imerit.net","unknown","south"
"4877","client","imerit.net","imerit.net","unknown","south"
"4878","client","imerit.net","imerit.net","unknown","south"
"4879","client","imerit.net","imerit.net","unknown","south"
"4880","client","imerit.net","imerit.net","unknown","south"
"4881","client","imerit.net","imerit.net","unknown","south"
"4882","client","imerit.net","imerit.net","unknown","south"
"4883","client","imerit.net","imerit.net","unknown","south"
"4884","client","imerit.net","imerit.net","unknown","south"
"4885","client","imerit.net","imerit.net","unknown","south"
"4886","client","imerit.net","imerit.net","unknown","south"
"4887","client","imerit.net","imerit.net","unknown","south"
"4888","client","imerit.net","imerit.net","unknown","south"
"4889","client","imerit.net","imerit.net","unknown","south"
"4890","client","imerit.net","imerit.net","unknown","south"
"4891","client","imerit.net","imerit.net","unknown","south"
"4892","client","imerit.net","imerit.net","unknown","south"
"4893","client","imerit.net","imerit.net","unknown","south"
"4894","client","imerit.net","imerit.net","unknown","south"
"4895","client","imerit.net","imerit.net","unknown","south"
"4896","client","imerit.net","imerit.net","unknown","south"
"4897","client","imerit.net","imerit.net","unknown","south"
"4898","client","imerit.net","imerit.net","unknown","south"
"4899","client","imerit.net","imerit.net","unknown","south"
"4900","client","imerit.net","imerit.net","unknown","south"
"4901","client","imerit.net","imerit.net","unknown","south"
"4902","client","imerit.net","imerit.net","unknown","south"
"4903","client","imerit.net","imerit.net","unknown","south"
"4904","client","imerit.net","imerit.net","unknown","south"
"4905","client","imerit.net","imerit.net","unknown","south"
"4906","client","imerit.net","imerit.net","unknown","south"
"4907","client","imerit.net","imerit.net","unknown","south"
"4908","client","imerit.net","imerit.net","unknown","south"
"4909","client","imerit.net","imerit.net","unknown","south"
"4910","client","imerit.net","imerit.net","unknown","south"
"4911","client","imerit.net","imerit.net","unknown","south"
"4912","client","imerit.net","imerit.net","unknown","south"
"4913","client","imerit.net","imerit.net","unknown","south"
"4914","client","imerit.net","imerit.net","unknown","south"
"4915","client","imerit.net","imerit.net","unknown","south"
"4916","client","imerit.net","imerit.net","unknown","south"
"4917","client","imerit.net","imerit.net","unknown","south"
"4918","client","imerit.net","imerit.net","unknown","south"
"4919","client","imerit.net","imerit.net","unknown","south"
"4920","client","imerit.net","imerit.net","unknown","south"
"4921","client","imerit.net","imerit.net","unknown","south"
"4922","client","imerit.net","imerit.net","unknown","south"
"4923","client","imerit.net","imerit.net","unknown","south"
"4924","client","imerit.net","imerit.net","unknown","south"
"4925","client","imerit.net","imerit.net","unknown","south"
"4926","client","imerit.net","imerit.net","unknown","south"
"4927","client","imerit.net","imerit.net","unknown","south"
"4928","client","imerit.net","imerit.net","unknown","south"
"4929","client","imerit.net","imerit.net","unknown","south"
"4930","client","imerit.net","imerit.net","unknown","south"
"4931","client","imerit.net","imerit.net","unknown","south"
"4932","client","imerit.net","imerit.net","unknown","south"
"4933","client","imerit.net","imerit.net","unknown","south"
"4934","client","imerit.net","imerit.net","unknown","south"
"4935","client","imerit.net","imerit.net","unknown","south"
"4936","client","imerit.net","imerit.net","unknown","south"
"4937","client","imerit.net","imerit.net","unknown","south"
"4938","client","imerit.net","imerit.net","unknown","south"
"4939","client","imerit.net","imerit.net","unknown","south"
"4940","client","imerit.net","imerit.net","unknown","south"
"4941","client","imerit.net","imerit.net","unknown","south"
"4942","client","imerit.net","imerit.net","unknown","south"
"4943","client","imerit.net","imerit.net","unknown","south"
"4944","client","imerit.net","imerit.net","unknown","south"
"4945","client","imerit.net","imerit.net","unknown","south"
"4946","client","imerit.net","imerit.net","unknown","south"
"4947","client","imerit.net","imerit.net","unknown","south"
"4948","client","imerit.net","imerit.net","unknown","south"
"4949","client","imerit.net","imerit.net","unknown","south"
"4950","client","imerit.net","imerit.net","unknown","south"
"4951","client","imerit.net","imerit.net","unknown","south"
"4952","client","imerit.net","imerit.net","unknown","south"
"4953","client","imerit.net","imerit.net","unknown","south"
"4954","client","imerit.net","imerit.net","unknown","south"
"4955","client","imerit.net","imerit.net","unknown","south"
"4956","client","imerit.net","imerit.net","unknown","south"
"4957","client","imerit.net","imerit.net","unknown","south"
"4958","client","imerit.net","imerit.net","unknown","south"
"4959","client","imerit.net","imerit.net","unknown","south"
"4960","client","imerit.net","imerit.net","unknown","south"
"4961","client","imerit.net","imerit.net","unknown","south"
"4962","client","imerit.net","imerit.net","unknown","south"
"4963","client","imerit.net","imerit.net","unknown","south"
"4964","client","imerit.net","imerit.net","unknown","south"
"4965","client","imerit.net","imerit.net","unknown","south"
"4966","client","imerit.net","imerit.net","unknown","south"
"4967","client","imerit.net","imerit.net","unknown","south"
"4968","client","imerit.net","imerit.net","unknown","south"
"4969","client","imerit.net","imerit.net","unknown","south"
"4970","client","imerit.net","imerit.net","unknown","south"
"4971","client","imerit.net","imerit.net","unknown","south"
"4972","client","imerit.net","imerit.net","unknown","south"
"4973","client","imerit.net","imerit.net","unknown","south"
"4974","client","imerit.net","imerit.net","unknown","south"
"4975","client","imerit.net","imerit.net","unknown","south"
"4976","client","imerit.net","imerit.net","unknown","south"
"4977","client","imerit.net","imerit.net","unknown","south"
"4978","client","imerit.net","imerit.net","unknown","south"
"4979","client","imerit.net","imerit.net","unknown","south"
"4980","client","imerit.net","imerit.net","unknown","south"
"4981","client","imerit.net","imerit.net","unknown","south"
"4982","client","imerit.net","imerit.net","unknown","south"
"4983","client","imerit.net","imerit.net","unknown","south"
"4984","client","imerit.net","imerit.net","unknown","south"
"4985","client","imerit.net","imerit.net","unknown","south"
"4986","client","imerit.net","imerit.net","unknown","south"
"4987","client","imerit.net","imerit.net","unknown","south"
"4988","client","imerit.net","imerit.net","unknown","south"
"4989","client","imerit.net","imerit.net","unknown","south"
"4990","client","imerit.net","imerit.net","unknown","south"
"4991","client","imerit.net","imerit.net","unknown","south"
"4992","client","imerit.net","imerit.net","unknown","south"
"4993","client","imerit.net","imerit.net","unknown","south"
"4994","client","imerit.net","imerit.net","unknown","south"
"4995","client","imerit.net","imerit.net","unknown","south"
"4996","client","imerit.net","imerit.net","unknown","south"
"4997","client","imerit.net","imerit.net","unknown","south"
"4998","client","imerit.net","imerit.net","unknown","south"
"4999","client","imerit.net","imerit.net","unknown","south"
"5000","client","imerit.net","imerit.net","unknown","south"
"5002","client","imerit.net","imerit.net","unknown","south"
"5003","client","imerit.net","imerit.net","unknown","south"
"5004","client","imerit.net","imerit.net","unknown","south"
"5006","client","imerit.net","imerit.net","unknown","south"
"5008","client","imerit.net","imerit.net","unknown","south"
"5009","client","imerit.net","imerit.net","unknown","south"
"5010","client","imerit.net","imerit.net","unknown","south"
"5011","client","imerit.net","imerit.net","unknown","south"
"5012","client","imerit.net","imerit.net","unknown","south"
"5013","client","imerit.net","imerit.net","unknown","south"
"5014","client","imerit.net","imerit.net","unknown","south"
"5015","client","imerit.net","imerit.net","unknown","south"
"5017","client","imerit.net","imerit.net","unknown","south"
"5018","client","imerit.net","imerit.net","unknown","south"
"5019","client","imerit.net","imerit.net","unknown","south"
"5020","client","imerit.net","imerit.net","unknown","south"
"5021","client","imerit.net","imerit.net","unknown","south"
"5022","client","imerit.net","imerit.net","unknown","south"
"5023","client","imerit.net","imerit.net","unknown","south"
"5024","client","imerit.net","imerit.net","unknown","south"
"5025","client","imerit.net","imerit.net","unknown","south"
"5026","client","imerit.net","imerit.net","unknown","south"
"5027","client","imerit.net","imerit.net","unknown","south"
"5028","client","imerit.net","imerit.net","unknown","south"
"5029","client","imerit.net","imerit.net","unknown","south"
"5030","client","imerit.net","imerit.net","unknown","south"
"5031","client","imerit.net","imerit.net","unknown","south"
"5032","client","imerit.net","imerit.net","unknown","south"
"5033","client","imerit.net","imerit.net","unknown","south"
"5034","client","imerit.net","imerit.net","unknown","south"
"5035","client","imerit.net","imerit.net","unknown","south"
"5036","client","imerit.net","imerit.net","unknown","south"
"5037","client","imerit.net","imerit.net","unknown","south"
"5038","client","imerit.net","imerit.net","unknown","south"
"5039","client","imerit.net","imerit.net","unknown","south"
"5040","client","imerit.net","imerit.net","unknown","south"
"5041","client","imerit.net","imerit.net","unknown","south"
"5042","client","imerit.net","imerit.net","unknown","south"
"5043","client","imerit.net","imerit.net","unknown","south"
"5044","client","imerit.net","imerit.net","unknown","south"
"5045","client","imerit.net","imerit.net","unknown","south"
"5046","client","imerit.net","imerit.net","unknown","south"
"5047","client","imerit.net","imerit.net","unknown","south"
"5048","client","imerit.net","imerit.net","unknown","south"
"5049","client","imerit.net","imerit.net","unknown","south"
"5050","client","imerit.net","imerit.net","unknown","south"
"5051","client","imerit.net","imerit.net","unknown","south"
"5052","client","imerit.net","imerit.net","unknown","south"
"5053","client","imerit.net","imerit.net","unknown","south"
"5054","client","imerit.net","imerit.net","unknown","south"
"5055","client","imerit.net","imerit.net","unknown","south"
"5056","client","imerit.net","imerit.net","unknown","south"
"5058","client","imerit.net","imerit.net","unknown","south"
"5059","client","imerit.net","imerit.net","unknown","south"
"5060","client","imerit.net","imerit.net","unknown","south"
"5061","client","imerit.net","imerit.net","unknown","south"
"5062","client","imerit.net","imerit.net","unknown","south"
"5063","client","imerit.net","imerit.net","unknown","south"
"5064","client","imerit.net","imerit.net","unknown","south"
"5065","client","imerit.net","imerit.net","unknown","south"
"5066","client","imerit.net","imerit.net","unknown","south"
"5067","client","imerit.net","imerit.net","unknown","south"
"5068","client","imerit.net","imerit.net","unknown","south"
"5069","client","imerit.net","imerit.net","unknown","south"
"5070","client","imerit.net","imerit.net","unknown","south"
"5071","client","imerit.net","imerit.net","unknown","south"
"5072","client","imerit.net","imerit.net","unknown","south"
"5073","client","imerit.net","imerit.net","unknown","south"
"5074","client","imerit.net","imerit.net","unknown","south"
"5076","client","imerit.net","imerit.net","unknown","south"
"5077","client","imerit.net","imerit.net","unknown","south"
"5078","client","imerit.net","imerit.net","unknown","south"
"5079","client","imerit.net","imerit.net","unknown","south"
"5080","client","imerit.net","imerit.net","unknown","south"
"5081","client","imerit.net","imerit.net","unknown","south"
"5082","client","imerit.net","imerit.net","unknown","south"
"5083","client","imerit.net","imerit.net","unknown","south"
"5084","client","imerit.net","imerit.net","unknown","south"
"5085","client","imerit.net","imerit.net","unknown","south"
"5086","client","imerit.net","imerit.net","unknown","south"
"5087","client","imerit.net","imerit.net","unknown","south"
"5088","client","imerit.net","imerit.net","unknown","south"
"5089","client","imerit.net","imerit.net","unknown","south"
"5090","client","imerit.net","imerit.net","unknown","south"
"5091","client","imerit.net","imerit.net","unknown","south"
"5092","client","imerit.net","imerit.net","unknown","south"
"5093","client","imerit.net","imerit.net","unknown","south"
"5094","client","imerit.net","imerit.net","unknown","south"
"5095","client","imerit.net","imerit.net","unknown","south"
"5096","client","imerit.net","imerit.net","unknown","south"
"5097","client","imerit.net","imerit.net","unknown","south"
"5098","client","imerit.net","imerit.net","unknown","south"
"5099","client","imerit.net","imerit.net","unknown","south"
"5100","client","imerit.net","imerit.net","unknown","south"
"5101","client","imerit.net","imerit.net","unknown","south"
"5102","client","imerit.net","imerit.net","unknown","south"
"5103","client","imerit.net","imerit.net","unknown","south"
"5104","client","imerit.net","imerit.net","unknown","south"
"5105","client","imerit.net","imerit.net","unknown","south"
"5106","client","imerit.net","imerit.net","unknown","south"
"5107","client","imerit.net","imerit.net","unknown","south"
"5108","client","imerit.net","imerit.net","unknown","south"
"5109","client","imerit.net","imerit.net","unknown","south"
"5110","client","imerit.net","imerit.net","unknown","south"
"5111","client","imerit.net","imerit.net","unknown","south"
"5112","client","imerit.net","imerit.net","unknown","south"
"5113","client","imerit.net","imerit.net","unknown","south"
"5114","client","imerit.net","imerit.net","unknown","south"
"5115","client","imerit.net","imerit.net","unknown","south"
"5116","client","imerit.net","imerit.net","unknown","south"
"5117","client","imerit.net","imerit.net","unknown","south"
"5118","client","imerit.net","imerit.net","unknown","south"
"5119","client","imerit.net","imerit.net","unknown","south"
"5120","client","imerit.net","imerit.net","unknown","south"
"5121","client","imerit.net","imerit.net","unknown","south"
"5122","client","imerit.net","imerit.net","unknown","south"
"5124","client","imerit.net","imerit.net","unknown","south"
"5125","client","imerit.net","imerit.net","unknown","south"
"5126","client","imerit.net","imerit.net","unknown","south"
"5127","client","imerit.net","imerit.net","unknown","south"
"5128","client","imerit.net","imerit.net","unknown","south"
"5129","client","imerit.net","imerit.net","unknown","south"
"5130","client","imerit.net","imerit.net","unknown","south"
"5131","client","imerit.net","imerit.net","unknown","south"
"5132","client","imerit.net","imerit.net","unknown","south"
"5134","client","imerit.net","imerit.net","unknown","south"
"5135","client","imerit.net","imerit.net","unknown","south"
"5136","client","imerit.net","imerit.net","unknown","south"
"5137","client","imerit.net","imerit.net","unknown","south"
"5138","client","imerit.net","imerit.net","unknown","south"
"5139","client","imerit.net","imerit.net","unknown","south"
"5140","client","imerit.net","imerit.net","unknown","south"
"5141","client","imerit.net","imerit.net","unknown","south"
"5142","client","imerit.net","imerit.net","unknown","south"
"5143","client","imerit.net","imerit.net","unknown","south"
"5144","client","imerit.net","imerit.net","unknown","south"
"5145","client","imerit.net","imerit.net","unknown","south"
"5146","client","imerit.net","imerit.net","unknown","south"
"5147","client","imerit.net","imerit.net","unknown","south"
"5148","client","imerit.net","imerit.net","unknown","south"
"5149","client","imerit.net","imerit.net","unknown","south"
"5150","client","imerit.net","imerit.net","unknown","south"
"5151","client","imerit.net","imerit.net","unknown","south"
"5152","client","imerit.net","imerit.net","unknown","south"
"5153","client","imerit.net","imerit.net","unknown","south"
"5154","client","imerit.net","imerit.net","unknown","south"
"5155","client","imerit.net","imerit.net","unknown","south"
"5156","client","imerit.net","imerit.net","unknown","south"
"5157","client","imerit.net","imerit.net","unknown","south"
"5158","client","imerit.net","imerit.net","unknown","south"
"5159","client","imerit.net","imerit.net","unknown","south"
"5160","client","imerit.net","imerit.net","unknown","south"
"5161","client","imerit.net","imerit.net","unknown","south"
"5162","client","imerit.net","imerit.net","unknown","south"
"5163","client","imerit.net","imerit.net","unknown","south"
"5164","client","imerit.net","imerit.net","unknown","south"
"5165","client","imerit.net","imerit.net","unknown","south"
"5166","client","imerit.net","imerit.net","unknown","south"
"5167","client","imerit.net","imerit.net","unknown","south"
"5168","client","imerit.net","imerit.net","unknown","south"
"5169","client","imerit.net","imerit.net","unknown","south"
"5170","client","imerit.net","imerit.net","unknown","south"
"5171","client","imerit.net","imerit.net","unknown","south"
"5172","client","imerit.net","imerit.net","unknown","south"
"5173","client","imerit.net","imerit.net","unknown","south"
"5174","client","imerit.net","imerit.net","unknown","south"
"5175","client","imerit.net","imerit.net","unknown","south"
"5176","client","imerit.net","imerit.net","unknown","south"
"5177","client","imerit.net","imerit.net","unknown","south"
"5178","client","imerit.net","imerit.net","unknown","south"
"5179","client","imerit.net","imerit.net","unknown","south"
"5180","client","imerit.net","imerit.net","unknown","south"
"5181","client","imerit.net","imerit.net","unknown","south"
"5182","client","imerit.net","imerit.net","unknown","south"
"5183","client","imerit.net","imerit.net","unknown","south"
"5184","client","imerit.net","imerit.net","unknown","south"
"5185","client","imerit.net","imerit.net","unknown","south"
"5193","client","imerit.net","imerit.net","unknown","south"
"5194","client","imerit.net","imerit.net","unknown","south"
"5195","client","imerit.net","imerit.net","unknown","south"
"5196","client","imerit.net","imerit.net","unknown","south"
"5197","client","imerit.net","imerit.net","unknown","south"
"5198","client","imerit.net","imerit.net","unknown","south"
"5199","client","imerit.net","imerit.net","unknown","south"
"5200","client","imerit.net","imerit.net","unknown","south"
"5201","client","imerit.net","imerit.net","unknown","south"
"5202","client","imerit.net","imerit.net","unknown","south"
"5203","client","imerit.net","imerit.net","unknown","south"
"5204","client","imerit.net","imerit.net","unknown","south"
"5205","client","imerit.net","imerit.net","unknown","south"
"5206","client","imerit.net","imerit.net","unknown","south"
"5207","client","imerit.net","imerit.net","unknown","south"
"5208","client","imerit.net","imerit.net","unknown","south"
"5209","client","imerit.net","imerit.net","unknown","south"
"5210","client","imerit.net","imerit.net","unknown","south"
"5211","client","imerit.net","imerit.net","unknown","south"
"5212","client","imerit.net","imerit.net","unknown","south"
"5213","client","imerit.net","imerit.net","unknown","south"
"5214","client","imerit.net","imerit.net","unknown","south"
"5215","client","imerit.net","imerit.net","unknown","south"
"5216","client","imerit.net","imerit.net","unknown","south"
"5217","client","imerit.net","imerit.net","unknown","south"
"5218","client","imerit.net","imerit.net","unknown","south"
"5219","client","imerit.net","imerit.net","unknown","south"
"5220","client","imerit.net","imerit.net","unknown","south"
"5221","client","imerit.net","imerit.net","unknown","south"
"5222","client","imerit.net","imerit.net","unknown","south"
"5223","client","imerit.net","imerit.net","unknown","south"
"5224","client","imerit.net","imerit.net","unknown","south"
"5225","client","imerit.net","imerit.net","unknown","south"
"5226","client","imerit.net","imerit.net","unknown","south"
"5227","client","imerit.net","imerit.net","unknown","south"
"5228","client","imerit.net","imerit.net","unknown","south"
"5229","client","imerit.net","imerit.net","unknown","south"
"5230","client","imerit.net","imerit.net","unknown","south"
"5231","client","imerit.net","imerit.net","unknown","south"
"5232","client","imerit.net","imerit.net","unknown","south"
"5234","client","imerit.net","imerit.net","unknown","south"
"5235","client","imerit.net","imerit.net","unknown","south"
"5236","client","imerit.net","imerit.net","unknown","south"
"5237","client","imerit.net","imerit.net","unknown","south"
"5238","client","imerit.net","imerit.net","unknown","south"
"5239","client","imerit.net","imerit.net","unknown","south"
"5240","client","imerit.net","imerit.net","unknown","south"
"5241","client","imerit.net","imerit.net","unknown","south"
"5242","client","imerit.net","imerit.net","unknown","south"
"5243","client","imerit.net","imerit.net","unknown","south"
"5244","client","imerit.net","imerit.net","unknown","south"
"5245","client","imerit.net","imerit.net","unknown","south"
"5246","client","imerit.net","imerit.net","unknown","south"
"5247","client","imerit.net","imerit.net","unknown","south"
"5248","client","imerit.net","imerit.net","unknown","south"
"5249","client","imerit.net","imerit.net","unknown","south"
"5250","client","imerit.net","imerit.net","unknown","south"
"5251","client","imerit.net","imerit.net","unknown","south"
"5252","client","imerit.net","imerit.net","unknown","south"
"5265","client","imerit.net","imerit.net","unknown","south"
"5266","client","imerit.net","imerit.net","unknown","south"
"5267","client","imerit.net","imerit.net","unknown","south"
"5268","client","imerit.net","imerit.net","unknown","south"
"5269","client","imerit.net","imerit.net","unknown","south"
"5270","client","imerit.net","imerit.net","unknown","south"
"5271","client","imerit.net","imerit.net","unknown","south"
"5273","client","imerit.net","imerit.net","unknown","south"
"5274","client","imerit.net","imerit.net","unknown","south"
"5275","client","imerit.net","imerit.net","unknown","south"
"5276","client","imerit.net","imerit.net","unknown","south"
"5277","client","imerit.net","imerit.net","unknown","south"
"5278","client","imerit.net","imerit.net","unknown","south"
"5279","client","imerit.net","imerit.net","unknown","south"
"5280","client","imerit.net","imerit.net","unknown","south"
"5282","client","imerit.net","imerit.net","unknown","south"
"5283","client","imerit.net","imerit.net","unknown","south"
"5285","client","imerit.net","imerit.net","unknown","south"
"5286","client","imerit.net","imerit.net","unknown","south"
"5289","client","imerit.net","imerit.net","unknown","south"
"5290","client","imerit.net","imerit.net","unknown","south"
"5293","client","www.crowdworks.ai","crowdworks.ai","enterprise_bpo","north"
"5294","client","www.crowdworks.ai","crowdworks.ai","enterprise_bpo","north"
"5295","client","www.crowdworks.ai","crowdworks.ai","enterprise_bpo","north"
"5296","client","www.crowdworks.ai","crowdworks.ai","enterprise_bpo","north"
"5297","client","www.crowdworks.ai","crowdworks.ai","enterprise_bpo","north"
"5298","client","www.crowdworks.ai","crowdworks.ai","enterprise_bpo","north"
"5299","client","www.crowdworks.ai","crowdworks.ai","enterprise_bpo","north"
"5300","client","www.crowdworks.ai","crowdworks.ai","enterprise_bpo","north"
"5301","client","www.crowdworks.ai","crowdworks.ai","enterprise_bpo","north"
"5303","client","www.crowdworks.ai","crowdworks.ai","enterprise_bpo","north"
"5304","client","www.crowdworks.ai","crowdworks.ai","enterprise_bpo","north"
"5305","client","www.crowdworks.ai","crowdworks.ai","enterprise_bpo","north"
"5306","client","www.crowdworks.ai","crowdworks.ai","enterprise_bpo","north"
"5307","client","www.crowdworks.ai","crowdworks.ai","enterprise_bpo","north"
"5309","client","www.crowdworks.ai","crowdworks.ai","enterprise_bpo","north"
"5310","client","www.crowdworks.ai","crowdworks.ai","enterprise_bpo","north"
"5311","client","www.crowdworks.ai","crowdworks.ai","enterprise_bpo","north"
"5312","client","www.crowdworks.ai","crowdworks.ai","enterprise_bpo","north"
"5313","client","www.crowdworks.ai","crowdworks.ai","enterprise_bpo","north"
"5314","client","www.crowdworks.ai","crowdworks.ai","enterprise_bpo","north"
"5316","client","www.crowdworks.ai","crowdworks.ai","enterprise_bpo","north"
"5317","client","www.crowdworks.ai","crowdworks.ai","enterprise_bpo","north"
"5318","client","www.crowdworks.ai","crowdworks.ai","enterprise_bpo","north"
"5319","client","www.crowdworks.ai","crowdworks.ai","enterprise_bpo","north"
"5320","client","www.crowdworks.ai","crowdworks.ai","enterprise_bpo","north"
"5321","client","www.crowdworks.ai","crowdworks.ai","enterprise_bpo","north"
"5322","client","www.crowdworks.ai","crowdworks.ai","enterprise_bpo","north"
"5323","client","www.crowdworks.ai","crowdworks.ai","enterprise_bpo","north"
"5324","client","www.crowdworks.ai","crowdworks.ai","enterprise_bpo","north"
"5325","client","www.crowdworks.ai","crowdworks.ai","enterprise_bpo","north"
"5326","client","www.crowdworks.ai","crowdworks.ai","enterprise_bpo","north"
"5327","client","www.crowdworks.ai","crowdworks.ai","enterprise_bpo","north"
"5328","client","www.crowdworks.ai","crowdworks.ai","enterprise_bpo","north"
"5331","client","www.crowdworks.ai","crowdworks.ai","enterprise_bpo","north"
"5332","client","www.crowdworks.ai","crowdworks.ai","enterprise_bpo","north"
"5336","client","www.crowdworks.ai","crowdworks.ai","enterprise_bpo","north"
"5340","client","www.crowdworks.ai","crowdworks.ai","enterprise_bpo","north"
"5341","client","www.crowdworks.ai","crowdworks.ai","enterprise_bpo","north"
"5343","client","www.crowdworks.ai","crowdworks.ai","enterprise_bpo","north"
"5345","client","www.cloudfactory.com","cloudfactory.com","unknown","south"
"5346","client","www.cloudfactory.com","cloudfactory.com","unknown","south"
"5347","client","www.cloudfactory.com","cloudfactory.com","unknown","south"
"5348","client","www.cloudfactory.com","cloudfactory.com","unknown","south"
"5349","client","www.cloudfactory.com","cloudfactory.com","unknown","south"
"5350","client","www.cloudfactory.com","cloudfactory.com","unknown","south"
"5351","client","www.cloudfactory.com","cloudfactory.com","unknown","south"
"5352","client","www.cloudfactory.com","cloudfactory.com","unknown","south"
"5353","client","www.cloudfactory.com","cloudfactory.com","unknown","south"
"5354","client","www.cloudfactory.com","cloudfactory.com","unknown","south"
"5355","client","www.cloudfactory.com","cloudfactory.com","unknown","south"
"5356","client","www.cloudfactory.com","cloudfactory.com","unknown","south"
"5357","client","www.cloudfactory.com","cloudfactory.com","unknown","south"
"5358","client","www.cloudfactory.com","cloudfactory.com","unknown","south"
"5359","client","www.cloudfactory.com","cloudfactory.com","unknown","south"
"5360","client","www.cloudfactory.com","cloudfactory.com","unknown","south"
"5361","client","www.cloudfactory.com","cloudfactory.com","unknown","south"
"5362","client","www.cloudfactory.com","cloudfactory.com","unknown","south"
"5363","client","www.cloudfactory.com","cloudfactory.com","unknown","south"
"5364","client","www.cloudfactory.com","cloudfactory.com","unknown","south"
"5365","client","www.cloudfactory.com","cloudfactory.com","unknown","south"
"5366","client","www.cloudfactory.com","cloudfactory.com","unknown","south"
"5367","client","www.cloudfactory.com","cloudfactory.com","unknown","south"
"5368","client","www.cloudfactory.com","cloudfactory.com","unknown","south"
"5369","client","www.cloudfactory.com","cloudfactory.com","unknown","south"
"5370","client","www.cloudfactory.com","cloudfactory.com","unknown","south"
"5371","client","www.cloudfactory.com","cloudfactory.com","unknown","south"
"5372","client","www.cloudfactory.com","cloudfactory.com","unknown","south"
"5373","client","www.cloudfactory.com","cloudfactory.com","unknown","south"
"5374","client","www.cloudfactory.com","cloudfactory.com","unknown","south"
"5375","client","www.cloudfactory.com","cloudfactory.com","unknown","south"
"5376","client","www.cloudfactory.com","cloudfactory.com","unknown","south"
"5377","client","www.cloudfactory.com","cloudfactory.com","unknown","south"
"5378","client","www.cloudfactory.com","cloudfactory.com","unknown","south"
"5379","client","www.cloudfactory.com","cloudfactory.com","unknown","south"
"5380","client","www.cloudfactory.com","cloudfactory.com","unknown","south"
"5381","client","www.cloudfactory.com","cloudfactory.com","unknown","south"
"5382","client","www.cloudfactory.com","cloudfactory.com","unknown","south"
"5383","client","www.cloudfactory.com","cloudfactory.com","unknown","south"
"5384","client","www.cloudfactory.com","cloudfactory.com","unknown","south"
"5385","client","www.cloudfactory.com","cloudfactory.com","unknown","south"
"5386","client","www.cloudfactory.com","cloudfactory.com","unknown","south"
"5387","client","www.cloudfactory.com","cloudfactory.com","unknown","south"
"5388","client","www.cloudfactory.com","cloudfactory.com","unknown","south"
"5389","client","www.cloudfactory.com","cloudfactory.com","unknown","south"
"5390","client","www.cloudfactory.com","cloudfactory.com","unknown","south"
"5391","client","www.cloudfactory.com","cloudfactory.com","unknown","south"
"5392","client","www.cloudfactory.com","cloudfactory.com","unknown","south"
"5393","client","www.cloudfactory.com","cloudfactory.com","unknown","south"
"5394","client","www.cloudfactory.com","cloudfactory.com","unknown","south"
"5395","client","www.cloudfactory.com","cloudfactory.com","unknown","south"
"5396","client","www.cloudfactory.com","cloudfactory.com","unknown","south"
"5397","client","www.cloudfactory.com","cloudfactory.com","unknown","south"
"5398","client","www.cloudfactory.com","cloudfactory.com","unknown","south"
"5399","client","www.cloudfactory.com","cloudfactory.com","unknown","south"
"5400","client","www.cloudfactory.com","cloudfactory.com","unknown","south"
"5401","client","www.cloudfactory.com","cloudfactory.com","unknown","south"
"5402","client","www.cloudfactory.com","cloudfactory.com","unknown","south"
"5403","client","www.cloudfactory.com","cloudfactory.com","unknown","south"
"5404","client","www.cloudfactory.com","cloudfactory.com","unknown","south"
"5405","client","www.cloudfactory.com","cloudfactory.com","unknown","south"
"5406","client","www.cloudfactory.com","cloudfactory.com","unknown","south"
"5407","client","www.cloudfactory.com","cloudfactory.com","unknown","south"
"5408","client","www.cloudfactory.com","cloudfactory.com","unknown","south"
"5409","client","www.cloudfactory.com","cloudfactory.com","unknown","south"
"5410","client","www.cloudfactory.com","cloudfactory.com","unknown","south"
"5411","client","www.cloudfactory.com","cloudfactory.com","unknown","south"
"5412","client","www.cloudfactory.com","cloudfactory.com","unknown","south"
"5413","client","www.cloudfactory.com","cloudfactory.com","unknown","south"
"5414","client","www.cloudfactory.com","cloudfactory.com","unknown","south"
"5415","client","www.cloudfactory.com","cloudfactory.com","unknown","south"
"5416","client","www.cloudfactory.com","cloudfactory.com","unknown","south"
"5417","client","www.cloudfactory.com","cloudfactory.com","unknown","south"
"5418","client","www.cloudfactory.com","cloudfactory.com","unknown","south"
"5419","client","www.cloudfactory.com","cloudfactory.com","unknown","south"
"5420","client","www.cloudfactory.com","cloudfactory.com","unknown","south"
"5421","client","www.cloudfactory.com","cloudfactory.com","unknown","south"
"5422","client","www.cloudfactory.com","cloudfactory.com","unknown","south"
"5423","client","www.cloudfactory.com","cloudfactory.com","unknown","south"
"5424","client","www.cloudfactory.com","cloudfactory.com","unknown","south"
"5425","client","www.cloudfactory.com","cloudfactory.com","unknown","south"
"5426","client","www.cloudfactory.com","cloudfactory.com","unknown","south"
"5427","client","www.cloudfactory.com","cloudfactory.com","unknown","south"
"5428","client","www.cloudfactory.com","cloudfactory.com","unknown","south"
"5429","client","www.cloudfactory.com","cloudfactory.com","unknown","south"
"5430","client","www.cloudfactory.com","cloudfactory.com","unknown","south"
"5431","client","www.cloudfactory.com","cloudfactory.com","unknown","south"
"5432","client","www.cloudfactory.com","cloudfactory.com","unknown","south"
"5433","client","www.cloudfactory.com","cloudfactory.com","unknown","south"
"5434","client","www.cloudfactory.com","cloudfactory.com","unknown","south"
"5435","client","www.cloudfactory.com","cloudfactory.com","unknown","south"
"5436","client","www.cloudfactory.com","cloudfactory.com","unknown","south"
"5437","client","www.cloudfactory.com","cloudfactory.com","unknown","south"
"5438","client","www.cloudfactory.com","cloudfactory.com","unknown","south"
"5439","client","www.cloudfactory.com","cloudfactory.com","unknown","south"
"5440","client","www.cloudfactory.com","cloudfactory.com","unknown","south"
"5441","client","www.cloudfactory.com","cloudfactory.com","unknown","south"
"5442","client","www.cloudfactory.com","cloudfactory.com","unknown","south"
"5443","client","www.cloudfactory.com","cloudfactory.com","unknown","south"
"5444","client","www.cloudfactory.com","cloudfactory.com","unknown","south"
"5445","client","www.cloudfactory.com","cloudfactory.com","unknown","south"
"5446","client","www.cloudfactory.com","cloudfactory.com","unknown","south"
"5447","client","www.cloudfactory.com","cloudfactory.com","unknown","south"
"5448","client","www.cloudfactory.com","cloudfactory.com","unknown","south"
"5449","client","www.cloudfactory.com","cloudfactory.com","unknown","south"
"5450","client","www.cloudfactory.com","cloudfactory.com","unknown","south"
"5451","client","www.cloudfactory.com","cloudfactory.com","unknown","south"
"5452","client","www.cloudfactory.com","cloudfactory.com","unknown","south"
"5453","client","www.cloudfactory.com","cloudfactory.com","unknown","south"
"5454","client","www.cloudfactory.com","cloudfactory.com","unknown","south"
"5455","client","www.cloudfactory.com","cloudfactory.com","unknown","south"
"5456","client","www.cloudfactory.com","cloudfactory.com","unknown","south"
"5457","client","www.cloudfactory.com","cloudfactory.com","unknown","south"
"5458","client","www.cloudfactory.com","cloudfactory.com","unknown","south"
"5459","client","www.cloudfactory.com","cloudfactory.com","unknown","south"
"5460","client","www.cloudfactory.com","cloudfactory.com","unknown","south"
"5461","client","www.cloudfactory.com","cloudfactory.com","unknown","south"
"5462","client","www.cloudfactory.com","cloudfactory.com","unknown","south"
"5463","client","www.cloudfactory.com","cloudfactory.com","unknown","south"
"5464","client","www.cloudfactory.com","cloudfactory.com","unknown","south"
"5465","client","www.cloudfactory.com","cloudfactory.com","unknown","south"
"5466","client","www.cloudfactory.com","cloudfactory.com","unknown","south"
"5467","client","www.cloudfactory.com","cloudfactory.com","unknown","south"
"5468","client","www.cloudfactory.com","cloudfactory.com","unknown","south"
"5469","client","www.cloudfactory.com","cloudfactory.com","unknown","south"
"5470","client","www.cloudfactory.com","cloudfactory.com","unknown","south"
"5471","client","www.cloudfactory.com","cloudfactory.com","unknown","south"
"5472","client","www.cloudfactory.com","cloudfactory.com","unknown","south"
"5473","client","www.cloudfactory.com","cloudfactory.com","unknown","south"
"5474","client","www.cloudfactory.com","cloudfactory.com","unknown","south"
"5475","client","www.cloudfactory.com","cloudfactory.com","unknown","south"
"5476","client","www.cloudfactory.com","cloudfactory.com","unknown","south"
"5477","client","www.cloudfactory.com","cloudfactory.com","unknown","south"
"5478","client","www.cloudfactory.com","cloudfactory.com","unknown","south"
"5479","client","www.cloudfactory.com","cloudfactory.com","unknown","south"
"5480","client","www.cloudfactory.com","cloudfactory.com","unknown","south"
"5481","client","www.cloudfactory.com","cloudfactory.com","unknown","south"
"5483","client","www.cloudfactory.com","cloudfactory.com","unknown","south"
"5484","client","www.cloudfactory.com","cloudfactory.com","unknown","south"
"5485","client","www.cloudfactory.com","cloudfactory.com","unknown","south"
"5486","client","www.cloudfactory.com","cloudfactory.com","unknown","south"
"5487","client","www.cloudfactory.com","cloudfactory.com","unknown","south"
"5488","client","www.cloudfactory.com","cloudfactory.com","unknown","south"
"5489","client","www.cloudfactory.com","cloudfactory.com","unknown","south"
"5490","client","www.cloudfactory.com","cloudfactory.com","unknown","south"
"5491","client","www.cloudfactory.com","cloudfactory.com","unknown","south"
"5492","client","www.cloudfactory.com","cloudfactory.com","unknown","south"
"5493","client","www.cloudfactory.com","cloudfactory.com","unknown","south"
"5494","client","www.cloudfactory.com","cloudfactory.com","unknown","south"
"5495","client","www.cloudfactory.com","cloudfactory.com","unknown","south"
"5496","client","www.cloudfactory.com","cloudfactory.com","unknown","south"
"5497","client","www.cloudfactory.com","cloudfactory.com","unknown","south"
"5498","client","www.cloudfactory.com","cloudfactory.com","unknown","south"
"5499","client","www.cloudfactory.com","cloudfactory.com","unknown","south"
"5500","client","www.cloudfactory.com","cloudfactory.com","unknown","south"
"5501","client","www.cloudfactory.com","cloudfactory.com","unknown","south"
"5502","client","www.cloudfactory.com","cloudfactory.com","unknown","south"
"5503","client","www.cloudfactory.com","cloudfactory.com","unknown","south"
"5504","client","www.cloudfactory.com","cloudfactory.com","unknown","south"
"5505","client","www.cloudfactory.com","cloudfactory.com","unknown","south"
"5506","client","www.cloudfactory.com","cloudfactory.com","unknown","south"
"5507","client","www.cloudfactory.com","cloudfactory.com","unknown","south"
"5508","client","www.cloudfactory.com","cloudfactory.com","unknown","south"
"5509","client","www.cloudfactory.com","cloudfactory.com","unknown","south"
"5510","client","www.cloudfactory.com","cloudfactory.com","unknown","south"
"5511","client","www.cloudfactory.com","cloudfactory.com","unknown","south"
"5512","client","www.cloudfactory.com","cloudfactory.com","unknown","south"
"5513","client","www.cloudfactory.com","cloudfactory.com","unknown","south"
"5514","client","www.cloudfactory.com","cloudfactory.com","unknown","south"
"5515","client","www.cloudfactory.com","cloudfactory.com","unknown","south"
"5516","client","www.cloudfactory.com","cloudfactory.com","unknown","south"
"5517","client","www.cloudfactory.com","cloudfactory.com","unknown","south"
"5518","client","www.cloudfactory.com","cloudfactory.com","unknown","south"
"5519","client","www.cloudfactory.com","cloudfactory.com","unknown","south"
"5520","client","www.cloudfactory.com","cloudfactory.com","unknown","south"
"5521","client","www.cloudfactory.com","cloudfactory.com","unknown","south"
"5522","client","www.cloudfactory.com","cloudfactory.com","unknown","south"
"5523","client","www.cloudfactory.com","cloudfactory.com","unknown","south"
"5524","client","www.cloudfactory.com","cloudfactory.com","unknown","south"
"5525","client","www.cloudfactory.com","cloudfactory.com","unknown","south"
"5526","client","www.cloudfactory.com","cloudfactory.com","unknown","south"
"5527","client","www.cloudfactory.com","cloudfactory.com","unknown","south"
"5528","client","www.cloudfactory.com","cloudfactory.com","unknown","south"
"5529","client","www.cloudfactory.com","cloudfactory.com","unknown","south"
"5530","client","www.cloudfactory.com","cloudfactory.com","unknown","south"
"5531","client","www.cloudfactory.com","cloudfactory.com","unknown","south"
"5532","client","www.cloudfactory.com","cloudfactory.com","unknown","south"
"5533","client","www.cloudfactory.com","cloudfactory.com","unknown","south"
"5534","client","www.cloudfactory.com","cloudfactory.com","unknown","south"
"5535","client","www.cloudfactory.com","cloudfactory.com","unknown","south"
"5536","client","www.cloudfactory.com","cloudfactory.com","unknown","south"
"5537","client","www.cloudfactory.com","cloudfactory.com","unknown","south"
"5539","client","www.cloudfactory.com","cloudfactory.com","unknown","south"
"5540","client","www.cloudfactory.com","cloudfactory.com","unknown","south"
"5541","client","www.cloudfactory.com","cloudfactory.com","unknown","south"
"5542","client","www.cloudfactory.com","cloudfactory.com","unknown","south"
"5543","client","www.cloudfactory.com","cloudfactory.com","unknown","south"
"5544","client","www.cloudfactory.com","cloudfactory.com","unknown","south"
"5545","client","www.cloudfactory.com","cloudfactory.com","unknown","south"
"5546","client","www.cloudfactory.com","cloudfactory.com","unknown","south"
"5547","client","www.cloudfactory.com","cloudfactory.com","unknown","south"
"5548","client","www.cloudfactory.com","cloudfactory.com","unknown","south"
"5549","client","www.cloudfactory.com","cloudfactory.com","unknown","south"
"5550","client","www.cloudfactory.com","cloudfactory.com","unknown","south"
"5551","client","www.cloudfactory.com","cloudfactory.com","unknown","south"
"5552","client","www.cloudfactory.com","cloudfactory.com","unknown","south"
"5553","client","www.cloudfactory.com","cloudfactory.com","unknown","south"
"5554","client","www.cloudfactory.com","cloudfactory.com","unknown","south"
"5555","client","www.cloudfactory.com","cloudfactory.com","unknown","south"
"5556","client","www.cloudfactory.com","cloudfactory.com","unknown","south"
"5557","client","www.cloudfactory.com","cloudfactory.com","unknown","south"
"5558","client","www.cloudfactory.com","cloudfactory.com","unknown","south"
"5560","client","www.cloudfactory.com","cloudfactory.com","unknown","south"
"5561","client","www.cloudfactory.com","cloudfactory.com","unknown","south"
"5562","client","www.cloudfactory.com","cloudfactory.com","unknown","south"
"5563","client","www.cloudfactory.com","cloudfactory.com","unknown","south"
"5564","client","www.cloudfactory.com","cloudfactory.com","unknown","south"
"5565","client","www.cloudfactory.com","cloudfactory.com","unknown","south"
"5566","client","www.cloudfactory.com","cloudfactory.com","unknown","south"
"5567","client","www.cloudfactory.com","cloudfactory.com","unknown","south"
"5568","client","www.cloudfactory.com","cloudfactory.com","unknown","south"
"5569","client","www.cloudfactory.com","cloudfactory.com","unknown","south"
"5570","client","www.cloudfactory.com","cloudfactory.com","unknown","south"
"5571","client","www.cloudfactory.com","cloudfactory.com","unknown","south"
"5572","client","www.cloudfactory.com","cloudfactory.com","unknown","south"
"5573","client","www.cloudfactory.com","cloudfactory.com","unknown","south"
"5574","client","www.cloudfactory.com","cloudfactory.com","unknown","south"
"5576","client","www.cloudfactory.com","cloudfactory.com","unknown","south"
"5577","client","www.cloudfactory.com","cloudfactory.com","unknown","south"
"5578","client","www.cloudfactory.com","cloudfactory.com","unknown","south"
"5579","client","www.cloudfactory.com","cloudfactory.com","unknown","south"
"5580","client","www.cloudfactory.com","cloudfactory.com","unknown","south"
"5581","client","www.cloudfactory.com","cloudfactory.com","unknown","south"
"5582","client","www.cloudfactory.com","cloudfactory.com","unknown","south"
"5583","client","www.cloudfactory.com","cloudfactory.com","unknown","south"
"5584","client","www.cloudfactory.com","cloudfactory.com","unknown","south"
"5585","client","www.cloudfactory.com","cloudfactory.com","unknown","south"
"5586","client","www.cloudfactory.com","cloudfactory.com","unknown","south"
"5587","client","www.cloudfactory.com","cloudfactory.com","unknown","south"
"5588","client","www.cloudfactory.com","cloudfactory.com","unknown","south"
"5589","client","www.cloudfactory.com","cloudfactory.com","unknown","south"
"5590","client","www.cloudfactory.com","cloudfactory.com","unknown","south"
"5591","client","www.cloudfactory.com","cloudfactory.com","unknown","south"
"5592","client","www.cloudfactory.com","cloudfactory.com","unknown","south"
"5593","client","www.cloudfactory.com","cloudfactory.com","unknown","south"
"5594","client","www.cloudfactory.com","cloudfactory.com","unknown","south"
"5595","client","www.cloudfactory.com","cloudfactory.com","unknown","south"
"5596","client","www.cloudfactory.com","cloudfactory.com","unknown","south"
"5597","client","www.cloudfactory.com","cloudfactory.com","unknown","south"
"5598","client","www.cloudfactory.com","cloudfactory.com","unknown","south"
"5599","client","www.cloudfactory.com","cloudfactory.com","unknown","south"
"5600","client","www.cloudfactory.com","cloudfactory.com","unknown","south"
"5601","client","www.cloudfactory.com","cloudfactory.com","unknown","south"
"5602","client","www.cloudfactory.com","cloudfactory.com","unknown","south"
"5603","client","www.cloudfactory.com","cloudfactory.com","unknown","south"
"5604","client","www.cloudfactory.com","cloudfactory.com","unknown","south"
"5605","client","www.cloudfactory.com","cloudfactory.com","unknown","south"
"5606","client","www.cloudfactory.com","cloudfactory.com","unknown","south"
"5607","client","www.cloudfactory.com","cloudfactory.com","unknown","south"
"5608","client","www.cloudfactory.com","cloudfactory.com","unknown","south"
"5609","client","www.cloudfactory.com","cloudfactory.com","unknown","south"
"5610","client","www.cloudfactory.com","cloudfactory.com","unknown","south"
"5611","client","www.cloudfactory.com","cloudfactory.com","unknown","south"
"5612","client","www.cloudfactory.com","cloudfactory.com","unknown","south"
"5613","client","www.cloudfactory.com","cloudfactory.com","unknown","south"
"5614","client","www.cloudfactory.com","cloudfactory.com","unknown","south"
"5615","client","www.cloudfactory.com","cloudfactory.com","unknown","south"
"5616","client","www.cloudfactory.com","cloudfactory.com","unknown","south"
"5617","client","www.cloudfactory.com","cloudfactory.com","unknown","south"
"5618","client","www.cloudfactory.com","cloudfactory.com","unknown","south"
"5619","client","www.cloudfactory.com","cloudfactory.com","unknown","south"
"5620","client","www.cloudfactory.com","cloudfactory.com","unknown","south"
"5621","client","www.cloudfactory.com","cloudfactory.com","unknown","south"
"5622","client","www.cloudfactory.com","cloudfactory.com","unknown","south"
"5623","client","www.cloudfactory.com","cloudfactory.com","unknown","south"
"5624","client","www.cloudfactory.com","cloudfactory.com","unknown","south"
"5625","client","www.cloudfactory.com","cloudfactory.com","unknown","south"
"5626","client","www.cloudfactory.com","cloudfactory.com","unknown","south"
"5627","client","www.cloudfactory.com","cloudfactory.com","unknown","south"
"5628","client","www.cloudfactory.com","cloudfactory.com","unknown","south"
"5629","client","www.cloudfactory.com","cloudfactory.com","unknown","south"
"5630","client","www.cloudfactory.com","cloudfactory.com","unknown","south"
"5631","client","www.cloudfactory.com","cloudfactory.com","unknown","south"
"5632","client","www.cloudfactory.com","cloudfactory.com","unknown","south"
"5633","client","www.cloudfactory.com","cloudfactory.com","unknown","south"
"5634","client","www.cloudfactory.com","cloudfactory.com","unknown","south"
"5635","client","www.cloudfactory.com","cloudfactory.com","unknown","south"
"5636","client","www.cloudfactory.com","cloudfactory.com","unknown","south"
"5637","client","www.cloudfactory.com","cloudfactory.com","unknown","south"
"5638","client","www.cloudfactory.com","cloudfactory.com","unknown","south"
"5639","client","www.cloudfactory.com","cloudfactory.com","unknown","south"
"5640","client","www.cloudfactory.com","cloudfactory.com","unknown","south"
"5641","client","www.cloudfactory.com","cloudfactory.com","unknown","south"
"5642","client","www.cloudfactory.com","cloudfactory.com","unknown","south"
"5643","client","www.cloudfactory.com","cloudfactory.com","unknown","south"
"5644","client","www.cloudfactory.com","cloudfactory.com","unknown","south"
"5645","client","www.cloudfactory.com","cloudfactory.com","unknown","south"
"5646","client","www.cloudfactory.com","cloudfactory.com","unknown","south"
"5647","client","www.cloudfactory.com","cloudfactory.com","unknown","south"
"5648","client","www.cloudfactory.com","cloudfactory.com","unknown","south"
"5649","client","www.cloudfactory.com","cloudfactory.com","unknown","south"
"5650","client","www.cloudfactory.com","cloudfactory.com","unknown","south"
"5651","client","www.cloudfactory.com","cloudfactory.com","unknown","south"
"5652","client","www.cloudfactory.com","cloudfactory.com","unknown","south"
"5653","client","www.cloudfactory.com","cloudfactory.com","unknown","south"
"5654","client","www.cloudfactory.com","cloudfactory.com","unknown","south"
"5655","client","www.cloudfactory.com","cloudfactory.com","unknown","south"
"5656","client","www.cloudfactory.com","cloudfactory.com","unknown","south"
"5657","client","www.cloudfactory.com","cloudfactory.com","unknown","south"
"5658","client","www.cloudfactory.com","cloudfactory.com","unknown","south"
"5659","client","www.cloudfactory.com","cloudfactory.com","unknown","south"
"5660","client","www.cloudfactory.com","cloudfactory.com","unknown","south"
"5661","client","www.cloudfactory.com","cloudfactory.com","unknown","south"
"5662","client","www.cloudfactory.com","cloudfactory.com","unknown","south"
"5663","client","www.cloudfactory.com","cloudfactory.com","unknown","south"
"5664","client","www.cloudfactory.com","cloudfactory.com","unknown","south"
"5665","client","www.cloudfactory.com","cloudfactory.com","unknown","south"
"5666","client","www.cloudfactory.com","cloudfactory.com","unknown","south"
"5667","client","www.cloudfactory.com","cloudfactory.com","unknown","south"
"5668","client","www.cloudfactory.com","cloudfactory.com","unknown","south"
"5669","client","www.cloudfactory.com","cloudfactory.com","unknown","south"
"5670","client","www.cloudfactory.com","cloudfactory.com","unknown","south"
"5671","client","www.cloudfactory.com","cloudfactory.com","unknown","south"
"5672","client","www.cloudfactory.com","cloudfactory.com","unknown","south"
"5673","client","www.cloudfactory.com","cloudfactory.com","unknown","south"
"5674","client","www.cloudfactory.com","cloudfactory.com","unknown","south"
"5675","client","www.cloudfactory.com","cloudfactory.com","unknown","south"
"5676","client","www.cloudfactory.com","cloudfactory.com","unknown","south"
"5677","client","www.cloudfactory.com","cloudfactory.com","unknown","south"
"5678","client","www.cloudfactory.com","cloudfactory.com","unknown","south"
"5679","client","www.cloudfactory.com","cloudfactory.com","unknown","south"
"5680","client","www.cloudfactory.com","cloudfactory.com","unknown","south"
"5681","client","www.cloudfactory.com","cloudfactory.com","unknown","south"
"5682","client","www.cloudfactory.com","cloudfactory.com","unknown","south"
"5683","client","www.cloudfactory.com","cloudfactory.com","unknown","south"
"5684","client","www.cloudfactory.com","cloudfactory.com","unknown","south"
"5685","client","www.cloudfactory.com","cloudfactory.com","unknown","south"
"5686","client","www.cloudfactory.com","cloudfactory.com","unknown","south"
"5687","client","www.cloudfactory.com","cloudfactory.com","unknown","south"
"5688","client","www.cloudfactory.com","cloudfactory.com","unknown","south"
"5689","client","www.cloudfactory.com","cloudfactory.com","unknown","south"
"5690","client","www.cloudfactory.com","cloudfactory.com","unknown","south"
"5691","client","www.cloudfactory.com","cloudfactory.com","unknown","south"
"5692","client","www.cloudfactory.com","cloudfactory.com","unknown","south"
"5693","client","www.cloudfactory.com","cloudfactory.com","unknown","south"
"5694","client","www.cloudfactory.com","cloudfactory.com","unknown","south"
"5695","client","www.cloudfactory.com","cloudfactory.com","unknown","south"
"5696","client","www.cloudfactory.com","cloudfactory.com","unknown","south"
"5697","client","www.cloudfactory.com","cloudfactory.com","unknown","south"
"5698","client","www.cloudfactory.com","cloudfactory.com","unknown","south"
"5700","client","www.cloudfactory.com","cloudfactory.com","unknown","south"
"5701","client","www.cloudfactory.com","cloudfactory.com","unknown","south"
"5702","client","www.cloudfactory.com","cloudfactory.com","unknown","south"
"5703","client","www.cloudfactory.com","cloudfactory.com","unknown","south"
"5704","client","www.cloudfactory.com","cloudfactory.com","unknown","south"
"5705","client","www.cloudfactory.com","cloudfactory.com","unknown","south"
"5706","client","www.cloudfactory.com","cloudfactory.com","unknown","south"
"5707","client","www.cloudfactory.com","cloudfactory.com","unknown","south"
"5708","client","www.cloudfactory.com","cloudfactory.com","unknown","south"
"5709","client","www.cloudfactory.com","cloudfactory.com","unknown","south"
"5710","client","www.cloudfactory.com","cloudfactory.com","unknown","south"
"5711","client","www.cloudfactory.com","cloudfactory.com","unknown","south"
"5712","client","www.cloudfactory.com","cloudfactory.com","unknown","south"
"5713","client","www.cloudfactory.com","cloudfactory.com","unknown","south"
"5714","client","www.cloudfactory.com","cloudfactory.com","unknown","south"
"5715","client","www.cloudfactory.com","cloudfactory.com","unknown","south"
"5716","client","www.cloudfactory.com","cloudfactory.com","unknown","south"
"5717","client","www.cloudfactory.com","cloudfactory.com","unknown","south"
"5718","client","www.cloudfactory.com","cloudfactory.com","unknown","south"
"5719","client","www.cloudfactory.com","cloudfactory.com","unknown","south"
"5720","client","www.cloudfactory.com","cloudfactory.com","unknown","south"
"5721","client","www.cloudfactory.com","cloudfactory.com","unknown","south"
"5722","client","www.cloudfactory.com","cloudfactory.com","unknown","south"
"5723","client","www.cloudfactory.com","cloudfactory.com","unknown","south"
"5724","client","www.cloudfactory.com","cloudfactory.com","unknown","south"
"5725","client","www.cloudfactory.com","cloudfactory.com","unknown","south"
"5726","client","www.cloudfactory.com","cloudfactory.com","unknown","south"
"5727","client","www.cloudfactory.com","cloudfactory.com","unknown","south"
"5728","client","www.cloudfactory.com","cloudfactory.com","unknown","south"
"5729","client","www.cloudfactory.com","cloudfactory.com","unknown","south"
"5730","client","www.cloudfactory.com","cloudfactory.com","unknown","south"
"5731","client","www.cloudfactory.com","cloudfactory.com","unknown","south"
"5732","client","www.cloudfactory.com","cloudfactory.com","unknown","south"
"5733","client","www.cloudfactory.com","cloudfactory.com","unknown","south"
"5734","client","www.cloudfactory.com","cloudfactory.com","unknown","south"
"5735","client","www.cloudfactory.com","cloudfactory.com","unknown","south"
"5736","client","www.cloudfactory.com","cloudfactory.com","unknown","south"
"5737","client","www.cloudfactory.com","cloudfactory.com","unknown","south"
"5738","client","www.cloudfactory.com","cloudfactory.com","unknown","south"
"5739","client","www.cloudfactory.com","cloudfactory.com","unknown","south"
"5740","client","www.cloudfactory.com","cloudfactory.com","unknown","south"
"5741","client","www.cloudfactory.com","cloudfactory.com","unknown","south"
"5742","client","www.cloudfactory.com","cloudfactory.com","unknown","south"
"5743","client","www.cloudfactory.com","cloudfactory.com","unknown","south"
"5744","client","www.cloudfactory.com","cloudfactory.com","unknown","south"
"5745","client","www.cloudfactory.com","cloudfactory.com","unknown","south"
"5746","client","www.cloudfactory.com","cloudfactory.com","unknown","south"
"5747","client","www.cloudfactory.com","cloudfactory.com","unknown","south"
"5748","client","www.cloudfactory.com","cloudfactory.com","unknown","south"
"5749","client","www.cloudfactory.com","cloudfactory.com","unknown","south"
"5750","client","www.cloudfactory.com","cloudfactory.com","unknown","south"
"5751","client","www.cloudfactory.com","cloudfactory.com","unknown","south"
"5752","client","www.cloudfactory.com","cloudfactory.com","unknown","south"
"5753","client","www.cloudfactory.com","cloudfactory.com","unknown","south"
"5754","client","www.cloudfactory.com","cloudfactory.com","unknown","south"
"5755","client","www.cloudfactory.com","cloudfactory.com","unknown","south"
"5756","client","www.cloudfactory.com","cloudfactory.com","unknown","south"
"5757","client","www.cloudfactory.com","cloudfactory.com","unknown","south"
"5758","client","www.cloudfactory.com","cloudfactory.com","unknown","south"
"5759","client","www.cloudfactory.com","cloudfactory.com","unknown","south"
"5760","client","www.cloudfactory.com","cloudfactory.com","unknown","south"
"5761","client","www.cloudfactory.com","cloudfactory.com","unknown","south"
"5762","client","www.cloudfactory.com","cloudfactory.com","unknown","south"
"5763","client","www.cloudfactory.com","cloudfactory.com","unknown","south"
"5764","client","www.cloudfactory.com","cloudfactory.com","unknown","south"
"5765","client","www.cloudfactory.com","cloudfactory.com","unknown","south"
"5766","client","www.cloudfactory.com","cloudfactory.com","unknown","south"
"5767","client","www.cloudfactory.com","cloudfactory.com","unknown","south"
"5768","client","www.cloudfactory.com","cloudfactory.com","unknown","south"
"5769","client","www.cloudfactory.com","cloudfactory.com","unknown","south"
"5770","client","www.cloudfactory.com","cloudfactory.com","unknown","south"
"5771","client","www.cloudfactory.com","cloudfactory.com","unknown","south"
"5772","client","www.cloudfactory.com","cloudfactory.com","unknown","south"
"5773","client","www.cloudfactory.com","cloudfactory.com","unknown","south"
"5774","client","www.cloudfactory.com","cloudfactory.com","unknown","south"
"5775","client","www.cloudfactory.com","cloudfactory.com","unknown","south"
"5776","client","www.cloudfactory.com","cloudfactory.com","unknown","south"
"5777","client","www.cloudfactory.com","cloudfactory.com","unknown","south"
"5778","client","www.cloudfactory.com","cloudfactory.com","unknown","south"
"5779","client","www.cloudfactory.com","cloudfactory.com","unknown","south"
"5780","client","www.cloudfactory.com","cloudfactory.com","unknown","south"
"5781","client","www.cloudfactory.com","cloudfactory.com","unknown","south"
"5782","client","www.cloudfactory.com","cloudfactory.com","unknown","south"
"5783","client","www.cloudfactory.com","cloudfactory.com","unknown","south"
"5784","client","www.cloudfactory.com","cloudfactory.com","unknown","south"
"5785","client","www.cloudfactory.com","cloudfactory.com","unknown","south"
"5786","client","www.cloudfactory.com","cloudfactory.com","unknown","south"
"5787","client","www.cloudfactory.com","cloudfactory.com","unknown","south"
"5788","client","www.cloudfactory.com","cloudfactory.com","unknown","south"
"5789","client","humansintheloop.org","humansintheloop.org","unknown","north"
"5790","client","humansintheloop.org","humansintheloop.org","unknown","north"
"5791","client","humansintheloop.org","humansintheloop.org","unknown","north"
"5792","client","humansintheloop.org","humansintheloop.org","unknown","north"
"5793","client","humansintheloop.org","humansintheloop.org","unknown","north"
"5794","client","humansintheloop.org","humansintheloop.org","unknown","north"
"5795","client","humansintheloop.org","humansintheloop.org","unknown","north"
"5796","client","humansintheloop.org","humansintheloop.org","unknown","north"
"5797","client","humansintheloop.org","humansintheloop.org","unknown","north"
"5798","client","humansintheloop.org","humansintheloop.org","unknown","north"
"5799","client","humansintheloop.org","humansintheloop.org","unknown","north"
"5800","client","humansintheloop.org","humansintheloop.org","unknown","north"
"5801","client","humansintheloop.org","humansintheloop.org","unknown","north"
"5802","client","humansintheloop.org","humansintheloop.org","unknown","north"
"5803","client","humansintheloop.org","humansintheloop.org","unknown","north"
"5804","client","humansintheloop.org","humansintheloop.org","unknown","north"
"5805","client","humansintheloop.org","humansintheloop.org","unknown","north"
"5806","client","humansintheloop.org","humansintheloop.org","unknown","north"
"5807","client","humansintheloop.org","humansintheloop.org","unknown","north"
"5808","client","humansintheloop.org","humansintheloop.org","unknown","north"
"5809","client","humansintheloop.org","humansintheloop.org","unknown","north"
"5810","client","humansintheloop.org","humansintheloop.org","unknown","north"
"5811","client","humansintheloop.org","humansintheloop.org","unknown","north"
"5812","client","humansintheloop.org","humansintheloop.org","unknown","north"
"5813","client","humansintheloop.org","humansintheloop.org","unknown","north"
"5814","client","humansintheloop.org","humansintheloop.org","unknown","north"
"5815","client","humansintheloop.org","humansintheloop.org","unknown","north"
"5816","client","humansintheloop.org","humansintheloop.org","unknown","north"
"5817","client","humansintheloop.org","humansintheloop.org","unknown","north"
"5818","client","humansintheloop.org","humansintheloop.org","unknown","north"
"5819","client","humansintheloop.org","humansintheloop.org","unknown","north"
"5820","client","humansintheloop.org","humansintheloop.org","unknown","north"
"5821","client","humansintheloop.org","humansintheloop.org","unknown","north"
"5822","client","humansintheloop.org","humansintheloop.org","unknown","north"
"5823","client","humansintheloop.org","humansintheloop.org","unknown","north"
"5824","client","humansintheloop.org","humansintheloop.org","unknown","north"
"5825","client","humansintheloop.org","humansintheloop.org","unknown","north"
"5826","client","humansintheloop.org","humansintheloop.org","unknown","north"
"5827","client","humansintheloop.org","humansintheloop.org","unknown","north"
"5828","client","humansintheloop.org","humansintheloop.org","unknown","north"
"5829","client","humansintheloop.org","humansintheloop.org","unknown","north"
"5830","client","humansintheloop.org","humansintheloop.org","unknown","north"
"5831","client","humansintheloop.org","humansintheloop.org","unknown","north"
"5832","client","humansintheloop.org","humansintheloop.org","unknown","north"
"5833","client","humansintheloop.org","humansintheloop.org","unknown","north"
"5834","client","humansintheloop.org","humansintheloop.org","unknown","north"
"5835","client","humansintheloop.org","humansintheloop.org","unknown","north"
"5836","client","humansintheloop.org","humansintheloop.org","unknown","north"
"5837","client","humansintheloop.org","humansintheloop.org","unknown","north"
"5838","client","humansintheloop.org","humansintheloop.org","unknown","north"
"5839","client","humansintheloop.org","humansintheloop.org","unknown","north"
"5840","client","humansintheloop.org","humansintheloop.org","unknown","north"
"5841","client","humansintheloop.org","humansintheloop.org","unknown","north"
"5842","client","humansintheloop.org","humansintheloop.org","unknown","north"
"5843","client","humansintheloop.org","humansintheloop.org","unknown","north"
"5844","client","humansintheloop.org","humansintheloop.org","unknown","north"
"5845","client","humansintheloop.org","humansintheloop.org","unknown","north"
"5846","client","humansintheloop.org","humansintheloop.org","unknown","north"
"5847","client","humansintheloop.org","humansintheloop.org","unknown","north"
"5848","client","humansintheloop.org","humansintheloop.org","unknown","north"
"5849","client","humansintheloop.org","humansintheloop.org","unknown","north"
"5850","client","humansintheloop.org","humansintheloop.org","unknown","north"
"5851","client","humansintheloop.org","humansintheloop.org","unknown","north"
"5852","client","humansintheloop.org","humansintheloop.org","unknown","north"
"5853","client","humansintheloop.org","humansintheloop.org","unknown","north"
"5854","client","humansintheloop.org","humansintheloop.org","unknown","north"
"5855","client","humansintheloop.org","humansintheloop.org","unknown","north"
"5856","client","humansintheloop.org","humansintheloop.org","unknown","north"
"5857","client","humansintheloop.org","humansintheloop.org","unknown","north"
"5858","client","humansintheloop.org","humansintheloop.org","unknown","north"
"5859","client","humansintheloop.org","humansintheloop.org","unknown","north"
"5860","client","humansintheloop.org","humansintheloop.org","unknown","north"
"5861","client","humansintheloop.org","humansintheloop.org","unknown","north"
"5862","client","humansintheloop.org","humansintheloop.org","unknown","north"
"5863","client","humansintheloop.org","humansintheloop.org","unknown","north"
"5864","client","humansintheloop.org","humansintheloop.org","unknown","north"
"5865","client","humansintheloop.org","humansintheloop.org","unknown","north"
"5866","client","humansintheloop.org","humansintheloop.org","unknown","north"
"5867","client","humansintheloop.org","humansintheloop.org","unknown","north"
"5868","client","humansintheloop.org","humansintheloop.org","unknown","north"
"5869","client","humansintheloop.org","humansintheloop.org","unknown","north"
"5870","client","humansintheloop.org","humansintheloop.org","unknown","north"
"5871","client","humansintheloop.org","humansintheloop.org","unknown","north"
"5872","client","humansintheloop.org","humansintheloop.org","unknown","north"
"5873","client","humansintheloop.org","humansintheloop.org","unknown","north"
"5874","client","humansintheloop.org","humansintheloop.org","unknown","north"
"5875","client","humansintheloop.org","humansintheloop.org","unknown","north"
"5876","client","humansintheloop.org","humansintheloop.org","unknown","north"
"5877","client","humansintheloop.org","humansintheloop.org","unknown","north"
"5878","client","humansintheloop.org","humansintheloop.org","unknown","north"
"5879","client","humansintheloop.org","humansintheloop.org","unknown","north"
"5880","client","humansintheloop.org","humansintheloop.org","unknown","north"
"5881","client","humansintheloop.org","humansintheloop.org","unknown","north"
"5882","client","humansintheloop.org","humansintheloop.org","unknown","north"
"5883","client","humansintheloop.org","humansintheloop.org","unknown","north"
"5884","client","humansintheloop.org","humansintheloop.org","unknown","north"
"5885","client","humansintheloop.org","humansintheloop.org","unknown","north"
"5886","client","humansintheloop.org","humansintheloop.org","unknown","north"
"5887","client","humansintheloop.org","humansintheloop.org","unknown","north"
"5888","client","humansintheloop.org","humansintheloop.org","unknown","north"
"5889","client","humansintheloop.org","humansintheloop.org","unknown","north"
"5890","client","humansintheloop.org","humansintheloop.org","unknown","north"
"5891","client","humansintheloop.org","humansintheloop.org","unknown","north"
"5892","client","humansintheloop.org","humansintheloop.org","unknown","north"
"5893","client","humansintheloop.org","humansintheloop.org","unknown","north"
"5894","client","humansintheloop.org","humansintheloop.org","unknown","north"
"5895","client","humansintheloop.org","humansintheloop.org","unknown","north"
"5896","client","humansintheloop.org","humansintheloop.org","unknown","north"
"5897","client","humansintheloop.org","humansintheloop.org","unknown","north"
"5898","client","humansintheloop.org","humansintheloop.org","unknown","north"
"5899","client","humansintheloop.org","humansintheloop.org","unknown","north"
"5900","client","humansintheloop.org","humansintheloop.org","unknown","north"
"5901","client","humansintheloop.org","humansintheloop.org","unknown","north"
"5902","client","humansintheloop.org","humansintheloop.org","unknown","north"
"5903","client","humansintheloop.org","humansintheloop.org","unknown","north"
"5904","client","humansintheloop.org","humansintheloop.org","unknown","north"
"5905","client","humansintheloop.org","humansintheloop.org","unknown","north"
"5906","client","humansintheloop.org","humansintheloop.org","unknown","north"
"5907","client","humansintheloop.org","humansintheloop.org","unknown","north"
"5910","client","humansintheloop.org","humansintheloop.org","unknown","north"
"5911","client","humansintheloop.org","humansintheloop.org","unknown","north"
"5912","client","humansintheloop.org","humansintheloop.org","unknown","north"
"5913","client","humansintheloop.org","humansintheloop.org","unknown","north"
"5914","client","humansintheloop.org","humansintheloop.org","unknown","north"
"5916","client","humansintheloop.org","humansintheloop.org","unknown","north"
"5917","client","humansintheloop.org","humansintheloop.org","unknown","north"
"5918","client","humansintheloop.org","humansintheloop.org","unknown","north"
"5919","client","humansintheloop.org","humansintheloop.org","unknown","north"
"5920","client","humansintheloop.org","humansintheloop.org","unknown","north"
"5921","client","humansintheloop.org","humansintheloop.org","unknown","north"
"5922","client","humansintheloop.org","humansintheloop.org","unknown","north"
"5924","client","humansintheloop.org","humansintheloop.org","unknown","north"
"5925","client","humansintheloop.org","humansintheloop.org","unknown","north"
"5926","client","humansintheloop.org","humansintheloop.org","unknown","north"
"5927","client","humansintheloop.org","humansintheloop.org","unknown","north"
"5928","client","humansintheloop.org","humansintheloop.org","unknown","north"
"5929","client","humansintheloop.org","humansintheloop.org","unknown","north"
"5930","client","humansintheloop.org","humansintheloop.org","unknown","north"
"5932","client","humansintheloop.org","humansintheloop.org","unknown","north"
"5933","client","humansintheloop.org","humansintheloop.org","unknown","north"
"5934","client","humansintheloop.org","humansintheloop.org","unknown","north"
"5935","client","humansintheloop.org","humansintheloop.org","unknown","north"
"5936","client","humansintheloop.org","humansintheloop.org","unknown","north"
"5937","client","humansintheloop.org","humansintheloop.org","unknown","north"
"5938","client","humansintheloop.org","humansintheloop.org","unknown","north"
"5939","client","humansintheloop.org","humansintheloop.org","unknown","north"
"5940","client","humansintheloop.org","humansintheloop.org","unknown","north"
"5941","client","humansintheloop.org","humansintheloop.org","unknown","north"
"5942","client","humansintheloop.org","humansintheloop.org","unknown","north"
"5943","client","humansintheloop.org","humansintheloop.org","unknown","north"
"5944","client","humansintheloop.org","humansintheloop.org","unknown","north"
"5945","client","humansintheloop.org","humansintheloop.org","unknown","north"
"5946","client","humansintheloop.org","humansintheloop.org","unknown","north"
"5947","client","humansintheloop.org","humansintheloop.org","unknown","north"
"5948","client","humansintheloop.org","humansintheloop.org","unknown","north"
"5949","client","humansintheloop.org","humansintheloop.org","unknown","north"
"5950","client","humansintheloop.org","humansintheloop.org","unknown","north"
"5951","client","humansintheloop.org","humansintheloop.org","unknown","north"
"5952","client","humansintheloop.org","humansintheloop.org","unknown","north"
"5953","client","humansintheloop.org","humansintheloop.org","unknown","north"
"5954","client","humansintheloop.org","humansintheloop.org","unknown","north"
"5955","client","humansintheloop.org","humansintheloop.org","unknown","north"
"5957","client","humansintheloop.org","humansintheloop.org","unknown","north"
"5958","client","humansintheloop.org","humansintheloop.org","unknown","north"
"5959","client","humansintheloop.org","humansintheloop.org","unknown","north"
"5960","client","humansintheloop.org","humansintheloop.org","unknown","north"
"5961","client","humansintheloop.org","humansintheloop.org","unknown","north"
"5962","client","humansintheloop.org","humansintheloop.org","unknown","north"
"5963","client","humansintheloop.org","humansintheloop.org","unknown","north"
"5964","client","humansintheloop.org","humansintheloop.org","unknown","north"
"5965","client","humansintheloop.org","humansintheloop.org","unknown","north"
"5966","client","humansintheloop.org","humansintheloop.org","unknown","north"
"5967","client","humansintheloop.org","humansintheloop.org","unknown","north"
"5968","client","humansintheloop.org","humansintheloop.org","unknown","north"
"5969","client","humansintheloop.org","humansintheloop.org","unknown","north"
"5970","client","humansintheloop.org","humansintheloop.org","unknown","north"
"5971","client","humansintheloop.org","humansintheloop.org","unknown","north"
"5972","client","humansintheloop.org","humansintheloop.org","unknown","north"
"5973","client","humansintheloop.org","humansintheloop.org","unknown","north"
"5974","client","humansintheloop.org","humansintheloop.org","unknown","north"
"5975","client","humansintheloop.org","humansintheloop.org","unknown","north"
"5976","client","humansintheloop.org","humansintheloop.org","unknown","north"
"5977","client","humansintheloop.org","humansintheloop.org","unknown","north"
"5978","client","humansintheloop.org","humansintheloop.org","unknown","north"
"5979","client","humansintheloop.org","humansintheloop.org","unknown","north"
"5980","client","humansintheloop.org","humansintheloop.org","unknown","north"
"5981","client","humansintheloop.org","humansintheloop.org","unknown","north"
"5982","client","humansintheloop.org","humansintheloop.org","unknown","north"
"5985","client","humansintheloop.org","humansintheloop.org","unknown","north"
"5986","client","humansintheloop.org","humansintheloop.org","unknown","north"
"5988","client","humansintheloop.org","humansintheloop.org","unknown","north"
"5989","client","humansintheloop.org","humansintheloop.org","unknown","north"
"5990","client","humansintheloop.org","humansintheloop.org","unknown","north"
"5994","client","humansintheloop.org","humansintheloop.org","unknown","north"
"5995","client","humansintheloop.org","humansintheloop.org","unknown","north"
"5997","client","humansintheloop.org","humansintheloop.org","unknown","north"
"5998","client","humansintheloop.org","humansintheloop.org","unknown","north"
"6000","client","humansintheloop.org","humansintheloop.org","unknown","north"
"6001","client","humansintheloop.org","humansintheloop.org","unknown","north"
"6009","client","humansintheloop.org","humansintheloop.org","unknown","north"
"6010","client","humansintheloop.org","humansintheloop.org","unknown","north"
"6011","client","humansintheloop.org","humansintheloop.org","unknown","north"
"6012","client","humansintheloop.org","humansintheloop.org","unknown","north"
"6014","client","humansintheloop.org","humansintheloop.org","unknown","north"
"6016","client","humansintheloop.org","humansintheloop.org","unknown","north"
"6021","client","humansintheloop.org","humansintheloop.org","unknown","north"
"6026","client","humansintheloop.org","humansintheloop.org","unknown","north"
"6028","client","humansintheloop.org","humansintheloop.org","unknown","north"
"6029","client","humansintheloop.org","humansintheloop.org","unknown","north"
"6033","client","humansintheloop.org","humansintheloop.org","unknown","north"
"6036","client","humansintheloop.org","humansintheloop.org","unknown","north"
"6038","client","humansintheloop.org","humansintheloop.org","unknown","north"
"6042","client","humansintheloop.org","humansintheloop.org","unknown","north"
"6043","client","humansintheloop.org","humansintheloop.org","unknown","north"
"6045","client","humansintheloop.org","humansintheloop.org","unknown","north"
"6046","client","humansintheloop.org","humansintheloop.org","unknown","north"
"6049","client","humansintheloop.org","humansintheloop.org","unknown","north"
"6058","client","humansintheloop.org","humansintheloop.org","unknown","north"
"6097","client","humansintheloop.org","humansintheloop.org","unknown","north"
"6101","client","humansintheloop.org","humansintheloop.org","unknown","north"
"6135","client","www.digitaldividedata.com","digitaldividedata.com","unknown","north"
"6136","client","www.digitaldividedata.com","digitaldividedata.com","unknown","north"
"6137","client","www.digitaldividedata.com","digitaldividedata.com","unknown","north"
"6138","client","www.digitaldividedata.com","digitaldividedata.com","unknown","north"
"6139","client","www.digitaldividedata.com","digitaldividedata.com","unknown","north"
"6140","client","www.digitaldividedata.com","digitaldividedata.com","unknown","north"
"6141","client","www.digitaldividedata.com","digitaldividedata.com","unknown","north"
"6142","client","www.digitaldividedata.com","digitaldividedata.com","unknown","north"
"6143","client","www.digitaldividedata.com","digitaldividedata.com","unknown","north"
"6144","client","www.digitaldividedata.com","digitaldividedata.com","unknown","north"
"6145","client","www.digitaldividedata.com","digitaldividedata.com","unknown","north"
"6146","client","www.digitaldividedata.com","digitaldividedata.com","unknown","north"
"6147","client","www.digitaldividedata.com","digitaldividedata.com","unknown","north"
"6148","client","www.digitaldividedata.com","digitaldividedata.com","unknown","north"
"6149","client","www.digitaldividedata.com","digitaldividedata.com","unknown","north"
"6150","client","www.digitaldividedata.com","digitaldividedata.com","unknown","north"
"6151","client","www.digitaldividedata.com","digitaldividedata.com","unknown","north"
"6152","client","www.digitaldividedata.com","digitaldividedata.com","unknown","north"
"6153","client","www.digitaldividedata.com","digitaldividedata.com","unknown","north"
"6154","client","www.digitaldividedata.com","digitaldividedata.com","unknown","north"
"6155","client","www.digitaldividedata.com","digitaldividedata.com","unknown","north"
"6156","client","www.digitaldividedata.com","digitaldividedata.com","unknown","north"
"6157","client","www.digitaldividedata.com","digitaldividedata.com","unknown","north"
"6158","client","www.digitaldividedata.com","digitaldividedata.com","unknown","north"
"6159","client","www.digitaldividedata.com","digitaldividedata.com","unknown","north"
"6160","client","www.digitaldividedata.com","digitaldividedata.com","unknown","north"
"6161","client","www.digitaldividedata.com","digitaldividedata.com","unknown","north"
"6162","client","www.digitaldividedata.com","digitaldividedata.com","unknown","north"
"6163","client","www.digitaldividedata.com","digitaldividedata.com","unknown","north"
"6164","client","www.digitaldividedata.com","digitaldividedata.com","unknown","north"
"6165","client","www.digitaldividedata.com","digitaldividedata.com","unknown","north"
"6166","client","www.digitaldividedata.com","digitaldividedata.com","unknown","north"
"6167","client","www.digitaldividedata.com","digitaldividedata.com","unknown","north"
"6168","client","www.digitaldividedata.com","digitaldividedata.com","unknown","north"
"6169","client","www.digitaldividedata.com","digitaldividedata.com","unknown","north"
"6170","client","www.digitaldividedata.com","digitaldividedata.com","unknown","north"
"6171","client","www.digitaldividedata.com","digitaldividedata.com","unknown","north"
"6172","client","www.digitaldividedata.com","digitaldividedata.com","unknown","north"
"6173","client","www.digitaldividedata.com","digitaldividedata.com","unknown","north"
"6174","client","www.digitaldividedata.com","digitaldividedata.com","unknown","north"
"6176","client","www.digitaldividedata.com","digitaldividedata.com","unknown","north"
"6177","client","www.digitaldividedata.com","digitaldividedata.com","unknown","north"
"6178","client","www.digitaldividedata.com","digitaldividedata.com","unknown","north"
"6179","client","www.digitaldividedata.com","digitaldividedata.com","unknown","north"
"6180","client","www.digitaldividedata.com","digitaldividedata.com","unknown","north"
"6181","client","www.digitaldividedata.com","digitaldividedata.com","unknown","north"
"6182","client","www.digitaldividedata.com","digitaldividedata.com","unknown","north"
"6183","client","www.digitaldividedata.com","digitaldividedata.com","unknown","north"
"6184","client","www.digitaldividedata.com","digitaldividedata.com","unknown","north"
"6185","client","www.digitaldividedata.com","digitaldividedata.com","unknown","north"
"6186","client","www.digitaldividedata.com","digitaldividedata.com","unknown","north"
"6187","client","www.digitaldividedata.com","digitaldividedata.com","unknown","north"
"6188","client","www.digitaldividedata.com","digitaldividedata.com","unknown","north"
"6189","client","www.digitaldividedata.com","digitaldividedata.com","unknown","north"
"6190","client","www.digitaldividedata.com","digitaldividedata.com","unknown","north"
"6191","client","www.digitaldividedata.com","digitaldividedata.com","unknown","north"
"6192","client","www.digitaldividedata.com","digitaldividedata.com","unknown","north"
"6193","client","www.digitaldividedata.com","digitaldividedata.com","unknown","north"
"6194","client","www.digitaldividedata.com","digitaldividedata.com","unknown","north"
"6195","client","www.digitaldividedata.com","digitaldividedata.com","unknown","north"
"6196","client","www.digitaldividedata.com","digitaldividedata.com","unknown","north"
"6197","client","www.digitaldividedata.com","digitaldividedata.com","unknown","north"
"6198","client","www.digitaldividedata.com","digitaldividedata.com","unknown","north"
"6199","client","www.digitaldividedata.com","digitaldividedata.com","unknown","north"
"6200","client","www.digitaldividedata.com","digitaldividedata.com","unknown","north"
"6201","client","www.digitaldividedata.com","digitaldividedata.com","unknown","north"
"6202","client","www.digitaldividedata.com","digitaldividedata.com","unknown","north"
"6203","client","www.digitaldividedata.com","digitaldividedata.com","unknown","north"
"6204","client","www.digitaldividedata.com","digitaldividedata.com","unknown","north"
"6205","client","www.digitaldividedata.com","digitaldividedata.com","unknown","north"
"6206","client","www.digitaldividedata.com","digitaldividedata.com","unknown","north"
"6207","client","www.digitaldividedata.com","digitaldividedata.com","unknown","north"
"6208","client","www.digitaldividedata.com","digitaldividedata.com","unknown","north"
"6209","client","www.digitaldividedata.com","digitaldividedata.com","unknown","north"
"6210","client","www.digitaldividedata.com","digitaldividedata.com","unknown","north"
"6211","client","www.digitaldividedata.com","digitaldividedata.com","unknown","north"
"6212","client","www.digitaldividedata.com","digitaldividedata.com","unknown","north"
"6214","client","www.digitaldividedata.com","digitaldividedata.com","unknown","north"
"6215","client","www.digitaldividedata.com","digitaldividedata.com","unknown","north"
"6216","client","www.digitaldividedata.com","digitaldividedata.com","unknown","north"
"6217","client","www.digitaldividedata.com","digitaldividedata.com","unknown","north"
"6218","client","www.digitaldividedata.com","digitaldividedata.com","unknown","north"
"6219","client","www.digitaldividedata.com","digitaldividedata.com","unknown","north"
"6220","client","www.digitaldividedata.com","digitaldividedata.com","unknown","north"
"6221","client","www.digitaldividedata.com","digitaldividedata.com","unknown","north"
"6222","client","www.digitaldividedata.com","digitaldividedata.com","unknown","north"
"6223","client","www.digitaldividedata.com","digitaldividedata.com","unknown","north"
"6224","client","www.digitaldividedata.com","digitaldividedata.com","unknown","north"
"6225","client","www.digitaldividedata.com","digitaldividedata.com","unknown","north"
"6226","client","www.digitaldividedata.com","digitaldividedata.com","unknown","north"
"6227","client","www.digitaldividedata.com","digitaldividedata.com","unknown","north"
"6228","client","www.digitaldividedata.com","digitaldividedata.com","unknown","north"
"6229","client","www.digitaldividedata.com","digitaldividedata.com","unknown","north"
"6230","client","www.digitaldividedata.com","digitaldividedata.com","unknown","north"
"6231","client","www.digitaldividedata.com","digitaldividedata.com","unknown","north"
"6232","client","www.digitaldividedata.com","digitaldividedata.com","unknown","north"
"6233","client","www.digitaldividedata.com","digitaldividedata.com","unknown","north"
"6234","client","www.digitaldividedata.com","digitaldividedata.com","unknown","north"
"6235","client","www.digitaldividedata.com","digitaldividedata.com","unknown","north"
"6236","client","www.digitaldividedata.com","digitaldividedata.com","unknown","north"
"6237","client","www.digitaldividedata.com","digitaldividedata.com","unknown","north"
"6238","client","www.digitaldividedata.com","digitaldividedata.com","unknown","north"
"6239","client","www.digitaldividedata.com","digitaldividedata.com","unknown","north"
"6240","client","www.digitaldividedata.com","digitaldividedata.com","unknown","north"
"6241","client","www.digitaldividedata.com","digitaldividedata.com","unknown","north"
"6242","client","www.digitaldividedata.com","digitaldividedata.com","unknown","north"
"6243","client","www.digitaldividedata.com","digitaldividedata.com","unknown","north"
"6244","client","www.digitaldividedata.com","digitaldividedata.com","unknown","north"
"6245","client","www.digitaldividedata.com","digitaldividedata.com","unknown","north"
"6246","client","www.digitaldividedata.com","digitaldividedata.com","unknown","north"
"6247","client","www.digitaldividedata.com","digitaldividedata.com","unknown","north"
"6248","client","www.digitaldividedata.com","digitaldividedata.com","unknown","north"
"6249","client","www.digitaldividedata.com","digitaldividedata.com","unknown","north"
"6250","client","www.digitaldividedata.com","digitaldividedata.com","unknown","north"
"6251","client","www.digitaldividedata.com","digitaldividedata.com","unknown","north"
"6252","client","www.digitaldividedata.com","digitaldividedata.com","unknown","north"
"6253","client","www.digitaldividedata.com","digitaldividedata.com","unknown","north"
"6254","client","www.digitaldividedata.com","digitaldividedata.com","unknown","north"
"6255","client","www.digitaldividedata.com","digitaldividedata.com","unknown","north"
"6256","client","www.digitaldividedata.com","digitaldividedata.com","unknown","north"
"6257","client","www.digitaldividedata.com","digitaldividedata.com","unknown","north"
"6258","client","www.digitaldividedata.com","digitaldividedata.com","unknown","north"
"6259","client","www.digitaldividedata.com","digitaldividedata.com","unknown","north"
"6260","client","www.digitaldividedata.com","digitaldividedata.com","unknown","north"
"6261","client","www.digitaldividedata.com","digitaldividedata.com","unknown","north"
"6262","client","www.digitaldividedata.com","digitaldividedata.com","unknown","north"
"6263","client","www.digitaldividedata.com","digitaldividedata.com","unknown","north"
"6264","client","www.digitaldividedata.com","digitaldividedata.com","unknown","north"
"6265","client","www.digitaldividedata.com","digitaldividedata.com","unknown","north"
"6266","client","www.digitaldividedata.com","digitaldividedata.com","unknown","north"
"6267","client","www.digitaldividedata.com","digitaldividedata.com","unknown","north"
"6268","client","www.digitaldividedata.com","digitaldividedata.com","unknown","north"
"6269","client","www.digitaldividedata.com","digitaldividedata.com","unknown","north"
"6270","client","www.digitaldividedata.com","digitaldividedata.com","unknown","north"
"6271","client","www.digitaldividedata.com","digitaldividedata.com","unknown","north"
"6272","client","www.digitaldividedata.com","digitaldividedata.com","unknown","north"
"6273","client","www.digitaldividedata.com","digitaldividedata.com","unknown","north"
"6274","client","www.digitaldividedata.com","digitaldividedata.com","unknown","north"
"6275","client","www.digitaldividedata.com","digitaldividedata.com","unknown","north"
"6276","client","www.digitaldividedata.com","digitaldividedata.com","unknown","north"
"6277","client","www.digitaldividedata.com","digitaldividedata.com","unknown","north"
"6278","client","www.digitaldividedata.com","digitaldividedata.com","unknown","north"
"6279","client","www.digitaldividedata.com","digitaldividedata.com","unknown","north"
"6280","client","www.digitaldividedata.com","digitaldividedata.com","unknown","north"
"6281","client","www.digitaldividedata.com","digitaldividedata.com","unknown","north"
"6282","client","www.digitaldividedata.com","digitaldividedata.com","unknown","north"
"6283","client","www.digitaldividedata.com","digitaldividedata.com","unknown","north"
"6284","client","www.digitaldividedata.com","digitaldividedata.com","unknown","north"
"6285","client","www.digitaldividedata.com","digitaldividedata.com","unknown","north"
"6286","client","www.digitaldividedata.com","digitaldividedata.com","unknown","north"
"6287","client","www.digitaldividedata.com","digitaldividedata.com","unknown","north"
"6288","client","www.digitaldividedata.com","digitaldividedata.com","unknown","north"
"6289","client","www.digitaldividedata.com","digitaldividedata.com","unknown","north"
"6290","client","www.digitaldividedata.com","digitaldividedata.com","unknown","north"
"6291","client","www.digitaldividedata.com","digitaldividedata.com","unknown","north"
"6292","client","www.digitaldividedata.com","digitaldividedata.com","unknown","north"
"6293","client","www.digitaldividedata.com","digitaldividedata.com","unknown","north"
"6294","client","www.digitaldividedata.com","digitaldividedata.com","unknown","north"
"6295","client","www.digitaldividedata.com","digitaldividedata.com","unknown","north"
"6296","client","www.digitaldividedata.com","digitaldividedata.com","unknown","north"
"6297","client","www.digitaldividedata.com","digitaldividedata.com","unknown","north"
"6298","client","www.digitaldividedata.com","digitaldividedata.com","unknown","north"
"6299","client","www.digitaldividedata.com","digitaldividedata.com","unknown","north"
"6300","client","www.digitaldividedata.com","digitaldividedata.com","unknown","north"
"6301","client","www.digitaldividedata.com","digitaldividedata.com","unknown","north"
"6302","client","www.digitaldividedata.com","digitaldividedata.com","unknown","north"
"6303","client","www.digitaldividedata.com","digitaldividedata.com","unknown","north"
"6304","client","www.digitaldividedata.com","digitaldividedata.com","unknown","north"
"6305","client","www.digitaldividedata.com","digitaldividedata.com","unknown","north"
"6306","client","www.digitaldividedata.com","digitaldividedata.com","unknown","north"
"6307","client","www.digitaldividedata.com","digitaldividedata.com","unknown","north"
"6308","client","www.digitaldividedata.com","digitaldividedata.com","unknown","north"
"6309","client","www.digitaldividedata.com","digitaldividedata.com","unknown","north"
"6310","client","www.digitaldividedata.com","digitaldividedata.com","unknown","north"
"6311","client","www.digitaldividedata.com","digitaldividedata.com","unknown","north"
"6312","client","www.digitaldividedata.com","digitaldividedata.com","unknown","north"
"6313","client","www.digitaldividedata.com","digitaldividedata.com","unknown","north"
"6314","client","www.digitaldividedata.com","digitaldividedata.com","unknown","north"
"6315","client","www.digitaldividedata.com","digitaldividedata.com","unknown","north"
"6316","client","www.digitaldividedata.com","digitaldividedata.com","unknown","north"
"6318","client","www.digitaldividedata.com","digitaldividedata.com","unknown","north"
"6321","client","www.digitaldividedata.com","digitaldividedata.com","unknown","north"
"6322","client","www.digitaldividedata.com","digitaldividedata.com","unknown","north"
"6325","client","www.digitaldividedata.com","digitaldividedata.com","unknown","north"
"6326","client","www.digitaldividedata.com","digitaldividedata.com","unknown","north"
"6327","client","www.digitaldividedata.com","digitaldividedata.com","unknown","north"
"6328","client","www.digitaldividedata.com","digitaldividedata.com","unknown","north"
"6329","client","www.digitaldividedata.com","digitaldividedata.com","unknown","north"
"6330","client","www.digitaldividedata.com","digitaldividedata.com","unknown","north"
"6331","client","www.digitaldividedata.com","digitaldividedata.com","unknown","north"
"6339","client","www.digitaldividedata.com","digitaldividedata.com","unknown","north"
"6345","client","www.digitaldividedata.com","digitaldividedata.com","unknown","north"
"6346","client","www.digitaldividedata.com","digitaldividedata.com","unknown","north"
"6348","client","www.digitaldividedata.com","digitaldividedata.com","unknown","north"
"6350","client","www.digitaldividedata.com","digitaldividedata.com","unknown","north"
"6352","client","www.digitaldividedata.com","digitaldividedata.com","unknown","north"
"6353","client","www.digitaldividedata.com","digitaldividedata.com","unknown","north"
"6354","client","www.digitaldividedata.com","digitaldividedata.com","unknown","north"
"6358","client","www.digitaldividedata.com","digitaldividedata.com","unknown","north"
"6359","client","www.digitaldividedata.com","digitaldividedata.com","unknown","north"
"6360","client","www.digitaldividedata.com","digitaldividedata.com","unknown","north"
"6367","client","www.digitaldividedata.com","digitaldividedata.com","unknown","north"
"6369","client","www.digitaldividedata.com","digitaldividedata.com","unknown","north"
"6370","client","www.digitaldividedata.com","digitaldividedata.com","unknown","north"
"6371","client","www.digitaldividedata.com","digitaldividedata.com","unknown","north"
"6372","client","www.digitaldividedata.com","digitaldividedata.com","unknown","north"
"6373","client","www.digitaldividedata.com","digitaldividedata.com","unknown","north"
"6375","client","www.digitaldividedata.com","digitaldividedata.com","unknown","north"
"6377","client","www.digitaldividedata.com","digitaldividedata.com","unknown","north"
"6383","client","www.digitaldividedata.com","digitaldividedata.com","unknown","north"
"6385","client","www.digitaldividedata.com","digitaldividedata.com","unknown","north"
"6391","client","www.digitaldividedata.com","digitaldividedata.com","unknown","north"
"6401","client","www.digitaldividedata.com","digitaldividedata.com","unknown","north"
"6402","client","www.digitaldividedata.com","digitaldividedata.com","unknown","north"
"6403","client","www.digitaldividedata.com","digitaldividedata.com","unknown","north"
"6404","client","www.digitaldividedata.com","digitaldividedata.com","unknown","north"
"6406","client","www.digitaldividedata.com","digitaldividedata.com","unknown","north"
"6407","client","www.digitaldividedata.com","digitaldividedata.com","unknown","north"
"6408","client","www.digitaldividedata.com","digitaldividedata.com","unknown","north"
"6410","client","www.digitaldividedata.com","digitaldividedata.com","unknown","north"
"6411","client","www.digitaldividedata.com","digitaldividedata.com","unknown","north"
"6413","client","www.digitaldividedata.com","digitaldividedata.com","unknown","north"
"6415","client","www.digitaldividedata.com","digitaldividedata.com","unknown","north"
"6416","client","www.digitaldividedata.com","digitaldividedata.com","unknown","north"
"6417","client","www.digitaldividedata.com","digitaldividedata.com","unknown","north"
"6418","client","www.digitaldividedata.com","digitaldividedata.com","unknown","north"
"6419","client","www.digitaldividedata.com","digitaldividedata.com","unknown","north"
"6420","client","www.digitaldividedata.com","digitaldividedata.com","unknown","north"
"6421","client","www.digitaldividedata.com","digitaldividedata.com","unknown","north"
"6422","client","www.digitaldividedata.com","digitaldividedata.com","unknown","north"
"6423","client","www.digitaldividedata.com","digitaldividedata.com","unknown","north"
"6424","client","www.digitaldividedata.com","digitaldividedata.com","unknown","north"
"6425","client","www.digitaldividedata.com","digitaldividedata.com","unknown","north"
"6426","client","www.digitaldividedata.com","digitaldividedata.com","unknown","north"
"6427","client","www.digitaldividedata.com","digitaldividedata.com","unknown","north"
"6428","client","www.digitaldividedata.com","digitaldividedata.com","unknown","north"
"6429","client","www.digitaldividedata.com","digitaldividedata.com","unknown","north"
"6430","client","www.digitaldividedata.com","digitaldividedata.com","unknown","north"
"6431","client","www.digitaldividedata.com","digitaldividedata.com","unknown","north"
"6432","client","www.digitaldividedata.com","digitaldividedata.com","unknown","north"
"6433","client","www.digitaldividedata.com","digitaldividedata.com","unknown","north"
"6434","client","www.digitaldividedata.com","digitaldividedata.com","unknown","north"
"6435","client","www.digitaldividedata.com","digitaldividedata.com","unknown","north"
"6436","client","www.digitaldividedata.com","digitaldividedata.com","unknown","north"
"6437","client","www.digitaldividedata.com","digitaldividedata.com","unknown","north"
"6438","client","www.digitaldividedata.com","digitaldividedata.com","unknown","north"
"6439","client","www.digitaldividedata.com","digitaldividedata.com","unknown","north"
"6440","client","www.digitaldividedata.com","digitaldividedata.com","unknown","north"
"6441","client","www.digitaldividedata.com","digitaldividedata.com","unknown","north"
"6442","client","www.digitaldividedata.com","digitaldividedata.com","unknown","north"
"6461","client","www.digitaldividedata.com","digitaldividedata.com","unknown","north"
"6462","client","www.digitaldividedata.com","digitaldividedata.com","unknown","north"
"6463","client","www.digitaldividedata.com","digitaldividedata.com","unknown","north"
"6464","client","www.digitaldividedata.com","digitaldividedata.com","unknown","north"
"6465","client","www.digitaldividedata.com","digitaldividedata.com","unknown","north"
"6466","client","www.digitaldividedata.com","digitaldividedata.com","unknown","north"
"6467","client","www.digitaldividedata.com","digitaldividedata.com","unknown","north"
"6469","client","www.digitaldividedata.com","digitaldividedata.com","unknown","north"
"6470","client","www.digitaldividedata.com","digitaldividedata.com","unknown","north"
"6471","client","www.digitaldividedata.com","digitaldividedata.com","unknown","north"
"6472","client","www.digitaldividedata.com","digitaldividedata.com","unknown","north"
"6473","client","www.digitaldividedata.com","digitaldividedata.com","unknown","north"
"6474","client","www.digitaldividedata.com","digitaldividedata.com","unknown","north"
"6475","client","www.digitaldividedata.com","digitaldividedata.com","unknown","north"
"6476","client","www.digitaldividedata.com","digitaldividedata.com","unknown","north"
"6477","client","www.digitaldividedata.com","digitaldividedata.com","unknown","north"
"6478","client","www.digitaldividedata.com","digitaldividedata.com","unknown","north"
"6480","client","www.digitaldividedata.com","digitaldividedata.com","unknown","north"
"6482","client","www.digitaldividedata.com","digitaldividedata.com","unknown","north"
"6484","client","www.digitaldividedata.com","digitaldividedata.com","unknown","north"
"6486","client","www.digitaldividedata.com","digitaldividedata.com","unknown","north"
"6488","client","www.digitaldividedata.com","digitaldividedata.com","unknown","north"
"6489","client","www.digitaldividedata.com","digitaldividedata.com","unknown","north"
"6490","client","www.digitaldividedata.com","digitaldividedata.com","unknown","north"
"6491","client","www.digitaldividedata.com","digitaldividedata.com","unknown","north"
"6492","client","www.digitaldividedata.com","digitaldividedata.com","unknown","north"
"6495","client","www.digitaldividedata.com","digitaldividedata.com","unknown","north"
"6496","client","www.digitaldividedata.com","digitaldividedata.com","unknown","north"
"6497","client","www.digitaldividedata.com","digitaldividedata.com","unknown","north"
"6498","client","www.digitaldividedata.com","digitaldividedata.com","unknown","north"
"6499","client","www.digitaldividedata.com","digitaldividedata.com","unknown","north"
"6500","client","www.digitaldividedata.com","digitaldividedata.com","unknown","north"
"6501","client","www.digitaldividedata.com","digitaldividedata.com","unknown","north"
"6502","client","www.digitaldividedata.com","digitaldividedata.com","unknown","north"
"6505","client","www.digitaldividedata.com","digitaldividedata.com","unknown","north"
"6506","client","www.digitaldividedata.com","digitaldividedata.com","unknown","north"
"6508","client","www.digitaldividedata.com","digitaldividedata.com","unknown","north"
"6509","client","www.digitaldividedata.com","digitaldividedata.com","unknown","north"
"6510","client","www.digitaldividedata.com","digitaldividedata.com","unknown","north"
"6513","client","www.digitaldividedata.com","digitaldividedata.com","unknown","north"
"6516","client","www.digitaldividedata.com","digitaldividedata.com","unknown","north"
"6517","client","www.digitaldividedata.com","digitaldividedata.com","unknown","north"
"6519","client","www.digitaldividedata.com","digitaldividedata.com","unknown","north"
"6520","client","www.digitaldividedata.com","digitaldividedata.com","unknown","north"
"6521","client","www.digitaldividedata.com","digitaldividedata.com","unknown","north"
"6522","client","www.digitaldividedata.com","digitaldividedata.com","unknown","north"
"6523","client","www.digitaldividedata.com","digitaldividedata.com","unknown","north"
"6524","client","www.digitaldividedata.com","digitaldividedata.com","unknown","north"
"6525","client","www.digitaldividedata.com","digitaldividedata.com","unknown","north"
"6526","client","www.digitaldividedata.com","digitaldividedata.com","unknown","north"
"6527","client","www.digitaldividedata.com","digitaldividedata.com","unknown","north"
"6528","client","www.digitaldividedata.com","digitaldividedata.com","unknown","north"
"6529","client","www.digitaldividedata.com","digitaldividedata.com","unknown","north"
"6530","client","www.digitaldividedata.com","digitaldividedata.com","unknown","north"
"6531","client","www.digitaldividedata.com","digitaldividedata.com","unknown","north"
"6533","client","www.digitaldividedata.com","digitaldividedata.com","unknown","north"
"6534","client","www.digitaldividedata.com","digitaldividedata.com","unknown","north"
"6535","client","www.digitaldividedata.com","digitaldividedata.com","unknown","north"
"6536","client","www.digitaldividedata.com","digitaldividedata.com","unknown","north"
"6537","client","www.digitaldividedata.com","digitaldividedata.com","unknown","north"
"6539","client","www.digitaldividedata.com","digitaldividedata.com","unknown","north"
"6541","client","www.digitaldividedata.com","digitaldividedata.com","unknown","north"
"6547","client","www.digitaldividedata.com","digitaldividedata.com","unknown","north"
"6548","client","www.digitaldividedata.com","digitaldividedata.com","unknown","north"
"6550","client","scale.com","scale","enterprise_bpo","north"
"6554","client","scale.com","scale","enterprise_bpo","north"
"6555","client","scale.com","scale","enterprise_bpo","north"
"6556","client","scale.com","scale","enterprise_bpo","north"
"6557","client","scale.com","scale","enterprise_bpo","north"
"6558","client","scale.com","scale","enterprise_bpo","north"
"6559","client","scale.com","scale","enterprise_bpo","north"
"6560","client","scale.com","scale","enterprise_bpo","north"
"6561","client","scale.com","scale","enterprise_bpo","north"
"6562","client","scale.com","scale","enterprise_bpo","north"
"6563","client","scale.com","scale","enterprise_bpo","north"
"6564","client","scale.com","scale","enterprise_bpo","north"
"6565","client","scale.com","scale","enterprise_bpo","north"
"6566","client","scale.com","scale","enterprise_bpo","north"
"6567","client","scale.com","scale","enterprise_bpo","north"
"6568","client","scale.com","scale","enterprise_bpo","north"
"6569","client","scale.com","scale","enterprise_bpo","north"
"6570","client","scale.com","scale","enterprise_bpo","north"
"6571","client","scale.com","scale","enterprise_bpo","north"
"6572","client","scale.com","scale","enterprise_bpo","north"
"6573","client","scale.com","scale","enterprise_bpo","north"
"6574","client","scale.com","scale","enterprise_bpo","north"
"6575","client","scale.com","scale","enterprise_bpo","north"
"6576","client","scale.com","scale","enterprise_bpo","north"
"6577","client","scale.com","scale","enterprise_bpo","north"
"6578","client","scale.com","scale","enterprise_bpo","north"
"6579","client","scale.com","scale","enterprise_bpo","north"
"6580","client","scale.com","scale","enterprise_bpo","north"
"6581","client","scale.com","scale","enterprise_bpo","north"
"6582","client","scale.com","scale","enterprise_bpo","north"
"6583","client","scale.com","scale","enterprise_bpo","north"
"6584","client","scale.com","scale","enterprise_bpo","north"
"6585","client","scale.com","scale","enterprise_bpo","north"
"6586","client","scale.com","scale","enterprise_bpo","north"
"6587","client","scale.com","scale","enterprise_bpo","north"
"6588","client","scale.com","scale","enterprise_bpo","north"
"6589","client","scale.com","scale","enterprise_bpo","north"
"6590","client","scale.com","scale","enterprise_bpo","north"
"6591","client","scale.com","scale","enterprise_bpo","north"
"6592","client","scale.com","scale","enterprise_bpo","north"
"6593","client","scale.com","scale","enterprise_bpo","north"
"6594","client","scale.com","scale","enterprise_bpo","north"
"6595","client","scale.com","scale","enterprise_bpo","north"
"6596","client","scale.com","scale","enterprise_bpo","north"
"6597","client","scale.com","scale","enterprise_bpo","north"
"6598","client","scale.com","scale","enterprise_bpo","north"
"6599","client","scale.com","scale","enterprise_bpo","north"
"6600","client","scale.com","scale","enterprise_bpo","north"
"6601","client","scale.com","scale","enterprise_bpo","north"
"6602","client","scale.com","scale","enterprise_bpo","north"
"6603","client","scale.com","scale","enterprise_bpo","north"
"6604","client","scale.com","scale","enterprise_bpo","north"
"6605","client","scale.com","scale","enterprise_bpo","north"
"6606","client","scale.com","scale","enterprise_bpo","north"
"6607","client","scale.com","scale","enterprise_bpo","north"
"6608","client","scale.com","scale","enterprise_bpo","north"
"6609","client","scale.com","scale","enterprise_bpo","north"
"6610","client","scale.com","scale","enterprise_bpo","north"
"6611","client","scale.com","scale","enterprise_bpo","north"
"6612","client","scale.com","scale","enterprise_bpo","north"
"6613","client","scale.com","scale","enterprise_bpo","north"
"6614","client","scale.com","scale","enterprise_bpo","north"
"6615","client","scale.com","scale","enterprise_bpo","north"
"6616","client","scale.com","scale","enterprise_bpo","north"
"6617","client","scale.com","scale","enterprise_bpo","north"
"6618","client","scale.com","scale","enterprise_bpo","north"
"6619","client","scale.com","scale","enterprise_bpo","north"
"6620","client","scale.com","scale","enterprise_bpo","north"
"6621","client","scale.com","scale","enterprise_bpo","north"
"6622","client","scale.com","scale","enterprise_bpo","north"
"6623","client","scale.com","scale","enterprise_bpo","north"
"6624","client","scale.com","scale","enterprise_bpo","north"
"6625","client","scale.com","scale","enterprise_bpo","north"
"6626","client","scale.com","scale","enterprise_bpo","north"
"6627","client","scale.com","scale","enterprise_bpo","north"
"6628","client","scale.com","scale","enterprise_bpo","north"
"6629","client","scale.com","scale","enterprise_bpo","north"
"6630","client","scale.com","scale","enterprise_bpo","north"
"6631","client","scale.com","scale","enterprise_bpo","north"
"6632","client","scale.com","scale","enterprise_bpo","north"
"6633","client","scale.com","scale","enterprise_bpo","north"
"6634","client","scale.com","scale","enterprise_bpo","north"
"6635","client","scale.com","scale","enterprise_bpo","north"
"6636","client","scale.com","scale","enterprise_bpo","north"
"6637","client","scale.com","scale","enterprise_bpo","north"
"6638","client","scale.com","scale","enterprise_bpo","north"
"6639","client","scale.com","scale","enterprise_bpo","north"
"6640","client","scale.com","scale","enterprise_bpo","north"
"6641","client","scale.com","scale","enterprise_bpo","north"
"6642","client","scale.com","scale","enterprise_bpo","north"
"6643","client","scale.com","scale","enterprise_bpo","north"
"6644","client","scale.com","scale","enterprise_bpo","north"
"6645","client","scale.com","scale","enterprise_bpo","north"
"6646","client","scale.com","scale","enterprise_bpo","north"
"6647","client","scale.com","scale","enterprise_bpo","north"
"6648","client","scale.com","scale","enterprise_bpo","north"
"6649","client","scale.com","scale","enterprise_bpo","north"
"6650","client","scale.com","scale","enterprise_bpo","north"
"6651","client","scale.com","scale","enterprise_bpo","north"
"6652","client","scale.com","scale","enterprise_bpo","north"
"6653","client","scale.com","scale","enterprise_bpo","north"
"6655","client","scale.com","scale","enterprise_bpo","north"
"6656","client","scale.com","scale","enterprise_bpo","north"
"6657","client","scale.com","scale","enterprise_bpo","north"
"6658","client","scale.com","scale","enterprise_bpo","north"
"6659","client","scale.com","scale","enterprise_bpo","north"
"6661","client","scale.com","scale","enterprise_bpo","north"
"6662","client","scale.com","scale","enterprise_bpo","north"
"6663","client","scale.com","scale","enterprise_bpo","north"
"6665","client","scale.com","scale","enterprise_bpo","north"
"6666","client","scale.com","scale","enterprise_bpo","north"
"6667","client","scale.com","scale","enterprise_bpo","north"
"6668","client","scale.com","scale","enterprise_bpo","north"
"6669","client","scale.com","scale","enterprise_bpo","north"
"6670","client","scale.com","scale","enterprise_bpo","north"
"6671","client","scale.com","scale","enterprise_bpo","north"
"6672","client","scale.com","scale","enterprise_bpo","north"
"6673","client","scale.com","scale","enterprise_bpo","north"
"6674","client","scale.com","scale","enterprise_bpo","north"
"6675","client","scale.com","scale","enterprise_bpo","north"
"6678","client","scale.com","scale","enterprise_bpo","north"
"6679","client","scale.com","scale","enterprise_bpo","north"
"6680","client","scale.com","scale","enterprise_bpo","north"
"6682","client","scale.com","scale","enterprise_bpo","north"
"6684","client","scale.com","scale","enterprise_bpo","north"
"6685","client","scale.com","scale","enterprise_bpo","north"
"6687","client","scale.com","scale","enterprise_bpo","north"
"6688","client","scale.com","scale","enterprise_bpo","north"
"6689","client","scale.com","scale","enterprise_bpo","north"
"6690","client","scale.com","scale","enterprise_bpo","north"
"6691","client","scale.com","scale","enterprise_bpo","north"
"6692","client","scale.com","scale","enterprise_bpo","north"
"6694","client","scale.com","scale","enterprise_bpo","north"
"6697","client","scale.com","scale","enterprise_bpo","north"
"6698","client","scale.com","scale","enterprise_bpo","north"
"6699","client","scale.com","scale","enterprise_bpo","north"
"6700","client","scale.com","scale","enterprise_bpo","north"
"6702","client","scale.com","scale","enterprise_bpo","north"
"6704","client","scale.com","scale","enterprise_bpo","north"
"6705","client","scale.com","scale","enterprise_bpo","north"
"6706","client","scale.com","scale","enterprise_bpo","north"
"6707","client","scale.com","scale","enterprise_bpo","north"
"6708","client","scale.com","scale","enterprise_bpo","north"
"6709","client","scale.com","scale","enterprise_bpo","north"
"6710","client","scale.com","scale","enterprise_bpo","north"
"6711","client","scale.com","scale","enterprise_bpo","north"
"6714","client","scale.com","scale","enterprise_bpo","north"
"6715","client","scale.com","scale","enterprise_bpo","north"
"6716","client","scale.com","scale","enterprise_bpo","north"
"6718","client","scale.com","scale","enterprise_bpo","north"
"6719","client","scale.com","scale","enterprise_bpo","north"
"6720","client","scale.com","scale","enterprise_bpo","north"
"6721","client","scale.com","scale","enterprise_bpo","north"
"6722","client","scale.com","scale","enterprise_bpo","north"
"6724","client","scale.com","scale","enterprise_bpo","north"
"6725","client","scale.com","scale","enterprise_bpo","north"
"6726","client","scale.com","scale","enterprise_bpo","north"
"6727","client","scale.com","scale","enterprise_bpo","north"
"6728","client","scale.com","scale","enterprise_bpo","north"
"6729","client","scale.com","scale","enterprise_bpo","north"
"6730","client","scale.com","scale","enterprise_bpo","north"
"6731","client","scale.com","scale","enterprise_bpo","north"
"6732","client","scale.com","scale","enterprise_bpo","north"
"6734","client","scale.com","scale","enterprise_bpo","north"
"6735","client","scale.com","scale","enterprise_bpo","north"
"6737","client","scale.com","scale","enterprise_bpo","north"
"6738","client","scale.com","scale","enterprise_bpo","north"
"6739","client","scale.com","scale","enterprise_bpo","north"
"6741","client","scale.com","scale","enterprise_bpo","north"
"6742","client","scale.com","scale","enterprise_bpo","north"
"6743","client","scale.com","scale","enterprise_bpo","north"
"6744","client","scale.com","scale","enterprise_bpo","north"
"6745","client","scale.com","scale","enterprise_bpo","north"
"6746","client","scale.com","scale","enterprise_bpo","north"
"6747","client","scale.com","scale","enterprise_bpo","north"
"6748","client","scale.com","scale","enterprise_bpo","north"
"6749","client","scale.com","scale","enterprise_bpo","north"
"6750","client","scale.com","scale","enterprise_bpo","north"
"6751","client","scale.com","scale","enterprise_bpo","north"
"6752","client","scale.com","scale","enterprise_bpo","north"
"6753","client","scale.com","scale","enterprise_bpo","north"
"6754","client","scale.com","scale","enterprise_bpo","north"
"6755","client","scale.com","scale","enterprise_bpo","north"
"6756","client","scale.com","scale","enterprise_bpo","north"
"6757","client","scale.com","scale","enterprise_bpo","north"
"6758","client","scale.com","scale","enterprise_bpo","north"
"6759","client","scale.com","scale","enterprise_bpo","north"
"6760","client","scale.com","scale","enterprise_bpo","north"
"6761","client","scale.com","scale","enterprise_bpo","north"
"6762","client","scale.com","scale","enterprise_bpo","north"
"6763","client","scale.com","scale","enterprise_bpo","north"
"6764","client","scale.com","scale","enterprise_bpo","north"
"6765","client","scale.com","scale","enterprise_bpo","north"
"6766","client","scale.com","scale","enterprise_bpo","north"
"6767","client","scale.com","scale","enterprise_bpo","north"
"6768","client","scale.com","scale","enterprise_bpo","north"
"6769","client","scale.com","scale","enterprise_bpo","north"
"6770","client","scale.com","scale","enterprise_bpo","north"
"6771","client","scale.com","scale","enterprise_bpo","north"
"6772","client","scale.com","scale","enterprise_bpo","north"
"6773","client","scale.com","scale","enterprise_bpo","north"
"6774","client","scale.com","scale","enterprise_bpo","north"
"6775","client","scale.com","scale","enterprise_bpo","north"
"6776","client","scale.com","scale","enterprise_bpo","north"
"6777","client","scale.com","scale","enterprise_bpo","north"
"6778","client","scale.com","scale","enterprise_bpo","north"
"6779","client","scale.com","scale","enterprise_bpo","north"
"6780","client","scale.com","scale","enterprise_bpo","north"
"6781","client","scale.com","scale","enterprise_bpo","north"
"6782","client","scale.com","scale","enterprise_bpo","north"
"6783","client","scale.com","scale","enterprise_bpo","north"
"6784","client","scale.com","scale","enterprise_bpo","north"
"6785","client","scale.com","scale","enterprise_bpo","north"
"6786","client","scale.com","scale","enterprise_bpo","north"
"6787","client","scale.com","scale","enterprise_bpo","north"
"6788","client","scale.com","scale","enterprise_bpo","north"
"6789","client","scale.com","scale","enterprise_bpo","north"
"6790","client","scale.com","scale","enterprise_bpo","north"
"6791","client","scale.com","scale","enterprise_bpo","north"
"6792","client","scale.com","scale","enterprise_bpo","north"
"6793","client","scale.com","scale","enterprise_bpo","north"
"6794","client","scale.com","scale","enterprise_bpo","north"
"6795","client","scale.com","scale","enterprise_bpo","north"
"6796","client","scale.com","scale","enterprise_bpo","north"
"6797","client","scale.com","scale","enterprise_bpo","north"
"6798","client","scale.com","scale","enterprise_bpo","north"
"6799","client","scale.com","scale","enterprise_bpo","north"
"6800","client","scale.com","scale","enterprise_bpo","north"
"6801","client","scale.com","scale","enterprise_bpo","north"
"6802","client","scale.com","scale","enterprise_bpo","north"
"6803","client","scale.com","scale","enterprise_bpo","north"
"6804","client","scale.com","scale","enterprise_bpo","north"
"6805","client","scale.com","scale","enterprise_bpo","north"
"6806","client","scale.com","scale","enterprise_bpo","north"
"6807","client","scale.com","scale","enterprise_bpo","north"
"6808","client","scale.com","scale","enterprise_bpo","north"
"6809","client","scale.com","scale","enterprise_bpo","north"
"6810","client","scale.com","scale","enterprise_bpo","north"
"6811","client","scale.com","scale","enterprise_bpo","north"
"6812","client","scale.com","scale","enterprise_bpo","north"
"6813","client","scale.com","scale","enterprise_bpo","north"
"6814","client","scale.com","scale","enterprise_bpo","north"
"6815","client","scale.com","scale","enterprise_bpo","north"
"6816","client","scale.com","scale","enterprise_bpo","north"
"6817","client","scale.com","scale","enterprise_bpo","north"
"6818","client","scale.com","scale","enterprise_bpo","north"
"6819","client","scale.com","scale","enterprise_bpo","north"
"6820","client","scale.com","scale","enterprise_bpo","north"
"6821","client","scale.com","scale","enterprise_bpo","north"
"6822","client","scale.com","scale","enterprise_bpo","north"
"6823","client","scale.com","scale","enterprise_bpo","north"
"6824","client","scale.com","scale","enterprise_bpo","north"
"6825","client","scale.com","scale","enterprise_bpo","north"
"6826","client","scale.com","scale","enterprise_bpo","north"
"6827","client","scale.com","scale","enterprise_bpo","north"
"6828","client","scale.com","scale","enterprise_bpo","north"
"6829","client","scale.com","scale","enterprise_bpo","north"
"6830","client","scale.com","scale","enterprise_bpo","north"
"6831","client","scale.com","scale","enterprise_bpo","north"
"6832","client","scale.com","scale","enterprise_bpo","north"
"6833","client","scale.com","scale","enterprise_bpo","north"
"6834","client","scale.com","scale","enterprise_bpo","north"
"6835","client","scale.com","scale","enterprise_bpo","north"
"6836","client","scale.com","scale","enterprise_bpo","north"
"6837","client","scale.com","scale","enterprise_bpo","north"
"6838","client","scale.com","scale","enterprise_bpo","north"
"6839","client","scale.com","scale","enterprise_bpo","north"
"6840","client","scale.com","scale","enterprise_bpo","north"
"6841","client","scale.com","scale","enterprise_bpo","north"
"6842","client","scale.com","scale","enterprise_bpo","north"
"6843","client","scale.com","scale","enterprise_bpo","north"
"6844","client","scale.com","scale","enterprise_bpo","north"
"6845","client","scale.com","scale","enterprise_bpo","north"
"6846","client","scale.com","scale","enterprise_bpo","north"
"6847","client","scale.com","scale","enterprise_bpo","north"
"6848","client","scale.com","scale","enterprise_bpo","north"
"6849","client","scale.com","scale","enterprise_bpo","north"
"6850","client","scale.com","scale","enterprise_bpo","north"
"6851","client","scale.com","scale","enterprise_bpo","north"
"6852","client","scale.com","scale","enterprise_bpo","north"
"6853","client","scale.com","scale","enterprise_bpo","north"
"6854","client","scale.com","scale","enterprise_bpo","north"
"6855","client","scale.com","scale","enterprise_bpo","north"
"6856","client","scale.com","scale","enterprise_bpo","north"
"6857","client","scale.com","scale","enterprise_bpo","north"
"6858","client","scale.com","scale","enterprise_bpo","north"
"6859","client","scale.com","scale","enterprise_bpo","north"
"6860","client","scale.com","scale","enterprise_bpo","north"
"6861","client","scale.com","scale","enterprise_bpo","north"
"6862","client","scale.com","scale","enterprise_bpo","north"
"6863","client","scale.com","scale","enterprise_bpo","north"
"6864","client","scale.com","scale","enterprise_bpo","north"
"6865","client","scale.com","scale","enterprise_bpo","north"
"6866","client","scale.com","scale","enterprise_bpo","north"
"6867","client","scale.com","scale","enterprise_bpo","north"
"6868","client","scale.com","scale","enterprise_bpo","north"
"6869","client","scale.com","scale","enterprise_bpo","north"
"6870","client","scale.com","scale","enterprise_bpo","north"
"6871","client","scale.com","scale","enterprise_bpo","north"
"6872","client","scale.com","scale","enterprise_bpo","north"
"6873","client","scale.com","scale","enterprise_bpo","north"
"6874","client","scale.com","scale","enterprise_bpo","north"
"6875","client","scale.com","scale","enterprise_bpo","north"
"6876","client","scale.com","scale","enterprise_bpo","north"
"6877","client","scale.com","scale","enterprise_bpo","north"
"6878","client","scale.com","scale","enterprise_bpo","north"
"6879","client","scale.com","scale","enterprise_bpo","north"
"6880","client","scale.com","scale","enterprise_bpo","north"
"6881","client","scale.com","scale","enterprise_bpo","north"
"6882","client","scale.com","scale","enterprise_bpo","north"
"6883","client","scale.com","scale","enterprise_bpo","north"
"6884","client","scale.com","scale","enterprise_bpo","north"
"6885","client","scale.com","scale","enterprise_bpo","north"
"6886","client","scale.com","scale","enterprise_bpo","north"
"6887","client","scale.com","scale","enterprise_bpo","north"
"6888","client","scale.com","scale","enterprise_bpo","north"
"6889","client","scale.com","scale","enterprise_bpo","north"
"6890","client","scale.com","scale","enterprise_bpo","north"
"6891","client","scale.com","scale","enterprise_bpo","north"
"6893","client","scale.com","scale","enterprise_bpo","north"
"6895","client","scale.com","scale","enterprise_bpo","north"
"6896","client","scale.com","scale","enterprise_bpo","north"
"6897","client","scale.com","scale","enterprise_bpo","north"
"6898","client","scale.com","scale","enterprise_bpo","north"
"6899","client","scale.com","scale","enterprise_bpo","north"
"6900","client","scale.com","scale","enterprise_bpo","north"
"6901","client","scale.com","scale","enterprise_bpo","north"
"6902","client","scale.com","scale","enterprise_bpo","north"
"6903","client","scale.com","scale","enterprise_bpo","north"
"6904","client","scale.com","scale","enterprise_bpo","north"
"6905","client","scale.com","scale","enterprise_bpo","north"
"6906","client","scale.com","scale","enterprise_bpo","north"
"6907","client","scale.com","scale","enterprise_bpo","north"
"6908","client","scale.com","scale","enterprise_bpo","north"
"6910","client","scale.com","scale","enterprise_bpo","north"
"6911","client","scale.com","scale","enterprise_bpo","north"
"6914","client","scale.com","scale","enterprise_bpo","north"
"6915","client","scale.com","scale","enterprise_bpo","north"
"6917","client","scale.com","scale","enterprise_bpo","north"
"6918","client","scale.com","scale","enterprise_bpo","north"
"6919","client","scale.com","scale","enterprise_bpo","north"
"6920","client","scale.com","scale","enterprise_bpo","north"
"6921","client","scale.com","scale","enterprise_bpo","north"
"6922","client","scale.com","scale","enterprise_bpo","north"
"6923","client","scale.com","scale","enterprise_bpo","north"
"6924","client","scale.com","scale","enterprise_bpo","north"
"6925","client","scale.com","scale","enterprise_bpo","north"
"6927","client","scale.com","scale","enterprise_bpo","north"
"6928","client","scale.com","scale","enterprise_bpo","north"
"6929","client","scale.com","scale","enterprise_bpo","north"
"6930","client","scale.com","scale","enterprise_bpo","north"
"6931","client","scale.com","scale","enterprise_bpo","north"
"6932","client","scale.com","scale","enterprise_bpo","north"
"6933","client","scale.com","scale","enterprise_bpo","north"
"6934","client","scale.com","scale","enterprise_bpo","north"
"6935","client","scale.com","scale","enterprise_bpo","north"
"6936","client","scale.com","scale","enterprise_bpo","north"
"6937","client","scale.com","scale","enterprise_bpo","north"
"6938","client","scale.com","scale","enterprise_bpo","north"
"6940","client","scale.com","scale","enterprise_bpo","north"
"6941","client","scale.com","scale","enterprise_bpo","north"
"6942","client","scale.com","scale","enterprise_bpo","north"
"6944","client","scale.com","scale","enterprise_bpo","north"
"6945","client","scale.com","scale","enterprise_bpo","north"
"6946","client","scale.com","scale","enterprise_bpo","north"
"6947","client","scale.com","scale","enterprise_bpo","north"
"6949","client","scale.com","scale","enterprise_bpo","north"
"6950","client","scale.com","scale","enterprise_bpo","north"
"6951","client","scale.com","scale","enterprise_bpo","north"
"6952","client","scale.com","scale","enterprise_bpo","north"
"6953","client","scale.com","scale","enterprise_bpo","north"
"6954","client","scale.com","scale","enterprise_bpo","north"
"6955","client","scale.com","scale","enterprise_bpo","north"
"6956","client","scale.com","scale","enterprise_bpo","north"
"6957","client","scale.com","scale","enterprise_bpo","north"
"6958","client","scale.com","scale","enterprise_bpo","north"
"6959","client","scale.com","scale","enterprise_bpo","north"
"6960","client","scale.com","scale","enterprise_bpo","north"
"6961","client","scale.com","scale","enterprise_bpo","north"
"6962","client","scale.com","scale","enterprise_bpo","north"
"6963","client","scale.com","scale","enterprise_bpo","north"
"6964","client","scale.com","scale","enterprise_bpo","north"
"6965","client","scale.com","scale","enterprise_bpo","north"
"6966","client","scale.com","scale","enterprise_bpo","north"
"6968","client","scale.com","scale","enterprise_bpo","north"
"6969","client","scale.com","scale","enterprise_bpo","north"
"6970","client","scale.com","scale","enterprise_bpo","north"
"6971","client","scale.com","scale","enterprise_bpo","north"
"6972","client","scale.com","scale","enterprise_bpo","north"
"6973","client","scale.com","scale","enterprise_bpo","north"
"6974","client","scale.com","scale","enterprise_bpo","north"
"6976","client","scale.com","scale","enterprise_bpo","north"
"6977","client","scale.com","scale","enterprise_bpo","north"
"6978","client","scale.com","scale","enterprise_bpo","north"
"6979","client","scale.com","scale","enterprise_bpo","north"
"6980","client","scale.com","scale","enterprise_bpo","north"
"6981","client","scale.com","scale","enterprise_bpo","north"
"6982","client","scale.com","scale","enterprise_bpo","north"
"6983","client","scale.com","scale","enterprise_bpo","north"
"6985","client","scale.com","scale","enterprise_bpo","north"
"6986","client","scale.com","scale","enterprise_bpo","north"
"6987","client","scale.com","scale","enterprise_bpo","north"
"6988","client","scale.com","scale","enterprise_bpo","north"
"6989","client","scale.com","scale","enterprise_bpo","north"
"6990","client","scale.com","scale","enterprise_bpo","north"
"6991","client","scale.com","scale","enterprise_bpo","north"
"6992","client","scale.com","scale","enterprise_bpo","north"
"6993","client","scale.com","scale","enterprise_bpo","north"
"6994","client","scale.com","scale","enterprise_bpo","north"
"6995","client","scale.com","scale","enterprise_bpo","north"
"6996","client","scale.com","scale","enterprise_bpo","north"
"6997","client","scale.com","scale","enterprise_bpo","north"
"6998","client","scale.com","scale","enterprise_bpo","north"
"6999","client","scale.com","scale","enterprise_bpo","north"
"7000","client","scale.com","scale","enterprise_bpo","north"
"7001","client","scale.com","scale","enterprise_bpo","north"
"7003","client","scale.com","scale","enterprise_bpo","north"
"7004","client","scale.com","scale","enterprise_bpo","north"
"7005","client","scale.com","scale","enterprise_bpo","north"
"7006","client","scale.com","scale","enterprise_bpo","north"
"7007","client","scale.com","scale","enterprise_bpo","north"
"7008","client","scale.com","scale","enterprise_bpo","north"
"7009","client","scale.com","scale","enterprise_bpo","north"
"7010","client","scale.com","scale","enterprise_bpo","north"
"7011","client","scale.com","scale","enterprise_bpo","north"
"7012","client","scale.com","scale","enterprise_bpo","north"
"7013","client","scale.com","scale","enterprise_bpo","north"
"7014","client","scale.com","scale","enterprise_bpo","north"
"7015","client","scale.com","scale","enterprise_bpo","north"
"7016","client","scale.com","scale","enterprise_bpo","north"
"7017","client","scale.com","scale","enterprise_bpo","north"
"7018","client","scale.com","scale","enterprise_bpo","north"
"7019","client","scale.com","scale","enterprise_bpo","north"
"7020","client","scale.com","scale","enterprise_bpo","north"
"7021","client","scale.com","scale","enterprise_bpo","north"
"7022","client","scale.com","scale","enterprise_bpo","north"
"7023","client","scale.com","scale","enterprise_bpo","north"
"7024","client","scale.com","scale","enterprise_bpo","north"
"7025","client","scale.com","scale","enterprise_bpo","north"
"7027","client","scale.com","scale","enterprise_bpo","north"
"7028","client","scale.com","scale","enterprise_bpo","north"
"7029","client","scale.com","scale","enterprise_bpo","north"
"7030","client","scale.com","scale","enterprise_bpo","north"
"7031","client","scale.com","scale","enterprise_bpo","north"
"7032","client","scale.com","scale","enterprise_bpo","north"
"7033","client","scale.com","scale","enterprise_bpo","north"
"7034","client","scale.com","scale","enterprise_bpo","north"
"7035","client","scale.com","scale","enterprise_bpo","north"
"7036","client","scale.com","scale","enterprise_bpo","north"
"7037","client","scale.com","scale","enterprise_bpo","north"
"7038","client","scale.com","scale","enterprise_bpo","north"
"7039","client","scale.com","scale","enterprise_bpo","north"
"7040","client","scale.com","scale","enterprise_bpo","north"
"7041","client","scale.com","scale","enterprise_bpo","north"
"7042","client","scale.com","scale","enterprise_bpo","north"
"7044","client","scale.com","scale","enterprise_bpo","north"
"7045","client","scale.com","scale","enterprise_bpo","north"
"7046","client","scale.com","scale","enterprise_bpo","north"
"7047","client","scale.com","scale","enterprise_bpo","north"
"7048","client","scale.com","scale","enterprise_bpo","north"
"7049","client","scale.com","scale","enterprise_bpo","north"
"7050","client","scale.com","scale","enterprise_bpo","north"
"7051","client","scale.com","scale","enterprise_bpo","north"
"7052","client","scale.com","scale","enterprise_bpo","north"
"7053","client","scale.com","scale","enterprise_bpo","north"
"7055","client","scale.com","scale","enterprise_bpo","north"
"7056","client","scale.com","scale","enterprise_bpo","north"
"7057","client","scale.com","scale","enterprise_bpo","north"
"7058","client","scale.com","scale","enterprise_bpo","north"
"7059","client","scale.com","scale","enterprise_bpo","north"
"7060","client","scale.com","scale","enterprise_bpo","north"
"7061","client","scale.com","scale","enterprise_bpo","north"
"7062","client","scale.com","scale","enterprise_bpo","north"
"7064","client","scale.com","scale","enterprise_bpo","north"
"7066","client","scale.com","scale","enterprise_bpo","north"
"7067","client","scale.com","scale","enterprise_bpo","north"
"7068","client","scale.com","scale","enterprise_bpo","north"
"7069","client","scale.com","scale","enterprise_bpo","north"
"7070","client","scale.com","scale","enterprise_bpo","north"
"7071","client","scale.com","scale","enterprise_bpo","north"
"7072","client","scale.com","scale","enterprise_bpo","north"
"7073","client","scale.com","scale","enterprise_bpo","north"
"7074","client","scale.com","scale","enterprise_bpo","north"
"7075","client","scale.com","scale","enterprise_bpo","north"
"7076","client","scale.com","scale","enterprise_bpo","north"
"7077","client","scale.com","scale","enterprise_bpo","north"
"7078","client","scale.com","scale","enterprise_bpo","north"
"7079","client","scale.com","scale","enterprise_bpo","north"
"7080","client","scale.com","scale","enterprise_bpo","north"
"7081","client","scale.com","scale","enterprise_bpo","north"
"7082","client","scale.com","scale","enterprise_bpo","north"
"7083","client","scale.com","scale","enterprise_bpo","north"
"7084","client","scale.com","scale","enterprise_bpo","north"
"7085","client","scale.com","scale","enterprise_bpo","north"
"7086","client","scale.com","scale","enterprise_bpo","north"
"7087","client","scale.com","scale","enterprise_bpo","north"
"7088","client","scale.com","scale","enterprise_bpo","north"
"7089","client","scale.com","scale","enterprise_bpo","north"
"7090","client","scale.com","scale","enterprise_bpo","north"
"7091","client","scale.com","scale","enterprise_bpo","north"
"7092","client","scale.com","scale","enterprise_bpo","north"
"7093","client","scale.com","scale","enterprise_bpo","north"
"7095","client","scale.com","scale","enterprise_bpo","north"
"7096","client","scale.com","scale","enterprise_bpo","north"
"7097","client","scale.com","scale","enterprise_bpo","north"
"7098","client","scale.com","scale","enterprise_bpo","north"
"7099","client","scale.com","scale","enterprise_bpo","north"
"7100","client","scale.com","scale","enterprise_bpo","north"
"7101","client","scale.com","scale","enterprise_bpo","north"
"7102","client","scale.com","scale","enterprise_bpo","north"
"7104","client","scale.com","scale","enterprise_bpo","north"
"7105","client","scale.com","scale","enterprise_bpo","north"
"7106","client","scale.com","scale","enterprise_bpo","north"
"7107","client","scale.com","scale","enterprise_bpo","north"
"7108","client","scale.com","scale","enterprise_bpo","north"
"7109","client","scale.com","scale","enterprise_bpo","north"
"7110","client","scale.com","scale","enterprise_bpo","north"
"7111","client","scale.com","scale","enterprise_bpo","north"
"7112","client","scale.com","scale","enterprise_bpo","north"
"7113","client","scale.com","scale","enterprise_bpo","north"
"7114","client","scale.com","scale","enterprise_bpo","north"
"7115","client","scale.com","scale","enterprise_bpo","north"
"7116","client","scale.com","scale","enterprise_bpo","north"
"7117","client","scale.com","scale","enterprise_bpo","north"
"7118","client","scale.com","scale","enterprise_bpo","north"
"7119","client","scale.com","scale","enterprise_bpo","north"
"7120","client","scale.com","scale","enterprise_bpo","north"
"7121","client","scale.com","scale","enterprise_bpo","north"
"7122","client","scale.com","scale","enterprise_bpo","north"
"7123","client","scale.com","scale","enterprise_bpo","north"
"7124","client","scale.com","scale","enterprise_bpo","north"
"7125","client","scale.com","scale","enterprise_bpo","north"
"7126","client","scale.com","scale","enterprise_bpo","north"
"7127","client","scale.com","scale","enterprise_bpo","north"
"7128","client","scale.com","scale","enterprise_bpo","north"
"7129","client","scale.com","scale","enterprise_bpo","north"
"7130","client","scale.com","scale","enterprise_bpo","north"
"7131","client","scale.com","scale","enterprise_bpo","north"
"7132","client","scale.com","scale","enterprise_bpo","north"
"7133","client","scale.com","scale","enterprise_bpo","north"
"7134","client","scale.com","scale","enterprise_bpo","north"
"7135","client","scale.com","scale","enterprise_bpo","north"
"7136","client","scale.com","scale","enterprise_bpo","north"
"7137","client","scale.com","scale","enterprise_bpo","north"
"7138","client","scale.com","scale","enterprise_bpo","north"
"7139","client","scale.com","scale","enterprise_bpo","north"
"7140","client","scale.com","scale","enterprise_bpo","north"
"7141","client","scale.com","scale","enterprise_bpo","north"
"7142","client","scale.com","scale","enterprise_bpo","north"
"7143","client","scale.com","scale","enterprise_bpo","north"
"7152","client","scale.com","scale","enterprise_bpo","north"
"7154","client","scale.com","scale","enterprise_bpo","north"
"7155","client","scale.com","scale","enterprise_bpo","north"
"7156","client","scale.com","scale","enterprise_bpo","north"
"7161","client","scale.com","scale","enterprise_bpo","north"
"7162","client","scale.com","scale","enterprise_bpo","north"
"7163","client","scale.com","scale","enterprise_bpo","north"
"7165","client","scale.com","scale","enterprise_bpo","north"
"7166","client","scale.com","scale","enterprise_bpo","north"
"7168","client","scale.com","scale","enterprise_bpo","north"
"7169","client","scale.com","scale","enterprise_bpo","north"
"7171","client","scale.com","scale","enterprise_bpo","north"
"7177","client","scale.com","scale","enterprise_bpo","north"
"7178","client","scale.com","scale","enterprise_bpo","north"
"7179","client","scale.com","scale","enterprise_bpo","north"
"7180","client","scale.com","scale","enterprise_bpo","north"
"7181","client","scale.com","scale","enterprise_bpo","north"
"7183","client","www.superannotate.com","superannotate.com","enterprise_bpo","north"
"7184","client","www.superannotate.com","superannotate.com","enterprise_bpo","north"
"7185","client","www.superannotate.com","superannotate.com","enterprise_bpo","north"
"7186","client","www.superannotate.com","superannotate.com","enterprise_bpo","north"
"7187","client","www.superannotate.com","superannotate.com","enterprise_bpo","north"
"7188","client","www.superannotate.com","superannotate.com","enterprise_bpo","north"
"7189","client","www.superannotate.com","superannotate.com","enterprise_bpo","north"
"7190","client","www.superannotate.com","superannotate.com","enterprise_bpo","north"
"7191","client","www.superannotate.com","superannotate.com","enterprise_bpo","north"
"7192","client","www.superannotate.com","superannotate.com","enterprise_bpo","north"
"7193","client","www.superannotate.com","superannotate.com","enterprise_bpo","north"
"7194","client","www.superannotate.com","superannotate.com","enterprise_bpo","north"
"7195","client","www.superannotate.com","superannotate.com","enterprise_bpo","north"
"7196","client","www.superannotate.com","superannotate.com","enterprise_bpo","north"
"7197","client","www.superannotate.com","superannotate.com","enterprise_bpo","north"
"7198","client","www.superannotate.com","superannotate.com","enterprise_bpo","north"
"7199","client","www.superannotate.com","superannotate.com","enterprise_bpo","north"
"7200","client","www.superannotate.com","superannotate.com","enterprise_bpo","north"
"7201","client","www.superannotate.com","superannotate.com","enterprise_bpo","north"
"7202","client","www.superannotate.com","superannotate.com","enterprise_bpo","north"
"7203","client","www.superannotate.com","superannotate.com","enterprise_bpo","north"
"7204","client","www.superannotate.com","superannotate.com","enterprise_bpo","north"
"7205","client","www.superannotate.com","superannotate.com","enterprise_bpo","north"
"7206","client","www.superannotate.com","superannotate.com","enterprise_bpo","north"
"7207","client","www.superannotate.com","superannotate.com","enterprise_bpo","north"
"7208","client","www.superannotate.com","superannotate.com","enterprise_bpo","north"
"7209","client","www.superannotate.com","superannotate.com","enterprise_bpo","north"
"7210","client","www.superannotate.com","superannotate.com","enterprise_bpo","north"
"7211","client","www.superannotate.com","superannotate.com","enterprise_bpo","north"
"7213","client","www.superannotate.com","superannotate.com","enterprise_bpo","north"
"7215","client","www.superannotate.com","superannotate.com","enterprise_bpo","north"
"7216","client","www.superannotate.com","superannotate.com","enterprise_bpo","north"
"7217","client","www.superannotate.com","superannotate.com","enterprise_bpo","north"
"7218","client","www.superannotate.com","superannotate.com","enterprise_bpo","north"
"7219","client","www.superannotate.com","superannotate.com","enterprise_bpo","north"
"7220","client","www.superannotate.com","superannotate.com","enterprise_bpo","north"
"7221","client","www.superannotate.com","superannotate.com","enterprise_bpo","north"
"7222","client","www.superannotate.com","superannotate.com","enterprise_bpo","north"
"7223","client","www.superannotate.com","superannotate.com","enterprise_bpo","north"
"7224","client","www.superannotate.com","superannotate.com","enterprise_bpo","north"
"7225","client","www.superannotate.com","superannotate.com","enterprise_bpo","north"
"7226","client","www.superannotate.com","superannotate.com","enterprise_bpo","north"
"7227","client","www.superannotate.com","superannotate.com","enterprise_bpo","north"
"7228","client","www.superannotate.com","superannotate.com","enterprise_bpo","north"
"7229","client","www.superannotate.com","superannotate.com","enterprise_bpo","north"
"7230","client","www.superannotate.com","superannotate.com","enterprise_bpo","north"
"7231","client","www.superannotate.com","superannotate.com","enterprise_bpo","north"
"7232","client","www.superannotate.com","superannotate.com","enterprise_bpo","north"
"7233","client","www.superannotate.com","superannotate.com","enterprise_bpo","north"
"7234","client","www.superannotate.com","superannotate.com","enterprise_bpo","north"
"7235","client","www.superannotate.com","superannotate.com","enterprise_bpo","north"
"7236","client","www.superannotate.com","superannotate.com","enterprise_bpo","north"
"7237","client","www.superannotate.com","superannotate.com","enterprise_bpo","north"
"7238","client","www.superannotate.com","superannotate.com","enterprise_bpo","north"
"7239","client","www.superannotate.com","superannotate.com","enterprise_bpo","north"
"7240","client","www.superannotate.com","superannotate.com","enterprise_bpo","north"
"7241","client","www.superannotate.com","superannotate.com","enterprise_bpo","north"
"7242","client","www.superannotate.com","superannotate.com","enterprise_bpo","north"
"7243","client","www.superannotate.com","superannotate.com","enterprise_bpo","north"
"7244","client","www.superannotate.com","superannotate.com","enterprise_bpo","north"
"7245","client","www.superannotate.com","superannotate.com","enterprise_bpo","north"
"7246","client","www.superannotate.com","superannotate.com","enterprise_bpo","north"
"7247","client","www.superannotate.com","superannotate.com","enterprise_bpo","north"
"7248","client","www.superannotate.com","superannotate.com","enterprise_bpo","north"
"7249","client","www.superannotate.com","superannotate.com","enterprise_bpo","north"
"7250","client","www.superannotate.com","superannotate.com","enterprise_bpo","north"
"7251","client","www.superannotate.com","superannotate.com","enterprise_bpo","north"
"7252","client","www.superannotate.com","superannotate.com","enterprise_bpo","north"
"7253","client","www.superannotate.com","superannotate.com","enterprise_bpo","north"
"7254","client","www.superannotate.com","superannotate.com","enterprise_bpo","north"
"7255","client","www.superannotate.com","superannotate.com","enterprise_bpo","north"
"7256","client","www.superannotate.com","superannotate.com","enterprise_bpo","north"
"7257","client","www.superannotate.com","superannotate.com","enterprise_bpo","north"
"7258","client","www.superannotate.com","superannotate.com","enterprise_bpo","north"
"7259","client","www.superannotate.com","superannotate.com","enterprise_bpo","north"
"7260","client","www.superannotate.com","superannotate.com","enterprise_bpo","north"
"7261","client","www.superannotate.com","superannotate.com","enterprise_bpo","north"
"7262","client","www.superannotate.com","superannotate.com","enterprise_bpo","north"
"7263","client","www.superannotate.com","superannotate.com","enterprise_bpo","north"
"7264","client","www.superannotate.com","superannotate.com","enterprise_bpo","north"
"7265","client","www.superannotate.com","superannotate.com","enterprise_bpo","north"
"7266","client","www.superannotate.com","superannotate.com","enterprise_bpo","north"
"7267","client","www.superannotate.com","superannotate.com","enterprise_bpo","north"
"7268","client","www.superannotate.com","superannotate.com","enterprise_bpo","north"
"7269","client","www.superannotate.com","superannotate.com","enterprise_bpo","north"
"7270","client","www.superannotate.com","superannotate.com","enterprise_bpo","north"
"7271","client","www.superannotate.com","superannotate.com","enterprise_bpo","north"
"7272","client","www.superannotate.com","superannotate.com","enterprise_bpo","north"
"7273","client","www.superannotate.com","superannotate.com","enterprise_bpo","north"
"7274","client","www.superannotate.com","superannotate.com","enterprise_bpo","north"
"7275","client","www.superannotate.com","superannotate.com","enterprise_bpo","north"
"7276","client","www.superannotate.com","superannotate.com","enterprise_bpo","north"
"7277","client","www.superannotate.com","superannotate.com","enterprise_bpo","north"
"7278","client","www.superannotate.com","superannotate.com","enterprise_bpo","north"
"7279","client","www.superannotate.com","superannotate.com","enterprise_bpo","north"
"7280","client","www.superannotate.com","superannotate.com","enterprise_bpo","north"
"7281","client","www.superannotate.com","superannotate.com","enterprise_bpo","north"
"7282","client","www.superannotate.com","superannotate.com","enterprise_bpo","north"
"7283","client","www.superannotate.com","superannotate.com","enterprise_bpo","north"
"7284","client","www.superannotate.com","superannotate.com","enterprise_bpo","north"
"7285","client","www.superannotate.com","superannotate.com","enterprise_bpo","north"
"7286","client","www.superannotate.com","superannotate.com","enterprise_bpo","north"
"7287","client","www.superannotate.com","superannotate.com","enterprise_bpo","north"
"7288","client","www.superannotate.com","superannotate.com","enterprise_bpo","north"
"7289","client","www.superannotate.com","superannotate.com","enterprise_bpo","north"
"7290","client","www.superannotate.com","superannotate.com","enterprise_bpo","north"
"7291","client","www.superannotate.com","superannotate.com","enterprise_bpo","north"
"7292","client","www.superannotate.com","superannotate.com","enterprise_bpo","north"
"7293","client","www.superannotate.com","superannotate.com","enterprise_bpo","north"
"7294","client","www.superannotate.com","superannotate.com","enterprise_bpo","north"
"7295","client","www.superannotate.com","superannotate.com","enterprise_bpo","north"
"7296","client","www.superannotate.com","superannotate.com","enterprise_bpo","north"
"7297","client","www.superannotate.com","superannotate.com","enterprise_bpo","north"
"7298","client","www.superannotate.com","superannotate.com","enterprise_bpo","north"
"7299","client","www.superannotate.com","superannotate.com","enterprise_bpo","north"
"7300","client","www.superannotate.com","superannotate.com","enterprise_bpo","north"
"7301","client","www.superannotate.com","superannotate.com","enterprise_bpo","north"
"7302","client","www.superannotate.com","superannotate.com","enterprise_bpo","north"
"7303","client","www.superannotate.com","superannotate.com","enterprise_bpo","north"
"7304","client","www.superannotate.com","superannotate.com","enterprise_bpo","north"
"7305","client","www.superannotate.com","superannotate.com","enterprise_bpo","north"
"7306","client","www.superannotate.com","superannotate.com","enterprise_bpo","north"
"7307","client","www.superannotate.com","superannotate.com","enterprise_bpo","north"
"7308","client","www.superannotate.com","superannotate.com","enterprise_bpo","north"
"7309","client","www.superannotate.com","superannotate.com","enterprise_bpo","north"
"7310","client","www.superannotate.com","superannotate.com","enterprise_bpo","north"
"7311","client","www.superannotate.com","superannotate.com","enterprise_bpo","north"
"7312","client","www.superannotate.com","superannotate.com","enterprise_bpo","north"
"7313","client","www.superannotate.com","superannotate.com","enterprise_bpo","north"
"7314","client","www.superannotate.com","superannotate.com","enterprise_bpo","north"
"7315","client","www.superannotate.com","superannotate.com","enterprise_bpo","north"
"7316","client","www.superannotate.com","superannotate.com","enterprise_bpo","north"
"7317","client","www.superannotate.com","superannotate.com","enterprise_bpo","north"
"7318","client","www.superannotate.com","superannotate.com","enterprise_bpo","north"
"7319","client","www.superannotate.com","superannotate.com","enterprise_bpo","north"
"7320","client","www.superannotate.com","superannotate.com","enterprise_bpo","north"
"7321","client","www.superannotate.com","superannotate.com","enterprise_bpo","north"
"7322","client","www.superannotate.com","superannotate.com","enterprise_bpo","north"
"7323","client","www.superannotate.com","superannotate.com","enterprise_bpo","north"
"7324","client","www.superannotate.com","superannotate.com","enterprise_bpo","north"
"7325","client","www.superannotate.com","superannotate.com","enterprise_bpo","north"
"7326","client","www.superannotate.com","superannotate.com","enterprise_bpo","north"
"7327","client","www.superannotate.com","superannotate.com","enterprise_bpo","north"
"7328","client","www.superannotate.com","superannotate.com","enterprise_bpo","north"
"7329","client","www.superannotate.com","superannotate.com","enterprise_bpo","north"
"7330","client","www.superannotate.com","superannotate.com","enterprise_bpo","north"
"7331","client","www.superannotate.com","superannotate.com","enterprise_bpo","north"
"7332","client","www.superannotate.com","superannotate.com","enterprise_bpo","north"
"7333","client","www.superannotate.com","superannotate.com","enterprise_bpo","north"
"7334","client","www.superannotate.com","superannotate.com","enterprise_bpo","north"
"7335","client","www.superannotate.com","superannotate.com","enterprise_bpo","north"
"7336","client","www.superannotate.com","superannotate.com","enterprise_bpo","north"
"7337","client","www.superannotate.com","superannotate.com","enterprise_bpo","north"
"7338","client","www.superannotate.com","superannotate.com","enterprise_bpo","north"
"7339","client","www.superannotate.com","superannotate.com","enterprise_bpo","north"
"7340","client","www.superannotate.com","superannotate.com","enterprise_bpo","north"
"7341","client","www.superannotate.com","superannotate.com","enterprise_bpo","north"
"7342","client","www.superannotate.com","superannotate.com","enterprise_bpo","north"
"7343","client","www.superannotate.com","superannotate.com","enterprise_bpo","north"
"7344","client","www.superannotate.com","superannotate.com","enterprise_bpo","north"
"7345","client","www.superannotate.com","superannotate.com","enterprise_bpo","north"
"7346","client","www.superannotate.com","superannotate.com","enterprise_bpo","north"
"7347","client","www.superannotate.com","superannotate.com","enterprise_bpo","north"
"7348","client","www.superannotate.com","superannotate.com","enterprise_bpo","north"
"7349","client","www.superannotate.com","superannotate.com","enterprise_bpo","north"
"7350","client","www.superannotate.com","superannotate.com","enterprise_bpo","north"
"7351","client","www.superannotate.com","superannotate.com","enterprise_bpo","north"
"7352","client","www.superannotate.com","superannotate.com","enterprise_bpo","north"
"7353","client","www.superannotate.com","superannotate.com","enterprise_bpo","north"
"7354","client","www.superannotate.com","superannotate.com","enterprise_bpo","north"
"7355","client","www.superannotate.com","superannotate.com","enterprise_bpo","north"
"7356","client","www.superannotate.com","superannotate.com","enterprise_bpo","north"
"7357","client","www.superannotate.com","superannotate.com","enterprise_bpo","north"
"7358","client","www.superannotate.com","superannotate.com","enterprise_bpo","north"
"7359","client","www.superannotate.com","superannotate.com","enterprise_bpo","north"
"7360","client","www.superannotate.com","superannotate.com","enterprise_bpo","north"
"7361","client","www.superannotate.com","superannotate.com","enterprise_bpo","north"
"7362","client","www.superannotate.com","superannotate.com","enterprise_bpo","north"
"7363","client","www.superannotate.com","superannotate.com","enterprise_bpo","north"
"7364","client","www.superannotate.com","superannotate.com","enterprise_bpo","north"
"7365","client","www.superannotate.com","superannotate.com","enterprise_bpo","north"
"7366","client","www.superannotate.com","superannotate.com","enterprise_bpo","north"
"7367","client","www.superannotate.com","superannotate.com","enterprise_bpo","north"
"7368","client","www.superannotate.com","superannotate.com","enterprise_bpo","north"
"7369","client","www.superannotate.com","superannotate.com","enterprise_bpo","north"
"7370","client","www.superannotate.com","superannotate.com","enterprise_bpo","north"
"7371","client","www.superannotate.com","superannotate.com","enterprise_bpo","north"
"7372","client","www.superannotate.com","superannotate.com","enterprise_bpo","north"
"7373","client","www.superannotate.com","superannotate.com","enterprise_bpo","north"
"7374","client","www.superannotate.com","superannotate.com","enterprise_bpo","north"
"7375","client","www.superannotate.com","superannotate.com","enterprise_bpo","north"
"7376","client","www.superannotate.com","superannotate.com","enterprise_bpo","north"
"7377","client","www.superannotate.com","superannotate.com","enterprise_bpo","north"
"7378","client","www.superannotate.com","superannotate.com","enterprise_bpo","north"
"7379","client","www.superannotate.com","superannotate.com","enterprise_bpo","north"
"7380","client","www.superannotate.com","superannotate.com","enterprise_bpo","north"
"7381","client","www.superannotate.com","superannotate.com","enterprise_bpo","north"
"7382","client","www.superannotate.com","superannotate.com","enterprise_bpo","north"
"7383","client","www.superannotate.com","superannotate.com","enterprise_bpo","north"
"7384","client","www.superannotate.com","superannotate.com","enterprise_bpo","north"
"7385","client","www.superannotate.com","superannotate.com","enterprise_bpo","north"
"7386","client","www.superannotate.com","superannotate.com","enterprise_bpo","north"
"7387","client","www.superannotate.com","superannotate.com","enterprise_bpo","north"
"7388","client","www.superannotate.com","superannotate.com","enterprise_bpo","north"
"7389","client","www.superannotate.com","superannotate.com","enterprise_bpo","north"
"7390","client","www.superannotate.com","superannotate.com","enterprise_bpo","north"
"7391","client","www.superannotate.com","superannotate.com","enterprise_bpo","north"
"7392","client","www.superannotate.com","superannotate.com","enterprise_bpo","north"
"7393","client","www.superannotate.com","superannotate.com","enterprise_bpo","north"
"7394","client","www.superannotate.com","superannotate.com","enterprise_bpo","north"
"7395","client","www.superannotate.com","superannotate.com","enterprise_bpo","north"
"7396","client","www.superannotate.com","superannotate.com","enterprise_bpo","north"
"7397","client","www.superannotate.com","superannotate.com","enterprise_bpo","north"
"7398","client","www.superannotate.com","superannotate.com","enterprise_bpo","north"
"7399","client","www.superannotate.com","superannotate.com","enterprise_bpo","north"
"7400","client","www.superannotate.com","superannotate.com","enterprise_bpo","north"
"7401","client","www.superannotate.com","superannotate.com","enterprise_bpo","north"
"7402","client","www.superannotate.com","superannotate.com","enterprise_bpo","north"
"7403","client","www.superannotate.com","superannotate.com","enterprise_bpo","north"
"7404","client","www.superannotate.com","superannotate.com","enterprise_bpo","north"
"7405","client","www.superannotate.com","superannotate.com","enterprise_bpo","north"
"7406","client","www.superannotate.com","superannotate.com","enterprise_bpo","north"
"7407","client","www.superannotate.com","superannotate.com","enterprise_bpo","north"
"7408","client","www.superannotate.com","superannotate.com","enterprise_bpo","north"
"7409","client","www.superannotate.com","superannotate.com","enterprise_bpo","north"
"7410","client","www.superannotate.com","superannotate.com","enterprise_bpo","north"
"7411","client","www.superannotate.com","superannotate.com","enterprise_bpo","north"
"7412","client","www.superannotate.com","superannotate.com","enterprise_bpo","north"
"7413","client","www.superannotate.com","superannotate.com","enterprise_bpo","north"
"7414","client","www.superannotate.com","superannotate.com","enterprise_bpo","north"
"7415","client","www.superannotate.com","superannotate.com","enterprise_bpo","north"
"7416","client","www.superannotate.com","superannotate.com","enterprise_bpo","north"
"7417","client","www.superannotate.com","superannotate.com","enterprise_bpo","north"
"7418","client","www.superannotate.com","superannotate.com","enterprise_bpo","north"
"7419","client","www.superannotate.com","superannotate.com","enterprise_bpo","north"
"7420","client","www.superannotate.com","superannotate.com","enterprise_bpo","north"
"7421","client","www.superannotate.com","superannotate.com","enterprise_bpo","north"
"7422","client","www.superannotate.com","superannotate.com","enterprise_bpo","north"
"7423","client","www.superannotate.com","superannotate.com","enterprise_bpo","north"
"7424","client","www.superannotate.com","superannotate.com","enterprise_bpo","north"
"7425","client","www.superannotate.com","superannotate.com","enterprise_bpo","north"
"7426","client","www.superannotate.com","superannotate.com","enterprise_bpo","north"
"7427","client","www.superannotate.com","superannotate.com","enterprise_bpo","north"
"7428","client","www.superannotate.com","superannotate.com","enterprise_bpo","north"
"7429","client","www.superannotate.com","superannotate.com","enterprise_bpo","north"
"7430","client","www.superannotate.com","superannotate.com","enterprise_bpo","north"
"7431","client","www.superannotate.com","superannotate.com","enterprise_bpo","north"
"7432","client","www.superannotate.com","superannotate.com","enterprise_bpo","north"
"7433","client","www.superannotate.com","superannotate.com","enterprise_bpo","north"
"7434","client","www.superannotate.com","superannotate.com","enterprise_bpo","north"
"7435","client","www.superannotate.com","superannotate.com","enterprise_bpo","north"
"7436","client","www.superannotate.com","superannotate.com","enterprise_bpo","north"
"7437","client","www.superannotate.com","superannotate.com","enterprise_bpo","north"
"7438","client","www.superannotate.com","superannotate.com","enterprise_bpo","north"
"7439","client","www.superannotate.com","superannotate.com","enterprise_bpo","north"
"7440","client","www.superannotate.com","superannotate.com","enterprise_bpo","north"
"7441","client","www.superannotate.com","superannotate.com","enterprise_bpo","north"
"7442","client","www.superannotate.com","superannotate.com","enterprise_bpo","north"
"7443","client","www.superannotate.com","superannotate.com","enterprise_bpo","north"
"7444","client","www.superannotate.com","superannotate.com","enterprise_bpo","north"
"7445","client","www.superannotate.com","superannotate.com","enterprise_bpo","north"
"7446","client","www.superannotate.com","superannotate.com","enterprise_bpo","north"
"7447","client","www.superannotate.com","superannotate.com","enterprise_bpo","north"
"7448","client","www.superannotate.com","superannotate.com","enterprise_bpo","north"
"7449","client","www.superannotate.com","superannotate.com","enterprise_bpo","north"
"7450","client","www.superannotate.com","superannotate.com","enterprise_bpo","north"
"7451","client","www.superannotate.com","superannotate.com","enterprise_bpo","north"
"7452","client","www.superannotate.com","superannotate.com","enterprise_bpo","north"
"7453","client","www.superannotate.com","superannotate.com","enterprise_bpo","north"
"7454","client","www.superannotate.com","superannotate.com","enterprise_bpo","north"
"7455","client","www.superannotate.com","superannotate.com","enterprise_bpo","north"
"7456","client","www.superannotate.com","superannotate.com","enterprise_bpo","north"
"7457","client","www.superannotate.com","superannotate.com","enterprise_bpo","north"
"7458","client","www.superannotate.com","superannotate.com","enterprise_bpo","north"
"7459","client","www.superannotate.com","superannotate.com","enterprise_bpo","north"
"7460","client","www.superannotate.com","superannotate.com","enterprise_bpo","north"
"7461","client","www.superannotate.com","superannotate.com","enterprise_bpo","north"
"7462","client","www.superannotate.com","superannotate.com","enterprise_bpo","north"
"7463","client","www.superannotate.com","superannotate.com","enterprise_bpo","north"
"7464","client","www.superannotate.com","superannotate.com","enterprise_bpo","north"
"7465","client","www.superannotate.com","superannotate.com","enterprise_bpo","north"
"7466","client","www.superannotate.com","superannotate.com","enterprise_bpo","north"
"7467","client","www.superannotate.com","superannotate.com","enterprise_bpo","north"
"7468","client","www.superannotate.com","superannotate.com","enterprise_bpo","north"
"7469","client","www.superannotate.com","superannotate.com","enterprise_bpo","north"
"7470","client","www.superannotate.com","superannotate.com","enterprise_bpo","north"
"7471","client","www.superannotate.com","superannotate.com","enterprise_bpo","north"
"7472","client","www.superannotate.com","superannotate.com","enterprise_bpo","north"
"7473","client","www.superannotate.com","superannotate.com","enterprise_bpo","north"
"7474","client","www.superannotate.com","superannotate.com","enterprise_bpo","north"
"7475","client","www.superannotate.com","superannotate.com","enterprise_bpo","north"
"7476","client","www.superannotate.com","superannotate.com","enterprise_bpo","north"
"7477","client","www.superannotate.com","superannotate.com","enterprise_bpo","north"
"7478","client","www.superannotate.com","superannotate.com","enterprise_bpo","north"
"7479","client","www.superannotate.com","superannotate.com","enterprise_bpo","north"
"7480","client","www.superannotate.com","superannotate.com","enterprise_bpo","north"
"7481","client","www.superannotate.com","superannotate.com","enterprise_bpo","north"
"7482","client","www.superannotate.com","superannotate.com","enterprise_bpo","north"
"7483","client","www.superannotate.com","superannotate.com","enterprise_bpo","north"
"7484","client","www.superannotate.com","superannotate.com","enterprise_bpo","north"
"7485","client","www.superannotate.com","superannotate.com","enterprise_bpo","north"
"7486","client","www.superannotate.com","superannotate.com","enterprise_bpo","north"
"7487","client","www.superannotate.com","superannotate.com","enterprise_bpo","north"
"7488","client","www.superannotate.com","superannotate.com","enterprise_bpo","north"
"7489","client","www.superannotate.com","superannotate.com","enterprise_bpo","north"
"7490","client","www.superannotate.com","superannotate.com","enterprise_bpo","north"
"7491","client","www.superannotate.com","superannotate.com","enterprise_bpo","north"
"7492","client","www.superannotate.com","superannotate.com","enterprise_bpo","north"
"7493","client","www.superannotate.com","superannotate.com","enterprise_bpo","north"
"7494","client","www.superannotate.com","superannotate.com","enterprise_bpo","north"
"7495","client","www.superannotate.com","superannotate.com","enterprise_bpo","north"
"7496","client","www.superannotate.com","superannotate.com","enterprise_bpo","north"
"7497","client","www.superannotate.com","superannotate.com","enterprise_bpo","north"
"7498","client","www.superannotate.com","superannotate.com","enterprise_bpo","north"
"7499","client","www.superannotate.com","superannotate.com","enterprise_bpo","north"
"7500","client","www.superannotate.com","superannotate.com","enterprise_bpo","north"
"7501","client","www.superannotate.com","superannotate.com","enterprise_bpo","north"
"7502","client","www.superannotate.com","superannotate.com","enterprise_bpo","north"
"7503","client","www.superannotate.com","superannotate.com","enterprise_bpo","north"
"7504","client","www.superannotate.com","superannotate.com","enterprise_bpo","north"
"7505","client","www.superannotate.com","superannotate.com","enterprise_bpo","north"
"7506","client","www.superannotate.com","superannotate.com","enterprise_bpo","north"
"7507","client","www.superannotate.com","superannotate.com","enterprise_bpo","north"
"7508","client","mindy-support.com","mindy-support.com","enterprise_bpo","north"
"7509","client","mindy-support.com","mindy-support.com","enterprise_bpo","north"
"7510","client","mindy-support.com","mindy-support.com","enterprise_bpo","north"
"7511","client","mindy-support.com","mindy-support.com","enterprise_bpo","north"
"7512","client","mindy-support.com","mindy-support.com","enterprise_bpo","north"
"7513","client","mindy-support.com","mindy-support.com","enterprise_bpo","north"
"7514","client","mindy-support.com","mindy-support.com","enterprise_bpo","north"
"7515","client","mindy-support.com","mindy-support.com","enterprise_bpo","north"
"7516","client","mindy-support.com","mindy-support.com","enterprise_bpo","north"
"7517","client","mindy-support.com","mindy-support.com","enterprise_bpo","north"
"7518","client","mindy-support.com","mindy-support.com","enterprise_bpo","north"
"7519","client","mindy-support.com","mindy-support.com","enterprise_bpo","north"
"7520","client","mindy-support.com","mindy-support.com","enterprise_bpo","north"
"7521","client","mindy-support.com","mindy-support.com","enterprise_bpo","north"
"7522","client","mindy-support.com","mindy-support.com","enterprise_bpo","north"
"7523","client","mindy-support.com","mindy-support.com","enterprise_bpo","north"
"7540","client","mindy-support.com","mindy-support.com","enterprise_bpo","north"
"7541","client","mindy-support.com","mindy-support.com","enterprise_bpo","north"
"7542","client","mindy-support.com","mindy-support.com","enterprise_bpo","north"
"7543","client","mindy-support.com","mindy-support.com","enterprise_bpo","north"
"7548","client","mindy-support.com","mindy-support.com","enterprise_bpo","north"
"7549","client","mindy-support.com","mindy-support.com","enterprise_bpo","north"
"7550","client","mindy-support.com","mindy-support.com","enterprise_bpo","north"
"7551","client","mindy-support.com","mindy-support.com","enterprise_bpo","north"
"7552","client","mindy-support.com","mindy-support.com","enterprise_bpo","north"
"7555","client","mindy-support.com","mindy-support.com","enterprise_bpo","north"
"7556","client","mindy-support.com","mindy-support.com","enterprise_bpo","north"
"7557","client","mindy-support.com","mindy-support.com","enterprise_bpo","north"
"7558","client","mindy-support.com","mindy-support.com","enterprise_bpo","north"
"7559","client","mindy-support.com","mindy-support.com","enterprise_bpo","north"
"7560","client","mindy-support.com","mindy-support.com","enterprise_bpo","north"
"7561","client","mindy-support.com","mindy-support.com","enterprise_bpo","north"
"7562","client","mindy-support.com","mindy-support.com","enterprise_bpo","north"
"7565","client","mindy-support.com","mindy-support.com","enterprise_bpo","north"
"7566","client","mindy-support.com","mindy-support.com","enterprise_bpo","north"
"7567","client","mindy-support.com","mindy-support.com","enterprise_bpo","north"
"7575","client","mindy-support.com","mindy-support.com","enterprise_bpo","north"
"7576","client","mindy-support.com","mindy-support.com","enterprise_bpo","north"
"7577","client","mindy-support.com","mindy-support.com","enterprise_bpo","north"
"7578","client","mindy-support.com","mindy-support.com","enterprise_bpo","north"
"7579","client","mindy-support.com","mindy-support.com","enterprise_bpo","north"
"7580","client","mindy-support.com","mindy-support.com","enterprise_bpo","north"
"7581","client","mindy-support.com","mindy-support.com","enterprise_bpo","north"
"7582","client","mindy-support.com","mindy-support.com","enterprise_bpo","north"
"7583","client","mindy-support.com","mindy-support.com","enterprise_bpo","north"
"7584","client","mindy-support.com","mindy-support.com","enterprise_bpo","north"
"7586","client","mindy-support.com","mindy-support.com","enterprise_bpo","north"
"7588","client","mindy-support.com","mindy-support.com","enterprise_bpo","north"
"7589","client","mindy-support.com","mindy-support.com","enterprise_bpo","north"
"7590","client","mindy-support.com","mindy-support.com","enterprise_bpo","north"
"7591","client","mindy-support.com","mindy-support.com","enterprise_bpo","north"
"7592","client","mindy-support.com","mindy-support.com","enterprise_bpo","north"
"7594","client","mindy-support.com","mindy-support.com","enterprise_bpo","north"
"7595","client","mindy-support.com","mindy-support.com","enterprise_bpo","north"
"7596","client","mindy-support.com","mindy-support.com","enterprise_bpo","north"
"7597","client","mindy-support.com","mindy-support.com","enterprise_bpo","north"
"7598","client","mindy-support.com","mindy-support.com","enterprise_bpo","north"
"7599","client","mindy-support.com","mindy-support.com","enterprise_bpo","north"
"7602","client","mindy-support.com","mindy-support.com","enterprise_bpo","north"
"7604","client","mindy-support.com","mindy-support.com","enterprise_bpo","north"
"7605","client","mindy-support.com","mindy-support.com","enterprise_bpo","north"
"7607","client","mindy-support.com","mindy-support.com","enterprise_bpo","north"
"7608","client","mindy-support.com","mindy-support.com","enterprise_bpo","north"
"7610","client","mindy-support.com","mindy-support.com","enterprise_bpo","north"
"7611","client","mindy-support.com","mindy-support.com","enterprise_bpo","north"
"7612","client","mindy-support.com","mindy-support.com","enterprise_bpo","north"
"7613","client","mindy-support.com","mindy-support.com","enterprise_bpo","north"
"7621","client","mindy-support.com","mindy-support.com","enterprise_bpo","north"
"7622","client","mindy-support.com","mindy-support.com","enterprise_bpo","north"
"7623","client","mindy-support.com","mindy-support.com","enterprise_bpo","north"
"7624","client","mindy-support.com","mindy-support.com","enterprise_bpo","north"
"7625","client","mindy-support.com","mindy-support.com","enterprise_bpo","north"
"7626","client","mindy-support.com","mindy-support.com","enterprise_bpo","north"
"7627","client","mindy-support.com","mindy-support.com","enterprise_bpo","north"
"7628","client","mindy-support.com","mindy-support.com","enterprise_bpo","north"
"7629","client","mindy-support.com","mindy-support.com","enterprise_bpo","north"
"7630","client","mindy-support.com","mindy-support.com","enterprise_bpo","north"
"7631","client","mindy-support.com","mindy-support.com","enterprise_bpo","north"
"7632","client","mindy-support.com","mindy-support.com","enterprise_bpo","north"
"7633","client","mindy-support.com","mindy-support.com","enterprise_bpo","north"
"7634","client","mindy-support.com","mindy-support.com","enterprise_bpo","north"
"7636","client","mindy-support.com","mindy-support.com","enterprise_bpo","north"
"7637","client","mindy-support.com","mindy-support.com","enterprise_bpo","north"
"7638","client","mindy-support.com","mindy-support.com","enterprise_bpo","north"
"7639","client","mindy-support.com","mindy-support.com","enterprise_bpo","north"
"7640","client","mindy-support.com","mindy-support.com","enterprise_bpo","north"
"7641","client","mindy-support.com","mindy-support.com","enterprise_bpo","north"
"7642","client","mindy-support.com","mindy-support.com","enterprise_bpo","north"
"7643","client","mindy-support.com","mindy-support.com","enterprise_bpo","north"
"7644","client","mindy-support.com","mindy-support.com","enterprise_bpo","north"
"7645","client","mindy-support.com","mindy-support.com","enterprise_bpo","north"
"7646","client","mindy-support.com","mindy-support.com","enterprise_bpo","north"
"7647","client","mindy-support.com","mindy-support.com","enterprise_bpo","north"
"7648","client","mindy-support.com","mindy-support.com","enterprise_bpo","north"
"7649","client","mindy-support.com","mindy-support.com","enterprise_bpo","north"
"7650","client","mindy-support.com","mindy-support.com","enterprise_bpo","north"
"7651","client","mindy-support.com","mindy-support.com","enterprise_bpo","north"
"7652","client","mindy-support.com","mindy-support.com","enterprise_bpo","north"
"7653","client","mindy-support.com","mindy-support.com","enterprise_bpo","north"
"7654","client","mindy-support.com","mindy-support.com","enterprise_bpo","north"
"7655","client","mindy-support.com","mindy-support.com","enterprise_bpo","north"
"7656","client","mindy-support.com","mindy-support.com","enterprise_bpo","north"
"7657","client","mindy-support.com","mindy-support.com","enterprise_bpo","north"
"7658","client","mindy-support.com","mindy-support.com","enterprise_bpo","north"
"7660","client","mindy-support.com","mindy-support.com","enterprise_bpo","north"
"7666","client","mindy-support.com","mindy-support.com","enterprise_bpo","north"
"7667","client","mindy-support.com","mindy-support.com","enterprise_bpo","north"
"7668","client","mindy-support.com","mindy-support.com","enterprise_bpo","north"
"7669","client","mindy-support.com","mindy-support.com","enterprise_bpo","north"
"7670","client","mindy-support.com","mindy-support.com","enterprise_bpo","north"
"7671","client","mindy-support.com","mindy-support.com","enterprise_bpo","north"
"7672","client","mindy-support.com","mindy-support.com","enterprise_bpo","north"
"7673","client","mindy-support.com","mindy-support.com","enterprise_bpo","north"
"7674","client","mindy-support.com","mindy-support.com","enterprise_bpo","north"
"7675","client","mindy-support.com","mindy-support.com","enterprise_bpo","north"
"7676","client","mindy-support.com","mindy-support.com","enterprise_bpo","north"
"7677","client","mindy-support.com","mindy-support.com","enterprise_bpo","north"
"7678","client","mindy-support.com","mindy-support.com","enterprise_bpo","north"
"7679","client","mindy-support.com","mindy-support.com","enterprise_bpo","north"
"7680","client","mindy-support.com","mindy-support.com","enterprise_bpo","north"
"7681","client","mindy-support.com","mindy-support.com","enterprise_bpo","north"
"7689","client","mindy-support.com","mindy-support.com","enterprise_bpo","north"
"7717","client","mindy-support.com","mindy-support.com","enterprise_bpo","north"
"7718","client","mindy-support.com","mindy-support.com","enterprise_bpo","north"
"7719","client","mindy-support.com","mindy-support.com","enterprise_bpo","north"
"7720","client","mindy-support.com","mindy-support.com","enterprise_bpo","north"
"7721","client","mindy-support.com","mindy-support.com","enterprise_bpo","north"
"7722","client","mindy-support.com","mindy-support.com","enterprise_bpo","north"
"7723","client","mindy-support.com","mindy-support.com","enterprise_bpo","north"
"7724","client","mindy-support.com","mindy-support.com","enterprise_bpo","north"
"7725","client","mindy-support.com","mindy-support.com","enterprise_bpo","north"
"7726","client","mindy-support.com","mindy-support.com","enterprise_bpo","north"
"7727","client","mindy-support.com","mindy-support.com","enterprise_bpo","north"
"7728","client","mindy-support.com","mindy-support.com","enterprise_bpo","north"
"7729","client","mindy-support.com","mindy-support.com","enterprise_bpo","north"
"7730","client","mindy-support.com","mindy-support.com","enterprise_bpo","north"
"7731","client","mindy-support.com","mindy-support.com","enterprise_bpo","north"
"7732","client","mindy-support.com","mindy-support.com","enterprise_bpo","north"
"7733","client","mindy-support.com","mindy-support.com","enterprise_bpo","north"
"7734","client","mindy-support.com","mindy-support.com","enterprise_bpo","north"
"7735","client","mindy-support.com","mindy-support.com","enterprise_bpo","north"
"7736","client","mindy-support.com","mindy-support.com","enterprise_bpo","north"
"7737","client","mindy-support.com","mindy-support.com","enterprise_bpo","north"
"7738","client","mindy-support.com","mindy-support.com","enterprise_bpo","north"
"7739","client","mindy-support.com","mindy-support.com","enterprise_bpo","north"
"7740","client","mindy-support.com","mindy-support.com","enterprise_bpo","north"
"7741","client","mindy-support.com","mindy-support.com","enterprise_bpo","north"
"7742","client","mindy-support.com","mindy-support.com","enterprise_bpo","north"
"7743","client","mindy-support.com","mindy-support.com","enterprise_bpo","north"
"7744","client","mindy-support.com","mindy-support.com","enterprise_bpo","north"
"7745","client","mindy-support.com","mindy-support.com","enterprise_bpo","north"
"7746","client","mindy-support.com","mindy-support.com","enterprise_bpo","north"
"7747","client","mindy-support.com","mindy-support.com","enterprise_bpo","north"
"7748","client","mindy-support.com","mindy-support.com","enterprise_bpo","north"
"7749","client","mindy-support.com","mindy-support.com","enterprise_bpo","north"
"7750","client","mindy-support.com","mindy-support.com","enterprise_bpo","north"
"7751","client","mindy-support.com","mindy-support.com","enterprise_bpo","north"
"7752","client","mindy-support.com","mindy-support.com","enterprise_bpo","north"
"7753","client","mindy-support.com","mindy-support.com","enterprise_bpo","north"
"7754","client","mindy-support.com","mindy-support.com","enterprise_bpo","north"
"7755","client","mindy-support.com","mindy-support.com","enterprise_bpo","north"
"7756","client","mindy-support.com","mindy-support.com","enterprise_bpo","north"
"7757","client","mindy-support.com","mindy-support.com","enterprise_bpo","north"
"7758","client","mindy-support.com","mindy-support.com","enterprise_bpo","north"
"7759","client","mindy-support.com","mindy-support.com","enterprise_bpo","north"
"7760","client","mindy-support.com","mindy-support.com","enterprise_bpo","north"
"7761","client","mindy-support.com","mindy-support.com","enterprise_bpo","north"
"7762","client","mindy-support.com","mindy-support.com","enterprise_bpo","north"
"7763","client","mindy-support.com","mindy-support.com","enterprise_bpo","north"
"7764","client","mindy-support.com","mindy-support.com","enterprise_bpo","north"
"7765","client","mindy-support.com","mindy-support.com","enterprise_bpo","north"
"7766","client","mindy-support.com","mindy-support.com","enterprise_bpo","north"
"7767","client","mindy-support.com","mindy-support.com","enterprise_bpo","north"
"7768","client","mindy-support.com","mindy-support.com","enterprise_bpo","north"
"7769","client","mindy-support.com","mindy-support.com","enterprise_bpo","north"
"7770","client","mindy-support.com","mindy-support.com","enterprise_bpo","north"
"7771","client","mindy-support.com","mindy-support.com","enterprise_bpo","north"
"7772","client","mindy-support.com","mindy-support.com","enterprise_bpo","north"
"7773","client","mindy-support.com","mindy-support.com","enterprise_bpo","north"
"7774","client","mindy-support.com","mindy-support.com","enterprise_bpo","north"
"7775","client","mindy-support.com","mindy-support.com","enterprise_bpo","north"
"7776","client","mindy-support.com","mindy-support.com","enterprise_bpo","north"
"7777","client","mindy-support.com","mindy-support.com","enterprise_bpo","north"
"7778","client","mindy-support.com","mindy-support.com","enterprise_bpo","north"
"7779","client","mindy-support.com","mindy-support.com","enterprise_bpo","north"
"7780","client","mindy-support.com","mindy-support.com","enterprise_bpo","north"
"7781","client","mindy-support.com","mindy-support.com","enterprise_bpo","north"
"7782","client","mindy-support.com","mindy-support.com","enterprise_bpo","north"
"7783","client","mindy-support.com","mindy-support.com","enterprise_bpo","north"
"7784","client","mindy-support.com","mindy-support.com","enterprise_bpo","north"
"7785","client","mindy-support.com","mindy-support.com","enterprise_bpo","north"
"7786","client","mindy-support.com","mindy-support.com","enterprise_bpo","north"
"7787","client","mindy-support.com","mindy-support.com","enterprise_bpo","north"
"7788","client","mindy-support.com","mindy-support.com","enterprise_bpo","north"
"7789","client","mindy-support.com","mindy-support.com","enterprise_bpo","north"
"7790","client","mindy-support.com","mindy-support.com","enterprise_bpo","north"
"7791","client","mindy-support.com","mindy-support.com","enterprise_bpo","north"
"7792","client","mindy-support.com","mindy-support.com","enterprise_bpo","north"
"7793","client","mindy-support.com","mindy-support.com","enterprise_bpo","north"
"7794","client","mindy-support.com","mindy-support.com","enterprise_bpo","north"
"7795","client","mindy-support.com","mindy-support.com","enterprise_bpo","north"
"7796","client","mindy-support.com","mindy-support.com","enterprise_bpo","north"
"7797","client","mindy-support.com","mindy-support.com","enterprise_bpo","north"
"7798","client","mindy-support.com","mindy-support.com","enterprise_bpo","north"
"7799","client","mindy-support.com","mindy-support.com","enterprise_bpo","north"
"7800","client","mindy-support.com","mindy-support.com","enterprise_bpo","north"
"7801","client","mindy-support.com","mindy-support.com","enterprise_bpo","north"
"7802","client","mindy-support.com","mindy-support.com","enterprise_bpo","north"
"7803","client","mindy-support.com","mindy-support.com","enterprise_bpo","north"
"7804","client","mindy-support.com","mindy-support.com","enterprise_bpo","north"
"7805","client","mindy-support.com","mindy-support.com","enterprise_bpo","north"
"7806","client","mindy-support.com","mindy-support.com","enterprise_bpo","north"
"7807","client","mindy-support.com","mindy-support.com","enterprise_bpo","north"
"7808","client","mindy-support.com","mindy-support.com","enterprise_bpo","north"
"7809","client","mindy-support.com","mindy-support.com","enterprise_bpo","north"
"7810","client","mindy-support.com","mindy-support.com","enterprise_bpo","north"
"7811","client","mindy-support.com","mindy-support.com","enterprise_bpo","north"
"7812","client","mindy-support.com","mindy-support.com","enterprise_bpo","north"
"7813","client","mindy-support.com","mindy-support.com","enterprise_bpo","north"
"7814","client","mindy-support.com","mindy-support.com","enterprise_bpo","north"
"7815","client","mindy-support.com","mindy-support.com","enterprise_bpo","north"
"7816","client","mindy-support.com","mindy-support.com","enterprise_bpo","north"
"7817","client","mindy-support.com","mindy-support.com","enterprise_bpo","north"
"7818","client","mindy-support.com","mindy-support.com","enterprise_bpo","north"
"7819","client","mindy-support.com","mindy-support.com","enterprise_bpo","north"
"7820","client","mindy-support.com","mindy-support.com","enterprise_bpo","north"
"7821","client","mindy-support.com","mindy-support.com","enterprise_bpo","north"
"7822","client","mindy-support.com","mindy-support.com","enterprise_bpo","north"
"7823","client","mindy-support.com","mindy-support.com","enterprise_bpo","north"
"7824","client","mindy-support.com","mindy-support.com","enterprise_bpo","north"
"7825","client","mindy-support.com","mindy-support.com","enterprise_bpo","north"
"7826","client","mindy-support.com","mindy-support.com","enterprise_bpo","north"
"7827","client","mindy-support.com","mindy-support.com","enterprise_bpo","north"
"7828","client","mindy-support.com","mindy-support.com","enterprise_bpo","north"
"7829","client","mindy-support.com","mindy-support.com","enterprise_bpo","north"
"7830","client","mindy-support.com","mindy-support.com","enterprise_bpo","north"
"7831","client","mindy-support.com","mindy-support.com","enterprise_bpo","north"
"7832","client","mindy-support.com","mindy-support.com","enterprise_bpo","north"
"7833","client","mindy-support.com","mindy-support.com","enterprise_bpo","north"
"7834","client","mindy-support.com","mindy-support.com","enterprise_bpo","north"
"7835","client","mindy-support.com","mindy-support.com","enterprise_bpo","north"
"7836","client","mindy-support.com","mindy-support.com","enterprise_bpo","north"
"7837","client","mindy-support.com","mindy-support.com","enterprise_bpo","north"
"7838","client","mindy-support.com","mindy-support.com","enterprise_bpo","north"
"7839","client","mindy-support.com","mindy-support.com","enterprise_bpo","north"
"7840","client","mindy-support.com","mindy-support.com","enterprise_bpo","north"
"7841","client","mindy-support.com","mindy-support.com","enterprise_bpo","north"
"7842","client","mindy-support.com","mindy-support.com","enterprise_bpo","north"
"7843","client","mindy-support.com","mindy-support.com","enterprise_bpo","north"
"7844","client","mindy-support.com","mindy-support.com","enterprise_bpo","north"
"7845","client","mindy-support.com","mindy-support.com","enterprise_bpo","north"
"7846","client","mindy-support.com","mindy-support.com","enterprise_bpo","north"
"7847","client","mindy-support.com","mindy-support.com","enterprise_bpo","north"
"7848","client","mindy-support.com","mindy-support.com","enterprise_bpo","north"
"7849","client","mindy-support.com","mindy-support.com","enterprise_bpo","north"
"7850","client","mindy-support.com","mindy-support.com","enterprise_bpo","north"
"7851","client","mindy-support.com","mindy-support.com","enterprise_bpo","north"
"7852","client","mindy-support.com","mindy-support.com","enterprise_bpo","north"
"7853","client","mindy-support.com","mindy-support.com","enterprise_bpo","north"
"7854","client","mindy-support.com","mindy-support.com","enterprise_bpo","north"
"7855","client","mindy-support.com","mindy-support.com","enterprise_bpo","north"
"7856","client","mindy-support.com","mindy-support.com","enterprise_bpo","north"
"7857","client","mindy-support.com","mindy-support.com","enterprise_bpo","north"
"7858","client","mindy-support.com","mindy-support.com","enterprise_bpo","north"
"7859","client","mindy-support.com","mindy-support.com","enterprise_bpo","north"
"7860","client","mindy-support.com","mindy-support.com","enterprise_bpo","north"
"7861","client","mindy-support.com","mindy-support.com","enterprise_bpo","north"
"7862","client","mindy-support.com","mindy-support.com","enterprise_bpo","north"
"7863","client","mindy-support.com","mindy-support.com","enterprise_bpo","north"
"7864","client","mindy-support.com","mindy-support.com","enterprise_bpo","north"
"7865","client","mindy-support.com","mindy-support.com","enterprise_bpo","north"
"7866","client","mindy-support.com","mindy-support.com","enterprise_bpo","north"
"7867","client","mindy-support.com","mindy-support.com","enterprise_bpo","north"
"7868","client","mindy-support.com","mindy-support.com","enterprise_bpo","north"
"7869","client","mindy-support.com","mindy-support.com","enterprise_bpo","north"
"7870","client","mindy-support.com","mindy-support.com","enterprise_bpo","north"
"7871","client","mindy-support.com","mindy-support.com","enterprise_bpo","north"
"7872","client","mindy-support.com","mindy-support.com","enterprise_bpo","north"
"7873","client","mindy-support.com","mindy-support.com","enterprise_bpo","north"
"7874","client","mindy-support.com","mindy-support.com","enterprise_bpo","north"
"7875","client","mindy-support.com","mindy-support.com","enterprise_bpo","north"
"7876","client","mindy-support.com","mindy-support.com","enterprise_bpo","north"
"7877","client","mindy-support.com","mindy-support.com","enterprise_bpo","north"
"7878","client","mindy-support.com","mindy-support.com","enterprise_bpo","north"
"7879","client","mindy-support.com","mindy-support.com","enterprise_bpo","north"
"7880","client","mindy-support.com","mindy-support.com","enterprise_bpo","north"
"7881","client","mindy-support.com","mindy-support.com","enterprise_bpo","north"
"7882","client","mindy-support.com","mindy-support.com","enterprise_bpo","north"
"7883","client","mindy-support.com","mindy-support.com","enterprise_bpo","north"
"7884","client","mindy-support.com","mindy-support.com","enterprise_bpo","north"
"7885","client","mindy-support.com","mindy-support.com","enterprise_bpo","north"
"7886","client","mindy-support.com","mindy-support.com","enterprise_bpo","north"
"7887","client","mindy-support.com","mindy-support.com","enterprise_bpo","north"
"7888","client","mindy-support.com","mindy-support.com","enterprise_bpo","north"
"7889","client","mindy-support.com","mindy-support.com","enterprise_bpo","north"
"7890","client","mindy-support.com","mindy-support.com","enterprise_bpo","north"
"7891","client","mindy-support.com","mindy-support.com","enterprise_bpo","north"
"7892","client","mindy-support.com","mindy-support.com","enterprise_bpo","north"
"7893","client","mindy-support.com","mindy-support.com","enterprise_bpo","north"
"7894","client","mindy-support.com","mindy-support.com","enterprise_bpo","north"
"7895","client","mindy-support.com","mindy-support.com","enterprise_bpo","north"
"7896","client","mindy-support.com","mindy-support.com","enterprise_bpo","north"
"7897","client","mindy-support.com","mindy-support.com","enterprise_bpo","north"
"7898","client","mindy-support.com","mindy-support.com","enterprise_bpo","north"
"7899","client","mindy-support.com","mindy-support.com","enterprise_bpo","north"
"7900","client","mindy-support.com","mindy-support.com","enterprise_bpo","north"
"7901","client","mindy-support.com","mindy-support.com","enterprise_bpo","north"
"7902","client","mindy-support.com","mindy-support.com","enterprise_bpo","north"
"7903","client","mindy-support.com","mindy-support.com","enterprise_bpo","north"
"7904","client","mindy-support.com","mindy-support.com","enterprise_bpo","north"
"7905","client","mindy-support.com","mindy-support.com","enterprise_bpo","north"
"7906","client","mindy-support.com","mindy-support.com","enterprise_bpo","north"
"7907","client","mindy-support.com","mindy-support.com","enterprise_bpo","north"
"7908","client","mindy-support.com","mindy-support.com","enterprise_bpo","north"
"7909","client","mindy-support.com","mindy-support.com","enterprise_bpo","north"
"7910","client","mindy-support.com","mindy-support.com","enterprise_bpo","north"
"7911","client","mindy-support.com","mindy-support.com","enterprise_bpo","north"
"7912","client","mindy-support.com","mindy-support.com","enterprise_bpo","north"
"7913","client","mindy-support.com","mindy-support.com","enterprise_bpo","north"
"7914","client","mindy-support.com","mindy-support.com","enterprise_bpo","north"
"7915","client","mindy-support.com","mindy-support.com","enterprise_bpo","north"
"7916","client","mindy-support.com","mindy-support.com","enterprise_bpo","north"
"7917","client","mindy-support.com","mindy-support.com","enterprise_bpo","north"
"7918","client","mindy-support.com","mindy-support.com","enterprise_bpo","north"
"7919","client","mindy-support.com","mindy-support.com","enterprise_bpo","north"
"7920","client","mindy-support.com","mindy-support.com","enterprise_bpo","north"
"7921","client","mindy-support.com","mindy-support.com","enterprise_bpo","north"
"7922","client","mindy-support.com","mindy-support.com","enterprise_bpo","north"
"7923","client","mindy-support.com","mindy-support.com","enterprise_bpo","north"
"7924","client","mindy-support.com","mindy-support.com","enterprise_bpo","north"
"7925","client","mindy-support.com","mindy-support.com","enterprise_bpo","north"
"7926","client","mindy-support.com","mindy-support.com","enterprise_bpo","north"
"7927","client","mindy-support.com","mindy-support.com","enterprise_bpo","north"
"7928","client","mindy-support.com","mindy-support.com","enterprise_bpo","north"
"7929","client","mindy-support.com","mindy-support.com","enterprise_bpo","north"
"7930","client","mindy-support.com","mindy-support.com","enterprise_bpo","north"
"7931","client","mindy-support.com","mindy-support.com","enterprise_bpo","north"
"7932","client","mindy-support.com","mindy-support.com","enterprise_bpo","north"
"7933","client","mindy-support.com","mindy-support.com","enterprise_bpo","north"
"7934","client","mindy-support.com","mindy-support.com","enterprise_bpo","north"
"7935","client","mindy-support.com","mindy-support.com","enterprise_bpo","north"
"7936","client","mindy-support.com","mindy-support.com","enterprise_bpo","north"
"7937","client","mindy-support.com","mindy-support.com","enterprise_bpo","north"
"7938","client","mindy-support.com","mindy-support.com","enterprise_bpo","north"
"7939","client","mindy-support.com","mindy-support.com","enterprise_bpo","north"
"7940","client","mindy-support.com","mindy-support.com","enterprise_bpo","north"
"7941","client","mindy-support.com","mindy-support.com","enterprise_bpo","north"
"7942","client","mindy-support.com","mindy-support.com","enterprise_bpo","north"
"7943","client","mindy-support.com","mindy-support.com","enterprise_bpo","north"
"7944","client","mindy-support.com","mindy-support.com","enterprise_bpo","north"
"7945","client","mindy-support.com","mindy-support.com","enterprise_bpo","north"
"7946","client","mindy-support.com","mindy-support.com","enterprise_bpo","north"
"7947","client","mindy-support.com","mindy-support.com","enterprise_bpo","north"
"7948","client","mindy-support.com","mindy-support.com","enterprise_bpo","north"
"7949","client","mindy-support.com","mindy-support.com","enterprise_bpo","north"
"7950","client","mindy-support.com","mindy-support.com","enterprise_bpo","north"
"7951","client","mindy-support.com","mindy-support.com","enterprise_bpo","north"
"7952","client","mindy-support.com","mindy-support.com","enterprise_bpo","north"
"7953","client","mindy-support.com","mindy-support.com","enterprise_bpo","north"
"7954","client","mindy-support.com","mindy-support.com","enterprise_bpo","north"
"7955","client","mindy-support.com","mindy-support.com","enterprise_bpo","north"
"7956","client","mindy-support.com","mindy-support.com","enterprise_bpo","north"
"7957","client","mindy-support.com","mindy-support.com","enterprise_bpo","north"
"7958","client","mindy-support.com","mindy-support.com","enterprise_bpo","north"
"7959","client","mindy-support.com","mindy-support.com","enterprise_bpo","north"
"7960","client","mindy-support.com","mindy-support.com","enterprise_bpo","north"
"7961","client","mindy-support.com","mindy-support.com","enterprise_bpo","north"
"7962","client","mindy-support.com","mindy-support.com","enterprise_bpo","north"
"7963","client","mindy-support.com","mindy-support.com","enterprise_bpo","north"
"7964","client","mindy-support.com","mindy-support.com","enterprise_bpo","north"
"7965","client","mindy-support.com","mindy-support.com","enterprise_bpo","north"
"7966","client","mindy-support.com","mindy-support.com","enterprise_bpo","north"
"7967","client","mindy-support.com","mindy-support.com","enterprise_bpo","north"
"7968","client","mindy-support.com","mindy-support.com","enterprise_bpo","north"
"7969","client","mindy-support.com","mindy-support.com","enterprise_bpo","north"
"7970","client","mindy-support.com","mindy-support.com","enterprise_bpo","north"
"7971","client","mindy-support.com","mindy-support.com","enterprise_bpo","north"
"7972","client","mindy-support.com","mindy-support.com","enterprise_bpo","north"
"7973","client","mindy-support.com","mindy-support.com","enterprise_bpo","north"
"7974","client","mindy-support.com","mindy-support.com","enterprise_bpo","north"
"7975","client","mindy-support.com","mindy-support.com","enterprise_bpo","north"
"7976","client","mindy-support.com","mindy-support.com","enterprise_bpo","north"
"7977","client","mindy-support.com","mindy-support.com","enterprise_bpo","north"
"7978","client","mindy-support.com","mindy-support.com","enterprise_bpo","north"
"7979","client","mindy-support.com","mindy-support.com","enterprise_bpo","north"
"7980","client","mindy-support.com","mindy-support.com","enterprise_bpo","north"
"7981","client","mindy-support.com","mindy-support.com","enterprise_bpo","north"
"7982","client","mindy-support.com","mindy-support.com","enterprise_bpo","north"
"7983","client","mindy-support.com","mindy-support.com","enterprise_bpo","north"
"7984","client","mindy-support.com","mindy-support.com","enterprise_bpo","north"
"7985","client","mindy-support.com","mindy-support.com","enterprise_bpo","north"
"7986","client","mindy-support.com","mindy-support.com","enterprise_bpo","north"
"7987","client","mindy-support.com","mindy-support.com","enterprise_bpo","north"
"7988","client","mindy-support.com","mindy-support.com","enterprise_bpo","north"
"7989","client","mindy-support.com","mindy-support.com","enterprise_bpo","north"
"7990","client","mindy-support.com","mindy-support.com","enterprise_bpo","north"
"7991","client","mindy-support.com","mindy-support.com","enterprise_bpo","north"
"7992","client","mindy-support.com","mindy-support.com","enterprise_bpo","north"
"7993","client","mindy-support.com","mindy-support.com","enterprise_bpo","north"
"7994","client","mindy-support.com","mindy-support.com","enterprise_bpo","north"
"7995","client","mindy-support.com","mindy-support.com","enterprise_bpo","north"
"7996","client","mindy-support.com","mindy-support.com","enterprise_bpo","north"
"7997","client","mindy-support.com","mindy-support.com","enterprise_bpo","north"
"7998","client","mindy-support.com","mindy-support.com","enterprise_bpo","north"
"7999","client","mindy-support.com","mindy-support.com","enterprise_bpo","north"
"8000","client","mindy-support.com","mindy-support.com","enterprise_bpo","north"
"8001","client","mindy-support.com","mindy-support.com","enterprise_bpo","north"
"8002","client","mindy-support.com","mindy-support.com","enterprise_bpo","north"
"8003","client","mindy-support.com","mindy-support.com","enterprise_bpo","north"
"8004","client","mindy-support.com","mindy-support.com","enterprise_bpo","north"
"8005","client","mindy-support.com","mindy-support.com","enterprise_bpo","north"
"8006","client","mindy-support.com","mindy-support.com","enterprise_bpo","north"
"8007","client","mindy-support.com","mindy-support.com","enterprise_bpo","north"
"8008","client","mindy-support.com","mindy-support.com","enterprise_bpo","north"
"8009","client","mindy-support.com","mindy-support.com","enterprise_bpo","north"
"8010","client","mindy-support.com","mindy-support.com","enterprise_bpo","north"
"8011","client","mindy-support.com","mindy-support.com","enterprise_bpo","north"
"8012","client","mindy-support.com","mindy-support.com","enterprise_bpo","north"
"8013","client","mindy-support.com","mindy-support.com","enterprise_bpo","north"
"8014","client","mindy-support.com","mindy-support.com","enterprise_bpo","north"
"8015","client","mindy-support.com","mindy-support.com","enterprise_bpo","north"
"8016","client","mindy-support.com","mindy-support.com","enterprise_bpo","north"
"8017","client","mindy-support.com","mindy-support.com","enterprise_bpo","north"
"8018","client","mindy-support.com","mindy-support.com","enterprise_bpo","north"
"8019","client","mindy-support.com","mindy-support.com","enterprise_bpo","north"
"8020","client","mindy-support.com","mindy-support.com","enterprise_bpo","north"
"8021","client","mindy-support.com","mindy-support.com","enterprise_bpo","north"
"8022","client","mindy-support.com","mindy-support.com","enterprise_bpo","north"
"8023","client","mindy-support.com","mindy-support.com","enterprise_bpo","north"
"8024","client","mindy-support.com","mindy-support.com","enterprise_bpo","north"
"8025","client","mindy-support.com","mindy-support.com","enterprise_bpo","north"
"8026","client","mindy-support.com","mindy-support.com","enterprise_bpo","north"
"8027","client","mindy-support.com","mindy-support.com","enterprise_bpo","north"
"8028","client","mindy-support.com","mindy-support.com","enterprise_bpo","north"
"8029","client","mindy-support.com","mindy-support.com","enterprise_bpo","north"
"8030","client","mindy-support.com","mindy-support.com","enterprise_bpo","north"
"8031","client","mindy-support.com","mindy-support.com","enterprise_bpo","north"
"8032","client","mindy-support.com","mindy-support.com","enterprise_bpo","north"
"8033","client","mindy-support.com","mindy-support.com","enterprise_bpo","north"
"8034","client","mindy-support.com","mindy-support.com","enterprise_bpo","north"
"8035","client","mindy-support.com","mindy-support.com","enterprise_bpo","north"
"8036","client","mindy-support.com","mindy-support.com","enterprise_bpo","north"
"8037","client","mindy-support.com","mindy-support.com","enterprise_bpo","north"
"8038","client","mindy-support.com","mindy-support.com","enterprise_bpo","north"
"8039","client","mindy-support.com","mindy-support.com","enterprise_bpo","north"
"8040","client","mindy-support.com","mindy-support.com","enterprise_bpo","north"
"8041","client","mindy-support.com","mindy-support.com","enterprise_bpo","north"
"8042","client","mindy-support.com","mindy-support.com","enterprise_bpo","north"
"8043","client","mindy-support.com","mindy-support.com","enterprise_bpo","north"
"8044","client","mindy-support.com","mindy-support.com","enterprise_bpo","north"
"8045","client","mindy-support.com","mindy-support.com","enterprise_bpo","north"
"8046","client","mindy-support.com","mindy-support.com","enterprise_bpo","north"
"8048","client","mindy-support.com","mindy-support.com","enterprise_bpo","north"
"8050","client","mindy-support.com","mindy-support.com","enterprise_bpo","north"
"8053","client","mindy-support.com","mindy-support.com","enterprise_bpo","north"
"8054","client","mindy-support.com","mindy-support.com","enterprise_bpo","north"
"8055","client","mindy-support.com","mindy-support.com","enterprise_bpo","north"
"8056","client","mindy-support.com","mindy-support.com","enterprise_bpo","north"
"8058","client","mindy-support.com","mindy-support.com","enterprise_bpo","north"
"8097","client","mindy-support.com","mindy-support.com","enterprise_bpo","north"
"8098","client","mindy-support.com","mindy-support.com","enterprise_bpo","north"
"8099","client","mindy-support.com","mindy-support.com","enterprise_bpo","north"
"8100","client","mindy-support.com","mindy-support.com","enterprise_bpo","north"
"8101","client","mindy-support.com","mindy-support.com","enterprise_bpo","north"
"8102","client","mindy-support.com","mindy-support.com","enterprise_bpo","north"
"8103","client","mindy-support.com","mindy-support.com","enterprise_bpo","north"
"8104","client","mindy-support.com","mindy-support.com","enterprise_bpo","north"
"8105","client","mindy-support.com","mindy-support.com","enterprise_bpo","north"
"8106","client","mindy-support.com","mindy-support.com","enterprise_bpo","north"
"8107","client","mindy-support.com","mindy-support.com","enterprise_bpo","north"
"8108","client","mindy-support.com","mindy-support.com","enterprise_bpo","north"
"8109","client","mindy-support.com","mindy-support.com","enterprise_bpo","north"
"8110","client","mindy-support.com","mindy-support.com","enterprise_bpo","north"
"8111","client","mindy-support.com","mindy-support.com","enterprise_bpo","north"
"8112","client","mindy-support.com","mindy-support.com","enterprise_bpo","north"
"8113","client","mindy-support.com","mindy-support.com","enterprise_bpo","north"
"8114","client","mindy-support.com","mindy-support.com","enterprise_bpo","north"
"8115","client","mindy-support.com","mindy-support.com","enterprise_bpo","north"
"8116","client","mindy-support.com","mindy-support.com","enterprise_bpo","north"
"8117","client","mindy-support.com","mindy-support.com","enterprise_bpo","north"
"8118","client","mindy-support.com","mindy-support.com","enterprise_bpo","north"
"8119","client","mindy-support.com","mindy-support.com","enterprise_bpo","north"
"8120","client","mindy-support.com","mindy-support.com","enterprise_bpo","north"
"8121","client","mindy-support.com","mindy-support.com","enterprise_bpo","north"
"8122","client","mindy-support.com","mindy-support.com","enterprise_bpo","north"
"8123","client","mindy-support.com","mindy-support.com","enterprise_bpo","north"
"8124","client","mindy-support.com","mindy-support.com","enterprise_bpo","north"
"8125","client","mindy-support.com","mindy-support.com","enterprise_bpo","north"
"8126","client","mindy-support.com","mindy-support.com","enterprise_bpo","north"
"8127","client","mindy-support.com","mindy-support.com","enterprise_bpo","north"
"8128","client","mindy-support.com","mindy-support.com","enterprise_bpo","north"
"8129","client","mindy-support.com","mindy-support.com","enterprise_bpo","north"
"8130","client","mindy-support.com","mindy-support.com","enterprise_bpo","north"
"8131","client","mindy-support.com","mindy-support.com","enterprise_bpo","north"
"8132","client","mindy-support.com","mindy-support.com","enterprise_bpo","north"
"8133","client","mindy-support.com","mindy-support.com","enterprise_bpo","north"
"8134","client","mindy-support.com","mindy-support.com","enterprise_bpo","north"
"8135","client","mindy-support.com","mindy-support.com","enterprise_bpo","north"
"8136","client","mindy-support.com","mindy-support.com","enterprise_bpo","north"
"8137","client","mindy-support.com","mindy-support.com","enterprise_bpo","north"
"8138","client","mindy-support.com","mindy-support.com","enterprise_bpo","north"
"8139","client","mindy-support.com","mindy-support.com","enterprise_bpo","north"
"8140","client","mindy-support.com","mindy-support.com","enterprise_bpo","north"
"8141","client","mindy-support.com","mindy-support.com","enterprise_bpo","north"
"8142","client","mindy-support.com","mindy-support.com","enterprise_bpo","north"
"8143","client","mindy-support.com","mindy-support.com","enterprise_bpo","north"
"8144","client","mindy-support.com","mindy-support.com","enterprise_bpo","north"
"8145","client","mindy-support.com","mindy-support.com","enterprise_bpo","north"
"8146","client","mindy-support.com","mindy-support.com","enterprise_bpo","north"
"8147","client","mindy-support.com","mindy-support.com","enterprise_bpo","north"
"8148","client","mindy-support.com","mindy-support.com","enterprise_bpo","north"
"8149","client","mindy-support.com","mindy-support.com","enterprise_bpo","north"
"8150","client","mindy-support.com","mindy-support.com","enterprise_bpo","north"
"8151","client","mindy-support.com","mindy-support.com","enterprise_bpo","north"
"8152","client","mindy-support.com","mindy-support.com","enterprise_bpo","north"
"8153","client","mindy-support.com","mindy-support.com","enterprise_bpo","north"
"8154","client","mindy-support.com","mindy-support.com","enterprise_bpo","north"
"8157","client","mindy-support.com","mindy-support.com","enterprise_bpo","north"
"8158","client","mindy-support.com","mindy-support.com","enterprise_bpo","north"
"8171","client","mindy-support.com","mindy-support.com","enterprise_bpo","north"
"8172","client","mindy-support.com","mindy-support.com","enterprise_bpo","north"
"8173","client","mindy-support.com","mindy-support.com","enterprise_bpo","north"
"8174","client","mindy-support.com","mindy-support.com","enterprise_bpo","north"
"8175","client","mindy-support.com","mindy-support.com","enterprise_bpo","north"
"8176","client","mindy-support.com","mindy-support.com","enterprise_bpo","north"
"8177","client","mindy-support.com","mindy-support.com","enterprise_bpo","north"
"8178","client","mindy-support.com","mindy-support.com","enterprise_bpo","north"
"8180","client","mindy-support.com","mindy-support.com","enterprise_bpo","north"
"8181","client","flipside.ai","flipside.ai","enterprise_bpo","north"
"8189","client","flipside.ai","flipside.ai","enterprise_bpo","north"
"8198","worker","www.alignerr.com","labelbox","crowd_market","north"
"8200","worker","www.alignerr.com","labelbox","crowd_market","north"
"8201","worker","www.alignerr.com","labelbox","crowd_market","north"
"8202","worker","www.alignerr.com","labelbox","crowd_market","north"
"8203","worker","www.alignerr.com","labelbox","crowd_market","north"
"8204","worker","www.alignerr.com","labelbox","crowd_market","north"
"8205","worker","www.alignerr.com","labelbox","crowd_market","north"
"8206","worker","www.alignerr.com","labelbox","crowd_market","north"
"8207","worker","www.alignerr.com","labelbox","crowd_market","north"
"8208","worker","www.alignerr.com","labelbox","crowd_market","north"
"8212","worker","www.alignerr.com","labelbox","crowd_market","north"
"8213","worker","www.alignerr.com","labelbox","crowd_market","north"
"8214","worker","www.alignerr.com","labelbox","crowd_market","north"
"8215","worker","www.alignerr.com","labelbox","crowd_market","north"
"8216","worker","www.alignerr.com","labelbox","crowd_market","north"
"8221","worker","www.alignerr.com","labelbox","crowd_market","north"
"8222","worker","www.alignerr.com","labelbox","crowd_market","north"
"8224","worker","www.alignerr.com","labelbox","crowd_market","north"
"8225","worker","www.alignerr.com","labelbox","crowd_market","north"
"8230","worker","www.alignerr.com","labelbox","crowd_market","north"
"8231","worker","www.alignerr.com","labelbox","crowd_market","north"
"8233","worker","www.alignerr.com","labelbox","crowd_market","north"
"8234","worker","www.alignerr.com","labelbox","crowd_market","north"
"8235","worker","www.alignerr.com","labelbox","crowd_market","north"
"8239","worker","www.alignerr.com","labelbox","crowd_market","north"
"8240","worker","www.alignerr.com","labelbox","crowd_market","north"
"8242","worker","www.alignerr.com","labelbox","crowd_market","north"
"8243","worker","www.alignerr.com","labelbox","crowd_market","north"
"8252","worker","www.alignerr.com","labelbox","crowd_market","north"
"8257","worker","www.alignerr.com","labelbox","crowd_market","north"
"8258","worker","www.alignerr.com","labelbox","crowd_market","north"
"8260","worker","www.alignerr.com","labelbox","crowd_market","north"
"8263","worker","crowdgen.com","appen","crowd_market","north"
"8265","worker","crowdgen.com","appen","crowd_market","north"
"8266","worker","crowdgen.com","appen","crowd_market","north"
"8267","worker","crowdgen.com","appen","crowd_market","north"
"8268","worker","crowdgen.com","appen","crowd_market","north"
"8273","worker","crowdgen.com","appen","crowd_market","north"
"8277","worker","crowdgen.com","appen","crowd_market","north"
"8280","worker","crowdgen.com","appen","crowd_market","north"
"8281","worker","crowdgen.com","appen","crowd_market","north"
"8283","worker","crowdgen.com","appen","crowd_market","north"
"8284","worker","crowdgen.com","appen","crowd_market","north"
"8285","worker","crowdgen.com","appen","crowd_market","north"
"8287","worker","crowdgen.com","appen","crowd_market","north"
"8288","worker","crowdgen.com","appen","crowd_market","north"
"8289","worker","crowdgen.com","appen","crowd_market","north"
"8290","worker","crowdgen.com","appen","crowd_market","north"
"8291","worker","crowdgen.com","appen","crowd_market","north"
"8293","worker","crowdgen.com","appen","crowd_market","north"
"8294","worker","crowdgen.com","appen","crowd_market","north"
"8297","worker","crowdgen.com","appen","crowd_market","north"
"8298","worker","crowdgen.com","appen","crowd_market","north"
"8300","worker","crowdgen.com","appen","crowd_market","north"
"8301","worker","crowdgen.com","appen","crowd_market","north"
"8302","worker","crowdgen.com","appen","crowd_market","north"
"8304","worker","crowdgen.com","appen","crowd_market","north"
"8305","worker","crowdgen.com","appen","crowd_market","north"
"8306","worker","crowdgen.com","appen","crowd_market","north"
"8309","worker","crowdgen.com","appen","crowd_market","north"
"8312","worker","crowdgen.com","appen","crowd_market","north"
"8313","worker","crowdgen.com","appen","crowd_market","north"
"8315","worker","crowdgen.com","appen","crowd_market","north"
"8316","worker","crowdgen.com","appen","crowd_market","north"
"8317","worker","crowdgen.com","appen","crowd_market","north"
"8318","worker","crowdgen.com","appen","crowd_market","north"
"8320","worker","crowdgen.com","appen","crowd_market","north"
"8321","worker","crowdgen.com","appen","crowd_market","north"
"8325","worker","crowdgen.com","appen","crowd_market","north"
"8328","worker","crowdgen.com","appen","crowd_market","north"
"8330","worker","crowdgen.com","appen","crowd_market","north"
"8331","worker","crowdgen.com","appen","crowd_market","north"
"8332","worker","crowdgen.com","appen","crowd_market","north"
"8333","worker","crowdgen.com","appen","crowd_market","north"
"8334","worker","crowdgen.com","appen","crowd_market","north"
"8338","worker","crowdgen.com","appen","crowd_market","north"
"8339","worker","crowdgen.com","appen","crowd_market","north"
"8340","worker","crowdgen.com","appen","crowd_market","north"
"8343","worker","crowdgen.com","appen","crowd_market","north"
"8344","worker","crowdgen.com","appen","crowd_market","north"
"8345","worker","crowdgen.com","appen","crowd_market","north"
"8346","worker","crowdgen.com","appen","crowd_market","north"
"8349","worker","crowdgen.com","appen","crowd_market","north"
"8350","worker","crowdgen.com","appen","crowd_market","north"
"8351","worker","crowdgen.com","appen","crowd_market","north"
"8354","worker","crowdgen.com","appen","crowd_market","north"
"8356","worker","crowdgen.com","appen","crowd_market","north"
"8357","worker","crowdgen.com","appen","crowd_market","north"
"8358","worker","crowdgen.com","appen","crowd_market","north"
"8359","worker","crowdgen.com","appen","crowd_market","north"
"8360","worker","crowdgen.com","appen","crowd_market","north"
"8361","worker","crowdgen.com","appen","crowd_market","north"
"8362","worker","crowdgen.com","appen","crowd_market","north"
"8363","worker","crowdgen.com","appen","crowd_market","north"
"8365","worker","crowdgen.com","appen","crowd_market","north"
"8368","worker","crowdgen.com","appen","crowd_market","north"
"8369","worker","crowdgen.com","appen","crowd_market","north"
"8370","worker","crowdgen.com","appen","crowd_market","north"
"8378","worker","crowdgen.com","appen","crowd_market","north"
"8380","worker","crowdgen.com","appen","crowd_market","north"
"8381","worker","crowdgen.com","appen","crowd_market","north"
"8385","worker","crowdgen.com","appen","crowd_market","north"
"8388","worker","crowdgen.com","appen","crowd_market","north"
"8390","worker","crowdgen.com","appen","crowd_market","north"
"8391","worker","crowdgen.com","appen","crowd_market","north"
"8392","worker","crowdgen.com","appen","crowd_market","north"
"8394","worker","crowdgen.com","appen","crowd_market","north"
"8397","worker","crowdgen.com","appen","crowd_market","north"
"8400","worker","crowdgen.com","appen","crowd_market","north"
"8401","worker","crowdgen.com","appen","crowd_market","north"
"8403","worker","crowdgen.com","appen","crowd_market","north"
"8407","worker","crowdgen.com","appen","crowd_market","north"
"8409","worker","crowdgen.com","appen","crowd_market","north"
"8412","worker","crowdgen.com","appen","crowd_market","north"
"8413","worker","crowdgen.com","appen","crowd_market","north"
"8417","worker","crowdgen.com","appen","crowd_market","north"
"8418","worker","crowdgen.com","appen","crowd_market","north"
"8419","worker","crowdgen.com","appen","crowd_market","north"
"8420","worker","crowdgen.com","appen","crowd_market","north"
"8421","worker","crowdgen.com","appen","crowd_market","north"
"8423","worker","crowdgen.com","appen","crowd_market","north"
"8426","worker","crowdgen.com","appen","crowd_market","north"
"8428","worker","crowdgen.com","appen","crowd_market","north"
"8431","worker","crowdgen.com","appen","crowd_market","north"
"8435","worker","crowdgen.com","appen","crowd_market","north"
"8436","worker","crowdgen.com","appen","crowd_market","north"
"8437","worker","crowdgen.com","appen","crowd_market","north"
"8441","worker","crowdgen.com","appen","crowd_market","north"
"8446","worker","crowdgen.com","appen","crowd_market","north"
"8448","worker","crowdgen.com","appen","crowd_market","north"
"8452","worker","crowdgen.com","appen","crowd_market","north"
"8454","worker","crowdgen.com","appen","crowd_market","north"
"8459","worker","crowdgen.com","appen","crowd_market","north"
"8461","worker","crowdgen.com","appen","crowd_market","north"
"8463","worker","crowdgen.com","appen","crowd_market","north"
"8465","worker","crowdgen.com","appen","crowd_market","north"
"8468","worker","crowdgen.com","appen","crowd_market","north"
"8469","worker","crowdgen.com","appen","crowd_market","north"
"8471","worker","crowdgen.com","appen","crowd_market","north"
"8472","worker","crowdgen.com","appen","crowd_market","north"
"8474","worker","crowdgen.com","appen","crowd_market","north"
"8484","worker","crowdgen.com","appen","crowd_market","north"
"8485","worker","crowdgen.com","appen","crowd_market","north"
"8487","worker","crowdgen.com","appen","crowd_market","north"
"8489","worker","crowdgen.com","appen","crowd_market","north"
"8491","worker","crowdgen.com","appen","crowd_market","north"
"8492","worker","crowdgen.com","appen","crowd_market","north"
"8493","worker","crowdgen.com","appen","crowd_market","north"
"8495","worker","crowdgen.com","appen","crowd_market","north"
"8497","worker","crowdgen.com","appen","crowd_market","north"
"8498","worker","crowdgen.com","appen","crowd_market","north"
"8499","worker","crowdgen.com","appen","crowd_market","north"
"8502","worker","crowdgen.com","appen","crowd_market","north"
"8504","worker","crowdgen.com","appen","crowd_market","north"
"8505","worker","crowdgen.com","appen","crowd_market","north"
"8507","worker","crowdgen.com","appen","crowd_market","north"
"8510","worker","crowdgen.com","appen","crowd_market","north"
"8511","worker","crowdgen.com","appen","crowd_market","north"
"8514","worker","crowdgen.com","appen","crowd_market","north"
"8515","worker","crowdgen.com","appen","crowd_market","north"
"8516","worker","crowdgen.com","appen","crowd_market","north"
"8517","worker","crowdgen.com","appen","crowd_market","north"
"8518","worker","crowdgen.com","appen","crowd_market","north"
"8519","worker","crowdgen.com","appen","crowd_market","north"
"8520","worker","crowdgen.com","appen","crowd_market","north"
"8525","worker","crowdgen.com","appen","crowd_market","north"
"8526","worker","crowdgen.com","appen","crowd_market","north"
"8527","worker","crowdgen.com","appen","crowd_market","north"
"8531","worker","crowdgen.com","appen","crowd_market","north"
"8532","worker","crowdgen.com","appen","crowd_market","north"
"8533","worker","crowdgen.com","appen","crowd_market","north"
"8535","worker","crowdgen.com","appen","crowd_market","north"
"8537","worker","crowdgen.com","appen","crowd_market","north"
"8540","worker","crowdgen.com","appen","crowd_market","north"
"8541","worker","crowdgen.com","appen","crowd_market","north"
"8543","worker","crowdgen.com","appen","crowd_market","north"
"8545","worker","crowdgen.com","appen","crowd_market","north"
"8546","worker","crowdgen.com","appen","crowd_market","north"
"8548","worker","crowdgen.com","appen","crowd_market","north"
"8551","worker","crowdgen.com","appen","crowd_market","north"
"8553","worker","crowdgen.com","appen","crowd_market","north"
"8554","worker","crowdgen.com","appen","crowd_market","north"
"8559","worker","crowdgen.com","appen","crowd_market","north"
"8560","worker","crowdgen.com","appen","crowd_market","north"
"8562","worker","crowdgen.com","appen","crowd_market","north"
"8563","worker","crowdgen.com","appen","crowd_market","north"
"8565","worker","crowdgen.com","appen","crowd_market","north"
"8569","worker","crowdgen.com","appen","crowd_market","north"
"8570","worker","crowdgen.com","appen","crowd_market","north"
"8577","worker","crowdgen.com","appen","crowd_market","north"
"8579","worker","crowdgen.com","appen","crowd_market","north"
"8582","worker","crowdgen.com","appen","crowd_market","north"
"8583","worker","crowdgen.com","appen","crowd_market","north"
"8584","worker","crowdgen.com","appen","crowd_market","north"
"8586","worker","crowdgen.com","appen","crowd_market","north"
"8587","worker","crowdgen.com","appen","crowd_market","north"
"8588","worker","crowdgen.com","appen","crowd_market","north"
"8589","worker","crowdgen.com","appen","crowd_market","north"
"8590","worker","crowdgen.com","appen","crowd_market","north"
"8591","worker","crowdgen.com","appen","crowd_market","north"
"8593","worker","crowdgen.com","appen","crowd_market","north"
"8600","worker","crowdgen.com","appen","crowd_market","north"
"8602","worker","crowdgen.com","appen","crowd_market","north"
"8604","worker","crowdgen.com","appen","crowd_market","north"
"8605","worker","crowdgen.com","appen","crowd_market","north"
"8609","worker","crowdgen.com","appen","crowd_market","north"
"8613","worker","crowdgen.com","appen","crowd_market","north"
"8614","worker","crowdgen.com","appen","crowd_market","north"
"8619","worker","crowdgen.com","appen","crowd_market","north"
"8620","worker","crowdgen.com","appen","crowd_market","north"
"8622","worker","crowdgen.com","appen","crowd_market","north"
"8623","worker","crowdgen.com","appen","crowd_market","north"
"8624","worker","crowdgen.com","appen","crowd_market","north"
"8625","worker","crowdgen.com","appen","crowd_market","north"
"8626","worker","crowdgen.com","appen","crowd_market","north"
"8627","worker","crowdgen.com","appen","crowd_market","north"
"8629","worker","crowdgen.com","appen","crowd_market","north"
"8630","worker","crowdgen.com","appen","crowd_market","north"
"8631","worker","crowdgen.com","appen","crowd_market","north"
"8635","worker","crowdgen.com","appen","crowd_market","north"
"8639","worker","crowdgen.com","appen","crowd_market","north"
"8641","worker","crowdgen.com","appen","crowd_market","north"
"8644","worker","crowdgen.com","appen","crowd_market","north"
"8651","worker","crowdgen.com","appen","crowd_market","north"
"8653","worker","crowdgen.com","appen","crowd_market","north"
"8656","worker","crowdgen.com","appen","crowd_market","north"
"8657","worker","crowdgen.com","appen","crowd_market","north"
"8660","worker","crowdgen.com","appen","crowd_market","north"
"8661","worker","crowdgen.com","appen","crowd_market","north"
"8663","worker","crowdgen.com","appen","crowd_market","north"
"8665","worker","crowdgen.com","appen","crowd_market","north"
"8667","worker","crowdgen.com","appen","crowd_market","north"
"8668","worker","crowdgen.com","appen","crowd_market","north"
"8669","worker","crowdgen.com","appen","crowd_market","north"
"8671","worker","crowdgen.com","appen","crowd_market","north"
"8672","worker","crowdgen.com","appen","crowd_market","north"
"8677","worker","crowdgen.com","appen","crowd_market","north"
"8678","worker","crowdgen.com","appen","crowd_market","north"
"8679","worker","crowdgen.com","appen","crowd_market","north"
"8684","worker","crowdgen.com","appen","crowd_market","north"
"8685","worker","crowdgen.com","appen","crowd_market","north"
"8692","worker","crowdgen.com","appen","crowd_market","north"
"8693","worker","crowdgen.com","appen","crowd_market","north"
"8696","worker","crowdgen.com","appen","crowd_market","north"
"8697","worker","crowdgen.com","appen","crowd_market","north"
"8699","worker","crowdgen.com","appen","crowd_market","north"
"8701","worker","crowdgen.com","appen","crowd_market","north"
"8704","worker","crowdgen.com","appen","crowd_market","north"
"8705","worker","crowdgen.com","appen","crowd_market","north"
"8706","worker","crowdgen.com","appen","crowd_market","north"
"8708","worker","crowdgen.com","appen","crowd_market","north"
"8709","worker","crowdgen.com","appen","crowd_market","north"
"8710","worker","crowdgen.com","appen","crowd_market","north"
"8711","worker","crowdgen.com","appen","crowd_market","north"
"8713","worker","crowdgen.com","appen","crowd_market","north"
"8714","worker","crowdgen.com","appen","crowd_market","north"
"8715","worker","crowdgen.com","appen","crowd_market","north"
"8718","worker","crowdgen.com","appen","crowd_market","north"
"8719","worker","crowdgen.com","appen","crowd_market","north"
"8720","worker","crowdgen.com","appen","crowd_market","north"
"8721","worker","crowdgen.com","appen","crowd_market","north"
"8722","worker","crowdgen.com","appen","crowd_market","north"
"8725","worker","crowdgen.com","appen","crowd_market","north"
"8729","worker","crowdgen.com","appen","crowd_market","north"
"8733","worker","crowdgen.com","appen","crowd_market","north"
"8734","worker","crowdgen.com","appen","crowd_market","north"
"8737","worker","crowdgen.com","appen","crowd_market","north"
"8738","worker","crowdgen.com","appen","crowd_market","north"
"8740","worker","crowdgen.com","appen","crowd_market","north"
"8741","worker","crowdgen.com","appen","crowd_market","north"
"8743","worker","crowdgen.com","appen","crowd_market","north"
"8745","worker","crowdgen.com","appen","crowd_market","north"
"8746","worker","crowdgen.com","appen","crowd_market","north"
"8748","worker","crowdgen.com","appen","crowd_market","north"
"8749","worker","crowdgen.com","appen","crowd_market","north"
"8750","worker","crowdgen.com","appen","crowd_market","north"
"8753","worker","crowdgen.com","appen","crowd_market","north"
"8759","worker","crowdgen.com","appen","crowd_market","north"
"8762","worker","crowdgen.com","appen","crowd_market","north"
"8765","worker","crowdgen.com","appen","crowd_market","north"
"8768","worker","crowdgen.com","appen","crowd_market","north"
"8770","worker","www.telusinternational.ai","telusinternational.ai","crowd_market","north"
"8771","client","www.abaka.ai","abaka.ai","enterprise_bpo","north"
"8772","client","www.abaka.ai","abaka.ai","enterprise_bpo","north"
"8773","client","www.abaka.ai","abaka.ai","enterprise_bpo","north"
"8774","client","www.abaka.ai","abaka.ai","enterprise_bpo","north"
"8776","client","www.abaka.ai","abaka.ai","enterprise_bpo","north"
"8777","client","www.abaka.ai","abaka.ai","enterprise_bpo","north"
"8778","client","www.abaka.ai","abaka.ai","enterprise_bpo","north"
"8779","client","www.abaka.ai","abaka.ai","enterprise_bpo","north"
"8780","client","www.abaka.ai","abaka.ai","enterprise_bpo","north"
"8781","client","www.abaka.ai","abaka.ai","enterprise_bpo","north"
"8782","client","www.abaka.ai","abaka.ai","enterprise_bpo","north"
"8783","client","www.abaka.ai","abaka.ai","enterprise_bpo","north"
"8784","client","www.abaka.ai","abaka.ai","enterprise_bpo","north"
"8785","client","www.abaka.ai","abaka.ai","enterprise_bpo","north"
"8786","client","www.abaka.ai","abaka.ai","enterprise_bpo","north"
"8787","client","www.abaka.ai","abaka.ai","enterprise_bpo","north"
"8788","client","www.abaka.ai","abaka.ai","enterprise_bpo","north"
"8789","client","www.abaka.ai","abaka.ai","enterprise_bpo","north"
"8790","client","www.abaka.ai","abaka.ai","enterprise_bpo","north"
"8791","client","www.abaka.ai","abaka.ai","enterprise_bpo","north"
"8792","client","www.abaka.ai","abaka.ai","enterprise_bpo","north"
"8793","client","www.abaka.ai","abaka.ai","enterprise_bpo","north"
"8794","client","www.abaka.ai","abaka.ai","enterprise_bpo","north"
"8795","client","www.abaka.ai","abaka.ai","enterprise_bpo","north"
"8796","client","www.abaka.ai","abaka.ai","enterprise_bpo","north"
"8797","client","www.abaka.ai","abaka.ai","enterprise_bpo","north"
"8798","client","www.abaka.ai","abaka.ai","enterprise_bpo","north"
"8799","client","www.abaka.ai","abaka.ai","enterprise_bpo","north"
"8800","client","www.abaka.ai","abaka.ai","enterprise_bpo","north"
"8801","client","www.abaka.ai","abaka.ai","enterprise_bpo","north"
"8802","client","www.abaka.ai","abaka.ai","enterprise_bpo","north"
"8803","client","www.abaka.ai","abaka.ai","enterprise_bpo","north"
"8804","client","www.abaka.ai","abaka.ai","enterprise_bpo","north"
"8805","client","www.abaka.ai","abaka.ai","enterprise_bpo","north"
"8806","client","www.abaka.ai","abaka.ai","enterprise_bpo","north"
"8807","client","www.abaka.ai","abaka.ai","enterprise_bpo","north"
"8808","client","www.abaka.ai","abaka.ai","enterprise_bpo","north"
"8809","client","www.abaka.ai","abaka.ai","enterprise_bpo","north"
"8810","client","www.abaka.ai","abaka.ai","enterprise_bpo","north"
"8811","client","www.abaka.ai","abaka.ai","enterprise_bpo","north"
"8812","client","www.abaka.ai","abaka.ai","enterprise_bpo","north"
"8813","client","www.abaka.ai","abaka.ai","enterprise_bpo","north"
"8814","client","www.abaka.ai","abaka.ai","enterprise_bpo","north"
"8815","client","www.abaka.ai","abaka.ai","enterprise_bpo","north"
"8816","client","www.abaka.ai","abaka.ai","enterprise_bpo","north"
"8817","client","www.abaka.ai","abaka.ai","enterprise_bpo","north"
"8818","client","www.abaka.ai","abaka.ai","enterprise_bpo","north"
"8819","client","www.abaka.ai","abaka.ai","enterprise_bpo","north"
"8820","client","www.abaka.ai","abaka.ai","enterprise_bpo","north"
"8821","client","www.abaka.ai","abaka.ai","enterprise_bpo","north"
"8822","client","www.abaka.ai","abaka.ai","enterprise_bpo","north"
"8823","client","www.abaka.ai","abaka.ai","enterprise_bpo","north"
"8824","client","www.abaka.ai","abaka.ai","enterprise_bpo","north"
"8825","client","www.abaka.ai","abaka.ai","enterprise_bpo","north"
"8826","client","www.abaka.ai","abaka.ai","enterprise_bpo","north"
"8827","client","www.abaka.ai","abaka.ai","enterprise_bpo","north"
"8828","client","www.abaka.ai","abaka.ai","enterprise_bpo","north"
"8829","client","www.abaka.ai","abaka.ai","enterprise_bpo","north"
"8830","client","www.abaka.ai","abaka.ai","enterprise_bpo","north"
"8831","client","www.abaka.ai","abaka.ai","enterprise_bpo","north"
"8832","client","www.abaka.ai","abaka.ai","enterprise_bpo","north"
"8833","client","www.abaka.ai","abaka.ai","enterprise_bpo","north"
"8834","client","www.abaka.ai","abaka.ai","enterprise_bpo","north"
"8835","client","www.abaka.ai","abaka.ai","enterprise_bpo","north"
"8836","client","www.abaka.ai","abaka.ai","enterprise_bpo","north"
"8837","client","www.abaka.ai","abaka.ai","enterprise_bpo","north"
"8838","client","www.abaka.ai","abaka.ai","enterprise_bpo","north"
"8839","client","www.abaka.ai","abaka.ai","enterprise_bpo","north"
"8840","client","www.abaka.ai","abaka.ai","enterprise_bpo","north"
"8841","client","www.abaka.ai","abaka.ai","enterprise_bpo","north"
"8842","client","www.abaka.ai","abaka.ai","enterprise_bpo","north"
"8843","client","www.abaka.ai","abaka.ai","enterprise_bpo","north"
"8844","client","www.abaka.ai","abaka.ai","enterprise_bpo","north"
"8845","client","www.abaka.ai","abaka.ai","enterprise_bpo","north"
"8846","client","www.abaka.ai","abaka.ai","enterprise_bpo","north"
"8847","client","www.abaka.ai","abaka.ai","enterprise_bpo","north"
"8848","client","www.abaka.ai","abaka.ai","enterprise_bpo","north"
"8849","client","www.abaka.ai","abaka.ai","enterprise_bpo","north"
"8850","client","www.abaka.ai","abaka.ai","enterprise_bpo","north"
"8851","client","www.abaka.ai","abaka.ai","enterprise_bpo","north"
"8852","client","www.abaka.ai","abaka.ai","enterprise_bpo","north"
"8853","client","www.abaka.ai","abaka.ai","enterprise_bpo","north"
"8854","client","www.abaka.ai","abaka.ai","enterprise_bpo","north"
"8855","client","www.abaka.ai","abaka.ai","enterprise_bpo","north"
"8856","client","www.abaka.ai","abaka.ai","enterprise_bpo","north"
"8857","client","www.abaka.ai","abaka.ai","enterprise_bpo","north"
"8858","client","www.abaka.ai","abaka.ai","enterprise_bpo","north"
"8859","client","www.abaka.ai","abaka.ai","enterprise_bpo","north"
"8860","client","www.abaka.ai","abaka.ai","enterprise_bpo","north"
"8861","client","www.abaka.ai","abaka.ai","enterprise_bpo","north"
"8862","client","www.abaka.ai","abaka.ai","enterprise_bpo","north"
"8863","client","www.abaka.ai","abaka.ai","enterprise_bpo","north"
"8864","client","www.abaka.ai","abaka.ai","enterprise_bpo","north"
"8865","client","www.abaka.ai","abaka.ai","enterprise_bpo","north"
"8866","client","www.abaka.ai","abaka.ai","enterprise_bpo","north"
"8867","client","www.abaka.ai","abaka.ai","enterprise_bpo","north"
"8868","client","www.abaka.ai","abaka.ai","enterprise_bpo","north"
"8869","client","www.abaka.ai","abaka.ai","enterprise_bpo","north"
"8870","client","www.abaka.ai","abaka.ai","enterprise_bpo","north"
"8871","client","www.abaka.ai","abaka.ai","enterprise_bpo","north"
"8872","client","www.abaka.ai","abaka.ai","enterprise_bpo","north"
"8873","client","www.abaka.ai","abaka.ai","enterprise_bpo","north"
"8875","client","www.abaka.ai","abaka.ai","enterprise_bpo","north"
"8876","client","www.abaka.ai","abaka.ai","enterprise_bpo","north"
"8877","client","www.abaka.ai","abaka.ai","enterprise_bpo","north"
"8878","client","www.abaka.ai","abaka.ai","enterprise_bpo","north"
"8879","client","www.abaka.ai","abaka.ai","enterprise_bpo","north"
"8880","client","www.abaka.ai","abaka.ai","enterprise_bpo","north"
"8881","client","www.abaka.ai","abaka.ai","enterprise_bpo","north"
"8882","client","www.abaka.ai","abaka.ai","enterprise_bpo","north"
"8883","client","www.abaka.ai","abaka.ai","enterprise_bpo","north"
"8884","client","www.abaka.ai","abaka.ai","enterprise_bpo","north"
"8885","client","www.abaka.ai","abaka.ai","enterprise_bpo","north"
"8886","client","www.abaka.ai","abaka.ai","enterprise_bpo","north"
"8887","client","www.abaka.ai","abaka.ai","enterprise_bpo","north"
"8888","client","www.abaka.ai","abaka.ai","enterprise_bpo","north"
"8889","client","www.abaka.ai","abaka.ai","enterprise_bpo","north"
"8890","client","www.abaka.ai","abaka.ai","enterprise_bpo","north"
"8891","client","www.abaka.ai","abaka.ai","enterprise_bpo","north"
"8892","client","www.abaka.ai","abaka.ai","enterprise_bpo","north"
"8893","client","www.abaka.ai","abaka.ai","enterprise_bpo","north"
"8894","client","www.abaka.ai","abaka.ai","enterprise_bpo","north"
"8895","client","www.abaka.ai","abaka.ai","enterprise_bpo","north"
"8896","client","www.abaka.ai","abaka.ai","enterprise_bpo","north"
"8897","client","www.abaka.ai","abaka.ai","enterprise_bpo","north"
"8898","client","www.abaka.ai","abaka.ai","enterprise_bpo","north"
"8899","client","www.abaka.ai","abaka.ai","enterprise_bpo","north"
"8900","client","www.abaka.ai","abaka.ai","enterprise_bpo","north"
"8901","client","www.abaka.ai","abaka.ai","enterprise_bpo","north"
"8902","client","www.abaka.ai","abaka.ai","enterprise_bpo","north"
"8903","client","www.abaka.ai","abaka.ai","enterprise_bpo","north"
"8904","client","www.abaka.ai","abaka.ai","enterprise_bpo","north"
"8905","client","www.abaka.ai","abaka.ai","enterprise_bpo","north"
"8906","client","www.abaka.ai","abaka.ai","enterprise_bpo","north"
"8907","client","www.abaka.ai","abaka.ai","enterprise_bpo","north"
"8908","client","www.abaka.ai","abaka.ai","enterprise_bpo","north"
"8909","client","www.abaka.ai","abaka.ai","enterprise_bpo","north"
"8910","client","www.abaka.ai","abaka.ai","enterprise_bpo","north"
"8911","client","www.abaka.ai","abaka.ai","enterprise_bpo","north"
"8912","client","www.abaka.ai","abaka.ai","enterprise_bpo","north"
"8913","client","www.abaka.ai","abaka.ai","enterprise_bpo","north"
"8914","client","www.abaka.ai","abaka.ai","enterprise_bpo","north"
"8915","client","www.abaka.ai","abaka.ai","enterprise_bpo","north"
"8916","client","www.abaka.ai","abaka.ai","enterprise_bpo","north"
"8917","client","www.abaka.ai","abaka.ai","enterprise_bpo","north"
"8918","client","www.abaka.ai","abaka.ai","enterprise_bpo","north"
"8919","client","www.abaka.ai","abaka.ai","enterprise_bpo","north"
"8920","client","www.abaka.ai","abaka.ai","enterprise_bpo","north"
"8921","client","www.abaka.ai","abaka.ai","enterprise_bpo","north"
"8922","client","www.abaka.ai","abaka.ai","enterprise_bpo","north"
"8923","client","www.abaka.ai","abaka.ai","enterprise_bpo","north"
"8924","client","www.abaka.ai","abaka.ai","enterprise_bpo","north"
"8925","client","www.abaka.ai","abaka.ai","enterprise_bpo","north"
"8926","client","www.abaka.ai","abaka.ai","enterprise_bpo","north"
"8927","client","www.abaka.ai","abaka.ai","enterprise_bpo","north"
"8928","client","www.abaka.ai","abaka.ai","enterprise_bpo","north"
"8929","client","www.abaka.ai","abaka.ai","enterprise_bpo","north"
"8930","client","www.abaka.ai","abaka.ai","enterprise_bpo","north"
"8931","client","www.abaka.ai","abaka.ai","enterprise_bpo","north"
"8932","client","www.abaka.ai","abaka.ai","enterprise_bpo","north"
"8933","client","www.abaka.ai","abaka.ai","enterprise_bpo","north"
"8934","client","www.abaka.ai","abaka.ai","enterprise_bpo","north"
"8935","client","www.abaka.ai","abaka.ai","enterprise_bpo","north"
"8936","client","www.abaka.ai","abaka.ai","enterprise_bpo","north"
"8937","client","www.abaka.ai","abaka.ai","enterprise_bpo","north"
"8938","client","www.abaka.ai","abaka.ai","enterprise_bpo","north"
"8939","client","www.abaka.ai","abaka.ai","enterprise_bpo","north"
"8940","client","www.abaka.ai","abaka.ai","enterprise_bpo","north"
"8941","client","www.abaka.ai","abaka.ai","enterprise_bpo","north"
"8942","client","www.abaka.ai","abaka.ai","enterprise_bpo","north"
"8943","client","www.abaka.ai","abaka.ai","enterprise_bpo","north"
"8944","client","www.abaka.ai","abaka.ai","enterprise_bpo","north"
"8945","client","www.abaka.ai","abaka.ai","enterprise_bpo","north"
"8946","client","www.abaka.ai","abaka.ai","enterprise_bpo","north"
"8947","client","www.abaka.ai","abaka.ai","enterprise_bpo","north"
"8948","client","www.abaka.ai","abaka.ai","enterprise_bpo","north"
"8949","client","www.abaka.ai","abaka.ai","enterprise_bpo","north"
"8950","client","www.abaka.ai","abaka.ai","enterprise_bpo","north"
"8951","client","www.abaka.ai","abaka.ai","enterprise_bpo","north"
"8952","client","www.abaka.ai","abaka.ai","enterprise_bpo","north"
"8953","client","www.abaka.ai","abaka.ai","enterprise_bpo","north"
"8954","client","www.abaka.ai","abaka.ai","enterprise_bpo","north"
"8955","client","www.abaka.ai","abaka.ai","enterprise_bpo","north"
"8956","client","www.abaka.ai","abaka.ai","enterprise_bpo","north"
"8957","client","www.abaka.ai","abaka.ai","enterprise_bpo","north"
"8958","client","www.abaka.ai","abaka.ai","enterprise_bpo","north"
"8959","client","www.abaka.ai","abaka.ai","enterprise_bpo","north"
"8960","client","www.abaka.ai","abaka.ai","enterprise_bpo","north"
"8961","client","www.abaka.ai","abaka.ai","enterprise_bpo","north"
"8962","client","www.abaka.ai","abaka.ai","enterprise_bpo","north"
"8963","client","www.abaka.ai","abaka.ai","enterprise_bpo","north"
"8964","client","www.abaka.ai","abaka.ai","enterprise_bpo","north"
"8965","client","www.abaka.ai","abaka.ai","enterprise_bpo","north"
"8966","client","www.abaka.ai","abaka.ai","enterprise_bpo","north"
"8967","client","www.abaka.ai","abaka.ai","enterprise_bpo","north"
"8968","client","www.abaka.ai","abaka.ai","enterprise_bpo","north"
"8969","client","www.abaka.ai","abaka.ai","enterprise_bpo","north"
"8970","client","www.abaka.ai","abaka.ai","enterprise_bpo","north"
"8971","client","www.abaka.ai","abaka.ai","enterprise_bpo","north"
"8972","client","www.abaka.ai","abaka.ai","enterprise_bpo","north"
"8973","client","www.abaka.ai","abaka.ai","enterprise_bpo","north"
"8974","client","www.abaka.ai","abaka.ai","enterprise_bpo","north"
"8975","client","www.abaka.ai","abaka.ai","enterprise_bpo","north"
"8976","client","www.abaka.ai","abaka.ai","enterprise_bpo","north"
"8977","client","www.abaka.ai","abaka.ai","enterprise_bpo","north"
"8978","client","www.abaka.ai","abaka.ai","enterprise_bpo","north"
"8979","client","www.abaka.ai","abaka.ai","enterprise_bpo","north"
"8980","client","www.abaka.ai","abaka.ai","enterprise_bpo","north"
"8981","client","www.abaka.ai","abaka.ai","enterprise_bpo","north"
"8982","client","www.abaka.ai","abaka.ai","enterprise_bpo","north"
"8983","client","www.abaka.ai","abaka.ai","enterprise_bpo","north"
"8984","client","www.abaka.ai","abaka.ai","enterprise_bpo","north"
"8985","client","www.abaka.ai","abaka.ai","enterprise_bpo","north"
"8986","client","www.abaka.ai","abaka.ai","enterprise_bpo","north"
"8987","client","www.abaka.ai","abaka.ai","enterprise_bpo","north"
"8988","client","www.abaka.ai","abaka.ai","enterprise_bpo","north"
"8989","client","www.abaka.ai","abaka.ai","enterprise_bpo","north"
"8990","client","www.abaka.ai","abaka.ai","enterprise_bpo","north"
"8991","client","www.abaka.ai","abaka.ai","enterprise_bpo","north"
"8992","client","www.abaka.ai","abaka.ai","enterprise_bpo","north"
"8993","client","www.abaka.ai","abaka.ai","enterprise_bpo","north"
"8994","client","www.abaka.ai","abaka.ai","enterprise_bpo","north"
"8995","client","www.abaka.ai","abaka.ai","enterprise_bpo","north"
"8996","client","www.abaka.ai","abaka.ai","enterprise_bpo","north"
"8997","client","www.abaka.ai","abaka.ai","enterprise_bpo","north"
"8998","worker","joinstellar.ai","joinstellar.ai","crowd_market","north"
"8999","worker","joinstellar.ai","joinstellar.ai","crowd_market","north"
"9002","worker","joinstellar.ai","joinstellar.ai","crowd_market","north"
"9004","worker","joinstellar.ai","joinstellar.ai","crowd_market","north"
"9005","worker","joinstellar.ai","joinstellar.ai","crowd_market","north"
"9006","worker","joinstellar.ai","joinstellar.ai","crowd_market","north"
"9007","worker","joinstellar.ai","joinstellar.ai","crowd_market","north"
"9008","worker","joinstellar.ai","joinstellar.ai","crowd_market","north"
"9009","worker","joinstellar.ai","joinstellar.ai","crowd_market","north"
"9010","worker","joinstellar.ai","joinstellar.ai","crowd_market","north"
"9011","worker","joinstellar.ai","joinstellar.ai","crowd_market","north"
"9013","worker","joinstellar.ai","joinstellar.ai","crowd_market","north"
"9014","worker","joinstellar.ai","joinstellar.ai","crowd_market","north"
"9016","worker","joinstellar.ai","joinstellar.ai","crowd_market","north"
"9017","worker","joinstellar.ai","joinstellar.ai","crowd_market","north"
"9019","both","www.opentrain.ai","opentrain.ai","enterprise_bpo","north"
"9020","both","www.opentrain.ai","opentrain.ai","enterprise_bpo","north"
"9021","both","www.opentrain.ai","opentrain.ai","enterprise_bpo","north"
"9022","both","www.opentrain.ai","opentrain.ai","enterprise_bpo","north"
"9023","both","www.opentrain.ai","opentrain.ai","enterprise_bpo","north"
"9024","both","www.opentrain.ai","opentrain.ai","enterprise_bpo","north"
"9025","both","www.opentrain.ai","opentrain.ai","enterprise_bpo","north"
"9026","both","www.opentrain.ai","opentrain.ai","enterprise_bpo","north"
"9027","both","www.opentrain.ai","opentrain.ai","enterprise_bpo","north"
"9028","both","www.opentrain.ai","opentrain.ai","enterprise_bpo","north"
"9029","both","www.opentrain.ai","opentrain.ai","enterprise_bpo","north"
"9030","both","www.opentrain.ai","opentrain.ai","enterprise_bpo","north"
"9031","both","www.opentrain.ai","opentrain.ai","enterprise_bpo","north"
"9032","both","www.opentrain.ai","opentrain.ai","enterprise_bpo","north"
"9033","both","www.opentrain.ai","opentrain.ai","enterprise_bpo","north"
"9034","both","www.opentrain.ai","opentrain.ai","enterprise_bpo","north"
"9035","both","www.opentrain.ai","opentrain.ai","enterprise_bpo","north"
"9036","both","www.opentrain.ai","opentrain.ai","enterprise_bpo","north"
"9037","both","www.opentrain.ai","opentrain.ai","enterprise_bpo","north"
"9038","both","www.opentrain.ai","opentrain.ai","enterprise_bpo","north"
"9039","both","www.opentrain.ai","opentrain.ai","enterprise_bpo","north"
"9040","both","www.opentrain.ai","opentrain.ai","enterprise_bpo","north"
"9041","both","www.opentrain.ai","opentrain.ai","enterprise_bpo","north"
"9042","both","www.opentrain.ai","opentrain.ai","enterprise_bpo","north"
"9043","both","www.opentrain.ai","opentrain.ai","enterprise_bpo","north"
"9044","both","www.opentrain.ai","opentrain.ai","enterprise_bpo","north"
"9045","both","www.opentrain.ai","opentrain.ai","enterprise_bpo","north"
"9046","both","www.opentrain.ai","opentrain.ai","enterprise_bpo","north"
"9047","both","www.opentrain.ai","opentrain.ai","enterprise_bpo","north"
"9048","both","www.opentrain.ai","opentrain.ai","enterprise_bpo","north"
"9049","both","www.opentrain.ai","opentrain.ai","enterprise_bpo","north"
"9050","both","www.opentrain.ai","opentrain.ai","enterprise_bpo","north"
"9051","both","www.opentrain.ai","opentrain.ai","enterprise_bpo","north"
"9052","both","www.opentrain.ai","opentrain.ai","enterprise_bpo","north"
"9053","both","www.opentrain.ai","opentrain.ai","enterprise_bpo","north"
"9054","both","www.opentrain.ai","opentrain.ai","enterprise_bpo","north"
"9055","both","www.opentrain.ai","opentrain.ai","enterprise_bpo","north"
"9056","both","www.opentrain.ai","opentrain.ai","enterprise_bpo","north"
"9057","both","www.opentrain.ai","opentrain.ai","enterprise_bpo","north"
"9058","both","www.opentrain.ai","opentrain.ai","enterprise_bpo","north"
"9059","both","www.opentrain.ai","opentrain.ai","enterprise_bpo","north"
"9060","both","www.opentrain.ai","opentrain.ai","enterprise_bpo","north"
"9061","both","www.opentrain.ai","opentrain.ai","enterprise_bpo","north"
"9062","both","www.opentrain.ai","opentrain.ai","enterprise_bpo","north"
"9063","both","www.opentrain.ai","opentrain.ai","enterprise_bpo","north"
"9064","both","www.opentrain.ai","opentrain.ai","enterprise_bpo","north"
"9065","both","www.opentrain.ai","opentrain.ai","enterprise_bpo","north"
"9066","both","www.opentrain.ai","opentrain.ai","enterprise_bpo","north"
"9067","both","www.opentrain.ai","opentrain.ai","enterprise_bpo","north"
"9068","both","www.opentrain.ai","opentrain.ai","enterprise_bpo","north"
"9069","both","www.opentrain.ai","opentrain.ai","enterprise_bpo","north"
"9070","both","www.opentrain.ai","opentrain.ai","enterprise_bpo","north"
"9071","both","www.opentrain.ai","opentrain.ai","enterprise_bpo","north"
"9072","both","www.opentrain.ai","opentrain.ai","enterprise_bpo","north"
"9073","both","www.opentrain.ai","opentrain.ai","enterprise_bpo","north"
"9074","both","www.opentrain.ai","opentrain.ai","enterprise_bpo","north"
"9075","both","www.opentrain.ai","opentrain.ai","enterprise_bpo","north"
"9076","both","www.opentrain.ai","opentrain.ai","enterprise_bpo","north"
"9077","both","www.opentrain.ai","opentrain.ai","enterprise_bpo","north"
"9078","both","www.opentrain.ai","opentrain.ai","enterprise_bpo","north"
"9079","both","www.opentrain.ai","opentrain.ai","enterprise_bpo","north"
"9080","both","www.opentrain.ai","opentrain.ai","enterprise_bpo","north"
"9081","both","www.opentrain.ai","opentrain.ai","enterprise_bpo","north"
"9082","both","www.opentrain.ai","opentrain.ai","enterprise_bpo","north"
"9083","both","www.opentrain.ai","opentrain.ai","enterprise_bpo","north"
"9084","both","www.opentrain.ai","opentrain.ai","enterprise_bpo","north"
"9085","both","www.opentrain.ai","opentrain.ai","enterprise_bpo","north"
"9086","both","www.opentrain.ai","opentrain.ai","enterprise_bpo","north"
"9087","both","www.opentrain.ai","opentrain.ai","enterprise_bpo","north"
"9088","both","www.opentrain.ai","opentrain.ai","enterprise_bpo","north"
"9089","both","www.opentrain.ai","opentrain.ai","enterprise_bpo","north"
"9090","both","www.opentrain.ai","opentrain.ai","enterprise_bpo","north"
"9091","both","www.opentrain.ai","opentrain.ai","enterprise_bpo","north"
"9092","both","www.opentrain.ai","opentrain.ai","enterprise_bpo","north"
"9093","both","www.opentrain.ai","opentrain.ai","enterprise_bpo","north"
"9094","both","www.opentrain.ai","opentrain.ai","enterprise_bpo","north"
"9095","both","www.opentrain.ai","opentrain.ai","enterprise_bpo","north"
"9096","both","www.opentrain.ai","opentrain.ai","enterprise_bpo","north"
"9097","both","www.opentrain.ai","opentrain.ai","enterprise_bpo","north"
"9098","both","www.opentrain.ai","opentrain.ai","enterprise_bpo","north"
"9099","both","www.opentrain.ai","opentrain.ai","enterprise_bpo","north"
"9100","both","www.opentrain.ai","opentrain.ai","enterprise_bpo","north"
"9101","both","www.opentrain.ai","opentrain.ai","enterprise_bpo","north"
"9102","both","www.opentrain.ai","opentrain.ai","enterprise_bpo","north"
"9103","both","www.opentrain.ai","opentrain.ai","enterprise_bpo","north"
"9104","both","www.opentrain.ai","opentrain.ai","enterprise_bpo","north"
"9105","both","www.opentrain.ai","opentrain.ai","enterprise_bpo","north"
"9106","both","www.opentrain.ai","opentrain.ai","enterprise_bpo","north"
"9107","both","www.opentrain.ai","opentrain.ai","enterprise_bpo","north"
"9108","both","www.opentrain.ai","opentrain.ai","enterprise_bpo","north"
"9109","both","www.opentrain.ai","opentrain.ai","enterprise_bpo","north"
"9110","both","www.opentrain.ai","opentrain.ai","enterprise_bpo","north"
"9111","both","www.opentrain.ai","opentrain.ai","enterprise_bpo","north"
"9112","both","www.opentrain.ai","opentrain.ai","enterprise_bpo","north"
"9113","both","www.opentrain.ai","opentrain.ai","enterprise_bpo","north"
"9114","both","www.opentrain.ai","opentrain.ai","enterprise_bpo","north"
"9115","both","www.opentrain.ai","opentrain.ai","enterprise_bpo","north"
"9116","both","www.opentrain.ai","opentrain.ai","enterprise_bpo","north"
"9117","both","www.opentrain.ai","opentrain.ai","enterprise_bpo","north"
"9118","both","www.opentrain.ai","opentrain.ai","enterprise_bpo","north"
"9119","both","www.opentrain.ai","opentrain.ai","enterprise_bpo","north"
"9120","both","www.opentrain.ai","opentrain.ai","enterprise_bpo","north"
"9121","both","www.opentrain.ai","opentrain.ai","enterprise_bpo","north"
"9122","both","www.opentrain.ai","opentrain.ai","enterprise_bpo","north"
"9123","both","www.opentrain.ai","opentrain.ai","enterprise_bpo","north"
"9124","both","www.opentrain.ai","opentrain.ai","enterprise_bpo","north"
"9125","both","www.opentrain.ai","opentrain.ai","enterprise_bpo","north"
"9126","both","www.opentrain.ai","opentrain.ai","enterprise_bpo","north"
"9127","both","www.opentrain.ai","opentrain.ai","enterprise_bpo","north"
"9128","both","www.opentrain.ai","opentrain.ai","enterprise_bpo","north"
"9129","both","www.opentrain.ai","opentrain.ai","enterprise_bpo","north"
"9130","both","www.opentrain.ai","opentrain.ai","enterprise_bpo","north"
"9131","both","www.opentrain.ai","opentrain.ai","enterprise_bpo","north"
"9132","both","www.opentrain.ai","opentrain.ai","enterprise_bpo","north"
"9133","both","www.opentrain.ai","opentrain.ai","enterprise_bpo","north"
"9134","both","www.opentrain.ai","opentrain.ai","enterprise_bpo","north"
"9135","both","www.opentrain.ai","opentrain.ai","enterprise_bpo","north"
"9136","both","www.opentrain.ai","opentrain.ai","enterprise_bpo","north"
"9137","both","www.opentrain.ai","opentrain.ai","enterprise_bpo","north"
"9138","both","www.opentrain.ai","opentrain.ai","enterprise_bpo","north"
"9139","both","www.opentrain.ai","opentrain.ai","enterprise_bpo","north"
"9140","both","www.opentrain.ai","opentrain.ai","enterprise_bpo","north"
"9141","both","www.opentrain.ai","opentrain.ai","enterprise_bpo","north"
"9142","both","www.opentrain.ai","opentrain.ai","enterprise_bpo","north"
"9143","both","www.opentrain.ai","opentrain.ai","enterprise_bpo","north"
"9144","both","www.opentrain.ai","opentrain.ai","enterprise_bpo","north"
"9145","both","www.opentrain.ai","opentrain.ai","enterprise_bpo","north"
"9146","both","www.opentrain.ai","opentrain.ai","enterprise_bpo","north"
"9147","both","www.opentrain.ai","opentrain.ai","enterprise_bpo","north"
"9148","both","www.opentrain.ai","opentrain.ai","enterprise_bpo","north"
"9149","both","www.opentrain.ai","opentrain.ai","enterprise_bpo","north"
"9150","both","www.opentrain.ai","opentrain.ai","enterprise_bpo","north"
"9151","both","www.opentrain.ai","opentrain.ai","enterprise_bpo","north"
"9152","both","www.opentrain.ai","opentrain.ai","enterprise_bpo","north"
"9153","both","www.opentrain.ai","opentrain.ai","enterprise_bpo","north"
"9154","both","www.opentrain.ai","opentrain.ai","enterprise_bpo","north"
"9155","both","www.opentrain.ai","opentrain.ai","enterprise_bpo","north"
"9156","both","www.opentrain.ai","opentrain.ai","enterprise_bpo","north"
"9157","both","www.opentrain.ai","opentrain.ai","enterprise_bpo","north"
"9158","both","www.opentrain.ai","opentrain.ai","enterprise_bpo","north"
"9159","both","www.opentrain.ai","opentrain.ai","enterprise_bpo","north"
"9160","both","www.opentrain.ai","opentrain.ai","enterprise_bpo","north"
"9161","both","www.opentrain.ai","opentrain.ai","enterprise_bpo","north"
"9162","both","www.opentrain.ai","opentrain.ai","enterprise_bpo","north"
"9163","both","www.opentrain.ai","opentrain.ai","enterprise_bpo","north"
"9164","both","www.opentrain.ai","opentrain.ai","enterprise_bpo","north"
"9165","both","www.opentrain.ai","opentrain.ai","enterprise_bpo","north"
"9166","both","www.opentrain.ai","opentrain.ai","enterprise_bpo","north"
"9167","both","www.opentrain.ai","opentrain.ai","enterprise_bpo","north"
"9168","both","www.opentrain.ai","opentrain.ai","enterprise_bpo","north"
"9169","both","www.opentrain.ai","opentrain.ai","enterprise_bpo","north"
"9170","both","www.opentrain.ai","opentrain.ai","enterprise_bpo","north"
"9171","both","www.opentrain.ai","opentrain.ai","enterprise_bpo","north"
"9172","both","www.opentrain.ai","opentrain.ai","enterprise_bpo","north"
"9173","both","www.opentrain.ai","opentrain.ai","enterprise_bpo","north"
"9174","both","www.opentrain.ai","opentrain.ai","enterprise_bpo","north"
"9175","both","www.opentrain.ai","opentrain.ai","enterprise_bpo","north"
"9176","both","www.opentrain.ai","opentrain.ai","enterprise_bpo","north"
"9177","both","www.opentrain.ai","opentrain.ai","enterprise_bpo","north"
"9178","both","www.opentrain.ai","opentrain.ai","enterprise_bpo","north"
"9179","both","www.opentrain.ai","opentrain.ai","enterprise_bpo","north"
"9180","both","www.opentrain.ai","opentrain.ai","enterprise_bpo","north"
"9181","both","www.opentrain.ai","opentrain.ai","enterprise_bpo","north"
"9182","both","www.opentrain.ai","opentrain.ai","enterprise_bpo","north"
"9183","both","www.opentrain.ai","opentrain.ai","enterprise_bpo","north"
"9184","both","www.opentrain.ai","opentrain.ai","enterprise_bpo","north"
"9185","both","www.opentrain.ai","opentrain.ai","enterprise_bpo","north"
"9186","both","www.opentrain.ai","opentrain.ai","enterprise_bpo","north"
"9187","both","www.opentrain.ai","opentrain.ai","enterprise_bpo","north"
"9188","both","www.opentrain.ai","opentrain.ai","enterprise_bpo","north"
"9189","both","www.opentrain.ai","opentrain.ai","enterprise_bpo","north"
"9190","both","www.opentrain.ai","opentrain.ai","enterprise_bpo","north"
"9191","both","www.opentrain.ai","opentrain.ai","enterprise_bpo","north"
"9192","both","www.opentrain.ai","opentrain.ai","enterprise_bpo","north"
"9193","both","www.opentrain.ai","opentrain.ai","enterprise_bpo","north"
"9194","both","www.opentrain.ai","opentrain.ai","enterprise_bpo","north"
"9195","both","www.opentrain.ai","opentrain.ai","enterprise_bpo","north"
"9196","both","www.opentrain.ai","opentrain.ai","enterprise_bpo","north"
"9197","both","www.opentrain.ai","opentrain.ai","enterprise_bpo","north"
"9198","both","www.opentrain.ai","opentrain.ai","enterprise_bpo","north"
"9199","both","www.opentrain.ai","opentrain.ai","enterprise_bpo","north"
"9200","both","www.opentrain.ai","opentrain.ai","enterprise_bpo","north"
"9201","both","www.opentrain.ai","opentrain.ai","enterprise_bpo","north"
"9202","both","www.opentrain.ai","opentrain.ai","enterprise_bpo","north"
"9203","both","www.opentrain.ai","opentrain.ai","enterprise_bpo","north"
"9204","both","www.opentrain.ai","opentrain.ai","enterprise_bpo","north"
"9205","both","www.opentrain.ai","opentrain.ai","enterprise_bpo","north"
"9206","both","www.opentrain.ai","opentrain.ai","enterprise_bpo","north"
"9207","both","www.opentrain.ai","opentrain.ai","enterprise_bpo","north"
"9208","both","www.opentrain.ai","opentrain.ai","enterprise_bpo","north"
"9209","both","www.opentrain.ai","opentrain.ai","enterprise_bpo","north"
"9210","both","www.opentrain.ai","opentrain.ai","enterprise_bpo","north"
"9211","both","www.opentrain.ai","opentrain.ai","enterprise_bpo","north"
"9212","both","www.opentrain.ai","opentrain.ai","enterprise_bpo","north"
"9213","both","www.opentrain.ai","opentrain.ai","enterprise_bpo","north"
"9214","both","www.opentrain.ai","opentrain.ai","enterprise_bpo","north"
"9215","both","www.opentrain.ai","opentrain.ai","enterprise_bpo","north"
"9216","both","www.opentrain.ai","opentrain.ai","enterprise_bpo","north"
"9217","both","www.opentrain.ai","opentrain.ai","enterprise_bpo","north"
"9218","both","www.opentrain.ai","opentrain.ai","enterprise_bpo","north"
"9219","both","www.opentrain.ai","opentrain.ai","enterprise_bpo","north"
"9220","both","www.opentrain.ai","opentrain.ai","enterprise_bpo","north"
"9221","both","www.opentrain.ai","opentrain.ai","enterprise_bpo","north"
"9222","both","www.opentrain.ai","opentrain.ai","enterprise_bpo","north"
"9223","both","www.opentrain.ai","opentrain.ai","enterprise_bpo","north"
"9224","both","www.opentrain.ai","opentrain.ai","enterprise_bpo","north"
"9225","both","www.opentrain.ai","opentrain.ai","enterprise_bpo","north"
"9226","both","www.opentrain.ai","opentrain.ai","enterprise_bpo","north"
"9227","both","www.opentrain.ai","opentrain.ai","enterprise_bpo","north"
"9228","both","www.opentrain.ai","opentrain.ai","enterprise_bpo","north"
"9229","both","www.opentrain.ai","opentrain.ai","enterprise_bpo","north"
"9230","both","www.opentrain.ai","opentrain.ai","enterprise_bpo","north"
"9231","both","www.opentrain.ai","opentrain.ai","enterprise_bpo","north"
"9232","both","www.opentrain.ai","opentrain.ai","enterprise_bpo","north"
"9233","both","www.opentrain.ai","opentrain.ai","enterprise_bpo","north"
"9234","both","www.opentrain.ai","opentrain.ai","enterprise_bpo","north"
"9235","both","www.opentrain.ai","opentrain.ai","enterprise_bpo","north"
"9236","both","www.opentrain.ai","opentrain.ai","enterprise_bpo","north"
"9237","both","www.opentrain.ai","opentrain.ai","enterprise_bpo","north"
"9238","both","www.opentrain.ai","opentrain.ai","enterprise_bpo","north"
"9239","both","www.opentrain.ai","opentrain.ai","enterprise_bpo","north"
"9240","both","www.opentrain.ai","opentrain.ai","enterprise_bpo","north"
"9241","both","www.opentrain.ai","opentrain.ai","enterprise_bpo","north"
"9242","both","www.opentrain.ai","opentrain.ai","enterprise_bpo","north"
"9243","both","www.opentrain.ai","opentrain.ai","enterprise_bpo","north"
"9244","both","www.opentrain.ai","opentrain.ai","enterprise_bpo","north"
"9245","both","www.opentrain.ai","opentrain.ai","enterprise_bpo","north"
"9246","both","www.opentrain.ai","opentrain.ai","enterprise_bpo","north"
"9247","both","www.opentrain.ai","opentrain.ai","enterprise_bpo","north"
"9248","both","www.opentrain.ai","opentrain.ai","enterprise_bpo","north"
"9249","both","www.opentrain.ai","opentrain.ai","enterprise_bpo","north"
"9250","both","www.opentrain.ai","opentrain.ai","enterprise_bpo","north"
"9251","both","www.opentrain.ai","opentrain.ai","enterprise_bpo","north"
"9252","both","www.opentrain.ai","opentrain.ai","enterprise_bpo","north"
"9253","both","www.opentrain.ai","opentrain.ai","enterprise_bpo","north"
"9254","both","www.opentrain.ai","opentrain.ai","enterprise_bpo","north"
"9255","both","www.opentrain.ai","opentrain.ai","enterprise_bpo","north"
"9256","both","www.opentrain.ai","opentrain.ai","enterprise_bpo","north"
"9257","both","www.opentrain.ai","opentrain.ai","enterprise_bpo","north"
"9258","both","www.opentrain.ai","opentrain.ai","enterprise_bpo","north"
"9259","both","www.opentrain.ai","opentrain.ai","enterprise_bpo","north"
"9260","both","www.opentrain.ai","opentrain.ai","enterprise_bpo","north"
"9261","both","www.opentrain.ai","opentrain.ai","enterprise_bpo","north"
"9262","both","www.opentrain.ai","opentrain.ai","enterprise_bpo","north"
"9263","both","www.opentrain.ai","opentrain.ai","enterprise_bpo","north"
"9264","both","www.opentrain.ai","opentrain.ai","enterprise_bpo","north"
"9265","both","www.opentrain.ai","opentrain.ai","enterprise_bpo","north"
"9266","both","www.opentrain.ai","opentrain.ai","enterprise_bpo","north"
"9267","both","www.opentrain.ai","opentrain.ai","enterprise_bpo","north"
"9268","both","www.opentrain.ai","opentrain.ai","enterprise_bpo","north"
"9269","both","www.opentrain.ai","opentrain.ai","enterprise_bpo","north"
"9270","both","www.opentrain.ai","opentrain.ai","enterprise_bpo","north"
"9271","both","www.opentrain.ai","opentrain.ai","enterprise_bpo","north"
"9272","both","www.opentrain.ai","opentrain.ai","enterprise_bpo","north"
"9273","both","www.opentrain.ai","opentrain.ai","enterprise_bpo","north"
"9274","both","www.opentrain.ai","opentrain.ai","enterprise_bpo","north"
"9275","both","www.opentrain.ai","opentrain.ai","enterprise_bpo","north"
"9276","both","www.opentrain.ai","opentrain.ai","enterprise_bpo","north"
"9277","both","www.opentrain.ai","opentrain.ai","enterprise_bpo","north"
"9278","both","www.opentrain.ai","opentrain.ai","enterprise_bpo","north"
"9279","both","www.opentrain.ai","opentrain.ai","enterprise_bpo","north"
"9280","both","www.opentrain.ai","opentrain.ai","enterprise_bpo","north"
"9281","both","www.opentrain.ai","opentrain.ai","enterprise_bpo","north"
"9282","both","www.opentrain.ai","opentrain.ai","enterprise_bpo","north"
"9283","both","www.opentrain.ai","opentrain.ai","enterprise_bpo","north"
"9284","both","www.opentrain.ai","opentrain.ai","enterprise_bpo","north"
"9285","both","www.opentrain.ai","opentrain.ai","enterprise_bpo","north"
"9286","both","www.opentrain.ai","opentrain.ai","enterprise_bpo","north"
"9287","both","www.opentrain.ai","opentrain.ai","enterprise_bpo","north"
"9288","both","www.opentrain.ai","opentrain.ai","enterprise_bpo","north"
"9289","both","www.opentrain.ai","opentrain.ai","enterprise_bpo","north"
"9290","both","www.opentrain.ai","opentrain.ai","enterprise_bpo","north"
"9291","both","www.opentrain.ai","opentrain.ai","enterprise_bpo","north"
"9292","both","www.opentrain.ai","opentrain.ai","enterprise_bpo","north"
"9293","both","www.opentrain.ai","opentrain.ai","enterprise_bpo","north"
"9294","both","www.opentrain.ai","opentrain.ai","enterprise_bpo","north"
"9295","both","www.opentrain.ai","opentrain.ai","enterprise_bpo","north"
"9296","both","www.opentrain.ai","opentrain.ai","enterprise_bpo","north"
"9297","both","www.opentrain.ai","opentrain.ai","enterprise_bpo","north"
"9298","both","www.opentrain.ai","opentrain.ai","enterprise_bpo","north"
"9299","both","www.opentrain.ai","opentrain.ai","enterprise_bpo","north"
"9300","both","www.opentrain.ai","opentrain.ai","enterprise_bpo","north"
"9301","both","www.opentrain.ai","opentrain.ai","enterprise_bpo","north"
"9302","both","www.opentrain.ai","opentrain.ai","enterprise_bpo","north"
"9303","both","www.opentrain.ai","opentrain.ai","enterprise_bpo","north"
"9304","both","www.opentrain.ai","opentrain.ai","enterprise_bpo","north"
"9305","both","www.opentrain.ai","opentrain.ai","enterprise_bpo","north"
"9306","both","www.opentrain.ai","opentrain.ai","enterprise_bpo","north"
"9307","both","www.opentrain.ai","opentrain.ai","enterprise_bpo","north"
"9308","both","www.opentrain.ai","opentrain.ai","enterprise_bpo","north"
"9309","both","www.opentrain.ai","opentrain.ai","enterprise_bpo","north"
"9310","both","www.opentrain.ai","opentrain.ai","enterprise_bpo","north"
"9311","both","www.opentrain.ai","opentrain.ai","enterprise_bpo","north"
"9312","both","www.opentrain.ai","opentrain.ai","enterprise_bpo","north"
"9313","both","www.opentrain.ai","opentrain.ai","enterprise_bpo","north"
"9314","both","www.opentrain.ai","opentrain.ai","enterprise_bpo","north"
"9315","both","www.opentrain.ai","opentrain.ai","enterprise_bpo","north"
"9316","both","www.opentrain.ai","opentrain.ai","enterprise_bpo","north"
"9317","both","www.opentrain.ai","opentrain.ai","enterprise_bpo","north"
"9318","both","www.opentrain.ai","opentrain.ai","enterprise_bpo","north"
"9319","both","www.opentrain.ai","opentrain.ai","enterprise_bpo","north"
"9320","both","www.opentrain.ai","opentrain.ai","enterprise_bpo","north"
"9321","both","www.opentrain.ai","opentrain.ai","enterprise_bpo","north"
"9322","both","www.opentrain.ai","opentrain.ai","enterprise_bpo","north"
"9323","both","www.opentrain.ai","opentrain.ai","enterprise_bpo","north"
"9324","both","www.opentrain.ai","opentrain.ai","enterprise_bpo","north"
"9325","both","www.opentrain.ai","opentrain.ai","enterprise_bpo","north"
"9326","both","www.opentrain.ai","opentrain.ai","enterprise_bpo","north"
"9327","both","www.opentrain.ai","opentrain.ai","enterprise_bpo","north"
"9328","both","www.opentrain.ai","opentrain.ai","enterprise_bpo","north"
"9329","both","www.opentrain.ai","opentrain.ai","enterprise_bpo","north"
"9330","both","www.opentrain.ai","opentrain.ai","enterprise_bpo","north"
"9331","both","www.opentrain.ai","opentrain.ai","enterprise_bpo","north"
"9332","both","www.opentrain.ai","opentrain.ai","enterprise_bpo","north"
"9333","both","www.opentrain.ai","opentrain.ai","enterprise_bpo","north"
"9334","both","www.opentrain.ai","opentrain.ai","enterprise_bpo","north"
"9335","both","www.opentrain.ai","opentrain.ai","enterprise_bpo","north"
"9336","both","www.opentrain.ai","opentrain.ai","enterprise_bpo","north"
"9337","both","www.opentrain.ai","opentrain.ai","enterprise_bpo","north"
"9338","both","www.opentrain.ai","opentrain.ai","enterprise_bpo","north"
"9339","both","www.opentrain.ai","opentrain.ai","enterprise_bpo","north"
"9340","both","www.opentrain.ai","opentrain.ai","enterprise_bpo","north"
"9341","both","www.opentrain.ai","opentrain.ai","enterprise_bpo","north"
"9342","both","www.opentrain.ai","opentrain.ai","enterprise_bpo","north"
"9343","both","www.opentrain.ai","opentrain.ai","enterprise_bpo","north"
"9344","both","www.opentrain.ai","opentrain.ai","enterprise_bpo","north"
"9345","both","www.opentrain.ai","opentrain.ai","enterprise_bpo","north"
"9346","both","www.opentrain.ai","opentrain.ai","enterprise_bpo","north"
"9347","both","www.opentrain.ai","opentrain.ai","enterprise_bpo","north"
"9348","both","www.opentrain.ai","opentrain.ai","enterprise_bpo","north"
"9349","both","www.opentrain.ai","opentrain.ai","enterprise_bpo","north"
"9350","both","www.opentrain.ai","opentrain.ai","enterprise_bpo","north"
"9351","both","www.opentrain.ai","opentrain.ai","enterprise_bpo","north"
"9352","both","www.opentrain.ai","opentrain.ai","enterprise_bpo","north"
"9353","both","www.opentrain.ai","opentrain.ai","enterprise_bpo","north"
"9354","both","www.opentrain.ai","opentrain.ai","enterprise_bpo","north"
"9355","both","www.opentrain.ai","opentrain.ai","enterprise_bpo","north"
"9356","both","www.opentrain.ai","opentrain.ai","enterprise_bpo","north"
"9357","both","www.opentrain.ai","opentrain.ai","enterprise_bpo","north"
"9358","both","www.opentrain.ai","opentrain.ai","enterprise_bpo","north"
"9359","both","www.opentrain.ai","opentrain.ai","enterprise_bpo","north"
"9360","both","www.opentrain.ai","opentrain.ai","enterprise_bpo","north"
"9361","both","www.opentrain.ai","opentrain.ai","enterprise_bpo","north"
"9362","both","www.opentrain.ai","opentrain.ai","enterprise_bpo","north"
"9363","both","www.opentrain.ai","opentrain.ai","enterprise_bpo","north"
"9364","both","www.opentrain.ai","opentrain.ai","enterprise_bpo","north"
"9365","both","www.opentrain.ai","opentrain.ai","enterprise_bpo","north"
"9366","both","www.opentrain.ai","opentrain.ai","enterprise_bpo","north"
"9367","both","www.opentrain.ai","opentrain.ai","enterprise_bpo","north"
"9368","both","www.opentrain.ai","opentrain.ai","enterprise_bpo","north"
"9369","both","www.opentrain.ai","opentrain.ai","enterprise_bpo","north"
"9370","both","www.opentrain.ai","opentrain.ai","enterprise_bpo","north"
"9371","both","www.opentrain.ai","opentrain.ai","enterprise_bpo","north"
"9372","both","www.opentrain.ai","opentrain.ai","enterprise_bpo","north"
"9373","both","www.opentrain.ai","opentrain.ai","enterprise_bpo","north"
"9374","both","www.opentrain.ai","opentrain.ai","enterprise_bpo","north"
"9375","both","www.opentrain.ai","opentrain.ai","enterprise_bpo","north"
"9376","both","www.opentrain.ai","opentrain.ai","enterprise_bpo","north"
"9377","both","www.opentrain.ai","opentrain.ai","enterprise_bpo","north"
"9378","both","www.opentrain.ai","opentrain.ai","enterprise_bpo","north"
"9379","both","www.opentrain.ai","opentrain.ai","enterprise_bpo","north"
"9380","both","www.opentrain.ai","opentrain.ai","enterprise_bpo","north"
"9381","both","www.opentrain.ai","opentrain.ai","enterprise_bpo","north"
"9382","both","www.opentrain.ai","opentrain.ai","enterprise_bpo","north"
"9383","both","www.opentrain.ai","opentrain.ai","enterprise_bpo","north"
"9384","both","www.opentrain.ai","opentrain.ai","enterprise_bpo","north"
"9385","both","www.opentrain.ai","opentrain.ai","enterprise_bpo","north"
"9386","both","www.opentrain.ai","opentrain.ai","enterprise_bpo","north"
"9387","both","www.opentrain.ai","opentrain.ai","enterprise_bpo","north"
"9388","both","www.opentrain.ai","opentrain.ai","enterprise_bpo","north"
"9389","both","www.opentrain.ai","opentrain.ai","enterprise_bpo","north"
"9390","both","www.opentrain.ai","opentrain.ai","enterprise_bpo","north"
"9391","both","www.opentrain.ai","opentrain.ai","enterprise_bpo","north"
"9392","both","www.opentrain.ai","opentrain.ai","enterprise_bpo","north"
"9393","both","www.opentrain.ai","opentrain.ai","enterprise_bpo","north"
"9394","both","www.opentrain.ai","opentrain.ai","enterprise_bpo","north"
"9395","both","www.opentrain.ai","opentrain.ai","enterprise_bpo","north"
"9396","both","www.opentrain.ai","opentrain.ai","enterprise_bpo","north"
"9397","both","www.opentrain.ai","opentrain.ai","enterprise_bpo","north"
"9398","both","www.opentrain.ai","opentrain.ai","enterprise_bpo","north"
"9399","both","www.opentrain.ai","opentrain.ai","enterprise_bpo","north"
"9400","both","www.opentrain.ai","opentrain.ai","enterprise_bpo","north"
"9401","both","www.opentrain.ai","opentrain.ai","enterprise_bpo","north"
"9402","both","www.opentrain.ai","opentrain.ai","enterprise_bpo","north"
"9403","both","www.opentrain.ai","opentrain.ai","enterprise_bpo","north"
"9404","both","www.opentrain.ai","opentrain.ai","enterprise_bpo","north"
"9405","both","www.opentrain.ai","opentrain.ai","enterprise_bpo","north"
"9406","both","www.opentrain.ai","opentrain.ai","enterprise_bpo","north"
"9407","both","www.opentrain.ai","opentrain.ai","enterprise_bpo","north"
"9408","both","www.opentrain.ai","opentrain.ai","enterprise_bpo","north"
"9409","both","www.opentrain.ai","opentrain.ai","enterprise_bpo","north"
"9410","both","www.opentrain.ai","opentrain.ai","enterprise_bpo","north"
"9411","both","www.opentrain.ai","opentrain.ai","enterprise_bpo","north"
"9412","both","www.opentrain.ai","opentrain.ai","enterprise_bpo","north"
"9413","both","www.opentrain.ai","opentrain.ai","enterprise_bpo","north"
"9414","both","www.opentrain.ai","opentrain.ai","enterprise_bpo","north"
"9415","both","www.opentrain.ai","opentrain.ai","enterprise_bpo","north"
"9416","both","www.opentrain.ai","opentrain.ai","enterprise_bpo","north"
"9417","both","www.opentrain.ai","opentrain.ai","enterprise_bpo","north"
"9418","both","www.opentrain.ai","opentrain.ai","enterprise_bpo","north"
"9419","both","www.opentrain.ai","opentrain.ai","enterprise_bpo","north"
"9420","both","www.opentrain.ai","opentrain.ai","enterprise_bpo","north"
"9421","both","www.opentrain.ai","opentrain.ai","enterprise_bpo","north"
"9422","both","www.opentrain.ai","opentrain.ai","enterprise_bpo","north"
"9423","both","www.opentrain.ai","opentrain.ai","enterprise_bpo","north"
"9424","both","www.opentrain.ai","opentrain.ai","enterprise_bpo","north"
"9425","both","www.opentrain.ai","opentrain.ai","enterprise_bpo","north"
"9426","both","www.opentrain.ai","opentrain.ai","enterprise_bpo","north"
"9427","both","www.opentrain.ai","opentrain.ai","enterprise_bpo","north"
"9428","both","www.opentrain.ai","opentrain.ai","enterprise_bpo","north"
"9429","both","www.opentrain.ai","opentrain.ai","enterprise_bpo","north"
"9430","both","www.opentrain.ai","opentrain.ai","enterprise_bpo","north"
"9431","both","www.opentrain.ai","opentrain.ai","enterprise_bpo","north"
"9432","both","www.opentrain.ai","opentrain.ai","enterprise_bpo","north"
"9433","both","www.opentrain.ai","opentrain.ai","enterprise_bpo","north"
"9434","both","www.opentrain.ai","opentrain.ai","enterprise_bpo","north"
"9435","both","www.opentrain.ai","opentrain.ai","enterprise_bpo","north"
"9436","both","www.opentrain.ai","opentrain.ai","enterprise_bpo","north"
"9437","both","www.opentrain.ai","opentrain.ai","enterprise_bpo","north"
"9438","both","www.opentrain.ai","opentrain.ai","enterprise_bpo","north"
"9439","both","www.opentrain.ai","opentrain.ai","enterprise_bpo","north"
"9440","both","www.opentrain.ai","opentrain.ai","enterprise_bpo","north"
"9441","both","www.opentrain.ai","opentrain.ai","enterprise_bpo","north"
"9442","both","www.opentrain.ai","opentrain.ai","enterprise_bpo","north"
"9443","both","www.opentrain.ai","opentrain.ai","enterprise_bpo","north"
"9444","both","www.opentrain.ai","opentrain.ai","enterprise_bpo","north"
"9445","both","www.opentrain.ai","opentrain.ai","enterprise_bpo","north"
"9446","both","www.opentrain.ai","opentrain.ai","enterprise_bpo","north"
"9447","both","www.opentrain.ai","opentrain.ai","enterprise_bpo","north"
"9448","both","www.opentrain.ai","opentrain.ai","enterprise_bpo","north"
"9449","both","www.opentrain.ai","opentrain.ai","enterprise_bpo","north"
"9450","both","www.opentrain.ai","opentrain.ai","enterprise_bpo","north"
"9451","both","www.opentrain.ai","opentrain.ai","enterprise_bpo","north"
"9452","both","www.opentrain.ai","opentrain.ai","enterprise_bpo","north"
"9453","both","www.opentrain.ai","opentrain.ai","enterprise_bpo","north"
"9454","both","www.opentrain.ai","opentrain.ai","enterprise_bpo","north"
"9455","both","www.opentrain.ai","opentrain.ai","enterprise_bpo","north"
"9456","both","www.opentrain.ai","opentrain.ai","enterprise_bpo","north"
"9457","both","www.opentrain.ai","opentrain.ai","enterprise_bpo","north"
"9458","both","www.opentrain.ai","opentrain.ai","enterprise_bpo","north"
"9459","both","www.opentrain.ai","opentrain.ai","enterprise_bpo","north"
"9460","both","www.opentrain.ai","opentrain.ai","enterprise_bpo","north"
"9461","both","www.opentrain.ai","opentrain.ai","enterprise_bpo","north"
"9462","both","www.opentrain.ai","opentrain.ai","enterprise_bpo","north"
"9463","both","www.opentrain.ai","opentrain.ai","enterprise_bpo","north"
"9464","both","www.opentrain.ai","opentrain.ai","enterprise_bpo","north"
"9465","both","www.opentrain.ai","opentrain.ai","enterprise_bpo","north"
"9466","both","www.opentrain.ai","opentrain.ai","enterprise_bpo","north"
"9467","both","www.opentrain.ai","opentrain.ai","enterprise_bpo","north"
"9468","both","www.opentrain.ai","opentrain.ai","enterprise_bpo","north"
"9469","both","www.opentrain.ai","opentrain.ai","enterprise_bpo","north"
"9470","both","www.opentrain.ai","opentrain.ai","enterprise_bpo","north"
"9471","both","www.opentrain.ai","opentrain.ai","enterprise_bpo","north"
"9472","both","www.opentrain.ai","opentrain.ai","enterprise_bpo","north"
"9473","both","www.opentrain.ai","opentrain.ai","enterprise_bpo","north"
"9474","both","www.opentrain.ai","opentrain.ai","enterprise_bpo","north"
"9475","both","www.opentrain.ai","opentrain.ai","enterprise_bpo","north"
"9476","both","www.opentrain.ai","opentrain.ai","enterprise_bpo","north"
"9477","both","www.opentrain.ai","opentrain.ai","enterprise_bpo","north"
"9478","both","www.opentrain.ai","opentrain.ai","enterprise_bpo","north"
"9479","both","www.opentrain.ai","opentrain.ai","enterprise_bpo","north"
"9480","both","www.opentrain.ai","opentrain.ai","enterprise_bpo","north"
"9481","both","www.opentrain.ai","opentrain.ai","enterprise_bpo","north"
"9482","both","www.opentrain.ai","opentrain.ai","enterprise_bpo","north"
"9483","both","www.opentrain.ai","opentrain.ai","enterprise_bpo","north"
"9484","both","www.opentrain.ai","opentrain.ai","enterprise_bpo","north"
"9485","both","www.opentrain.ai","opentrain.ai","enterprise_bpo","north"
"9486","both","www.opentrain.ai","opentrain.ai","enterprise_bpo","north"
"9487","both","www.opentrain.ai","opentrain.ai","enterprise_bpo","north"
"9488","both","www.opentrain.ai","opentrain.ai","enterprise_bpo","north"
"9489","both","www.opentrain.ai","opentrain.ai","enterprise_bpo","north"
"9490","both","www.opentrain.ai","opentrain.ai","enterprise_bpo","north"
"9491","both","www.opentrain.ai","opentrain.ai","enterprise_bpo","north"
"9492","both","www.opentrain.ai","opentrain.ai","enterprise_bpo","north"
"9493","both","www.opentrain.ai","opentrain.ai","enterprise_bpo","north"
"9494","both","www.opentrain.ai","opentrain.ai","enterprise_bpo","north"
"9495","both","www.opentrain.ai","opentrain.ai","enterprise_bpo","north"
"9496","both","www.opentrain.ai","opentrain.ai","enterprise_bpo","north"
"9497","both","www.opentrain.ai","opentrain.ai","enterprise_bpo","north"
"9498","both","www.opentrain.ai","opentrain.ai","enterprise_bpo","north"
"9499","both","www.opentrain.ai","opentrain.ai","enterprise_bpo","north"
"9500","both","www.opentrain.ai","opentrain.ai","enterprise_bpo","north"
"9501","both","www.opentrain.ai","opentrain.ai","enterprise_bpo","north"
"9502","both","www.opentrain.ai","opentrain.ai","enterprise_bpo","north"
"9503","both","www.opentrain.ai","opentrain.ai","enterprise_bpo","north"
"9504","both","www.opentrain.ai","opentrain.ai","enterprise_bpo","north"
"9505","both","www.opentrain.ai","opentrain.ai","enterprise_bpo","north"
"9506","both","www.opentrain.ai","opentrain.ai","enterprise_bpo","north"
"9507","both","www.opentrain.ai","opentrain.ai","enterprise_bpo","north"
"9508","both","www.opentrain.ai","opentrain.ai","enterprise_bpo","north"
"9509","both","www.opentrain.ai","opentrain.ai","enterprise_bpo","north"
"9510","both","www.opentrain.ai","opentrain.ai","enterprise_bpo","north"
"9511","both","www.opentrain.ai","opentrain.ai","enterprise_bpo","north"
"9512","both","www.opentrain.ai","opentrain.ai","enterprise_bpo","north"
"9513","both","www.opentrain.ai","opentrain.ai","enterprise_bpo","north"
"9514","both","www.opentrain.ai","opentrain.ai","enterprise_bpo","north"
"9515","both","www.opentrain.ai","opentrain.ai","enterprise_bpo","north"
"9516","both","www.opentrain.ai","opentrain.ai","enterprise_bpo","north"
"9517","both","www.opentrain.ai","opentrain.ai","enterprise_bpo","north"
"9518","both","www.opentrain.ai","opentrain.ai","enterprise_bpo","north"
"9519","both","www.opentrain.ai","opentrain.ai","enterprise_bpo","north"
"9520","both","www.opentrain.ai","opentrain.ai","enterprise_bpo","north"
"9521","both","www.opentrain.ai","opentrain.ai","enterprise_bpo","north"
"9522","both","www.opentrain.ai","opentrain.ai","enterprise_bpo","north"
"9523","both","www.opentrain.ai","opentrain.ai","enterprise_bpo","north"
"9524","both","www.opentrain.ai","opentrain.ai","enterprise_bpo","north"
"9525","both","www.opentrain.ai","opentrain.ai","enterprise_bpo","north"
"9526","both","www.opentrain.ai","opentrain.ai","enterprise_bpo","north"
"9527","both","www.opentrain.ai","opentrain.ai","enterprise_bpo","north"
"9528","both","www.opentrain.ai","opentrain.ai","enterprise_bpo","north"
"9529","both","www.opentrain.ai","opentrain.ai","enterprise_bpo","north"
"9530","both","www.opentrain.ai","opentrain.ai","enterprise_bpo","north"
"9531","both","www.opentrain.ai","opentrain.ai","enterprise_bpo","north"
"9532","both","www.opentrain.ai","opentrain.ai","enterprise_bpo","north"
"9533","both","www.opentrain.ai","opentrain.ai","enterprise_bpo","north"
"9534","both","www.opentrain.ai","opentrain.ai","enterprise_bpo","north"
"9535","both","www.opentrain.ai","opentrain.ai","enterprise_bpo","north"
"9536","worker","remoter.me","remoter.me","crowd_market","north"
"9537","worker","remoter.me","remoter.me","crowd_market","north"
"9538","worker","remoter.me","remoter.me","crowd_market","north"
"9539","worker","remoter.me","remoter.me","crowd_market","north"
"9540","worker","remoter.me","remoter.me","crowd_market","north"
"9541","worker","remoter.me","remoter.me","crowd_market","north"
"9542","worker","remoter.me","remoter.me","crowd_market","north"
"9543","worker","remoter.me","remoter.me","crowd_market","north"
"9545","client","www.centific.com","centific","enterprise_bpo","north"
"9546","client","www.centific.com","centific","enterprise_bpo","north"
"9547","client","www.centific.com","centific","enterprise_bpo","north"
"9553","client","www.centific.com","centific","enterprise_bpo","north"
"9555","client","www.centific.com","centific","enterprise_bpo","north"
"9556","client","www.centific.com","centific","enterprise_bpo","north"
"9557","client","www.centific.com","centific","enterprise_bpo","north"
"9559","client","www.centific.com","centific","enterprise_bpo","north"
"9560","client","www.centific.com","centific","enterprise_bpo","north"
"9561","client","www.centific.com","centific","enterprise_bpo","north"
"9562","client","www.centific.com","centific","enterprise_bpo","north"
"9563","client","www.centific.com","centific","enterprise_bpo","north"
"9564","client","www.centific.com","centific","enterprise_bpo","north"
"9565","client","www.centific.com","centific","enterprise_bpo","north"
"9566","client","www.centific.com","centific","enterprise_bpo","north"
"9568","client","www.centific.com","centific","enterprise_bpo","north"
"9569","client","www.centific.com","centific","enterprise_bpo","north"
"9570","client","www.centific.com","centific","enterprise_bpo","north"
"9573","client","www.centific.com","centific","enterprise_bpo","north"
"9576","client","www.centific.com","centific","enterprise_bpo","north"
"9577","client","www.centific.com","centific","enterprise_bpo","north"
"9580","client","www.centific.com","centific","enterprise_bpo","north"
"9582","client","www.centific.com","centific","enterprise_bpo","north"
"9583","client","www.centific.com","centific","enterprise_bpo","north"
"9585","client","www.centific.com","centific","enterprise_bpo","north"
"9587","client","www.centific.com","centific","enterprise_bpo","north"
"9588","client","www.centific.com","centific","enterprise_bpo","north"
"9589","client","www.centific.com","centific","enterprise_bpo","north"
"9593","client","www.centific.com","centific","enterprise_bpo","north"
"9594","client","www.centific.com","centific","enterprise_bpo","north"
"9595","client","www.centific.com","centific","enterprise_bpo","north"
"9604","client","www.centific.com","centific","enterprise_bpo","north"
"9607","client","www.centific.com","centific","enterprise_bpo","north"
"9608","client","www.centific.com","centific","enterprise_bpo","north"
"9609","client","www.centific.com","centific","enterprise_bpo","north"
"9620","client","www.centific.com","centific","enterprise_bpo","north"
"9627","client","www.centific.com","centific","enterprise_bpo","north"
"9630","client","www.centific.com","centific","enterprise_bpo","north"
"9652","client","www.centific.com","centific","enterprise_bpo","north"
"9747","client","www.centific.com","centific","enterprise_bpo","north"
"9753","client","www.centific.com","centific","enterprise_bpo","north"
"9754","client","www.centific.com","centific","enterprise_bpo","north"
"9755","client","www.centific.com","centific","enterprise_bpo","north"
"9756","client","www.centific.com","centific","enterprise_bpo","north"
"9757","client","www.centific.com","centific","enterprise_bpo","north"
"9758","client","www.centific.com","centific","enterprise_bpo","north"
"9759","client","www.centific.com","centific","enterprise_bpo","north"
"9760","client","www.centific.com","centific","enterprise_bpo","north"
"9761","client","www.centific.com","centific","enterprise_bpo","north"
"9762","client","www.centific.com","centific","enterprise_bpo","north"
"9765","client","labelbox.com","labelbox","enterprise_bpo","north"
"9766","client","labelbox.com","labelbox","enterprise_bpo","north"
"9767","client","labelbox.com","labelbox","enterprise_bpo","north"
"9769","client","labelbox.com","labelbox","enterprise_bpo","north"
"9770","client","labelbox.com","labelbox","enterprise_bpo","north"
"9771","client","labelbox.com","labelbox","enterprise_bpo","north"
"9772","client","labelbox.com","labelbox","enterprise_bpo","north"
"9773","client","labelbox.com","labelbox","enterprise_bpo","north"
"9774","client","labelbox.com","labelbox","enterprise_bpo","north"
"9775","client","labelbox.com","labelbox","enterprise_bpo","north"
"9776","client","labelbox.com","labelbox","enterprise_bpo","north"
"9777","client","labelbox.com","labelbox","enterprise_bpo","north"
"9778","client","labelbox.com","labelbox","enterprise_bpo","north"
"9779","client","labelbox.com","labelbox","enterprise_bpo","north"
"9780","client","labelbox.com","labelbox","enterprise_bpo","north"
"9781","client","labelbox.com","labelbox","enterprise_bpo","north"
"9782","client","labelbox.com","labelbox","enterprise_bpo","north"
"9783","client","labelbox.com","labelbox","enterprise_bpo","north"
"9784","client","labelbox.com","labelbox","enterprise_bpo","north"
"9785","client","labelbox.com","labelbox","enterprise_bpo","north"
"9786","client","labelbox.com","labelbox","enterprise_bpo","north"
"9787","client","labelbox.com","labelbox","enterprise_bpo","north"
"9788","client","labelbox.com","labelbox","enterprise_bpo","north"
"9789","client","labelbox.com","labelbox","enterprise_bpo","north"
"9790","client","labelbox.com","labelbox","enterprise_bpo","north"
"9791","client","labelbox.com","labelbox","enterprise_bpo","north"
"9792","client","labelbox.com","labelbox","enterprise_bpo","north"
"9793","client","labelbox.com","labelbox","enterprise_bpo","north"
"9794","client","labelbox.com","labelbox","enterprise_bpo","north"
"9795","client","labelbox.com","labelbox","enterprise_bpo","north"
"9796","client","labelbox.com","labelbox","enterprise_bpo","north"
"9797","client","labelbox.com","labelbox","enterprise_bpo","north"
"9798","client","labelbox.com","labelbox","enterprise_bpo","north"
"9799","client","labelbox.com","labelbox","enterprise_bpo","north"
"9800","client","labelbox.com","labelbox","enterprise_bpo","north"
"9802","client","labelbox.com","labelbox","enterprise_bpo","north"
"9803","client","labelbox.com","labelbox","enterprise_bpo","north"
"9804","client","labelbox.com","labelbox","enterprise_bpo","north"
"9805","client","labelbox.com","labelbox","enterprise_bpo","north"
"9806","client","labelbox.com","labelbox","enterprise_bpo","north"
"9807","client","labelbox.com","labelbox","enterprise_bpo","north"
"9808","client","labelbox.com","labelbox","enterprise_bpo","north"
"9809","client","labelbox.com","labelbox","enterprise_bpo","north"
"9810","client","labelbox.com","labelbox","enterprise_bpo","north"
"9811","client","labelbox.com","labelbox","enterprise_bpo","north"
"9812","client","labelbox.com","labelbox","enterprise_bpo","north"
"9813","client","labelbox.com","labelbox","enterprise_bpo","north"
"9814","client","keymakr.com","keymakr.com","enterprise_bpo","north"
"9845","client","keymakr.com","keymakr.com","enterprise_bpo","north"
