2026-02-23 15:45:34 - scraper.crowdgen.com - INFO - Starting scrape of CrowdGen
2026-02-23 15:45:35 - scraper.crowdgen.com - WARNING - No sitemap found, scraping only base URL
2026-02-23 15:45:36 - scraper.crowdgen.com - INFO - Starting scrape: https://crowdgen.com/
2026-02-23 15:45:42 - scraper.crowdgen.com - INFO - ✓ VALIDATION PASSED: https://crowdgen.com/: All validations passed
2026-02-23 15:45:42 - scraper.crowdgen.com - INFO - ✓ SUCCESS: https://crowdgen.com/ | Status: 200 | Size: 383714 bytes
2026-02-27 17:21:40 - scraper.crowdgen.com - INFO - Starting scrape of CrowdGen
2026-02-27 17:21:40 - scraper.crowdgen.com - WARNING - No sitemap found, scraping only base URL
2026-02-27 17:39:13 - scraper.crowdgen.com - INFO - Starting scrape of CrowdGen
2026-02-27 17:39:14 - scraper.crowdgen.com - INFO - Starting scrape: https://crowdgen.com/aristotle-chemistry-en-au
2026-02-27 17:39:35 - scraper.crowdgen.com - INFO - ✓ VALIDATION PASSED: https://crowdgen.com/aristotle-chemistry-en-au: All validations passed
2026-02-27 17:39:35 - scraper.crowdgen.com - INFO - ✓ SUCCESS: https://crowdgen.com/aristotle-chemistry-en-au | Status: 403 | Size: 1165 bytes
2026-02-27 17:39:36 - scraper.crowdgen.com - INFO - Starting scrape: https://crowdgen.com/aristotle-history-en-ca
2026-02-27 17:39:56 - scraper.crowdgen.com - INFO - ✓ VALIDATION PASSED: https://crowdgen.com/aristotle-history-en-ca: All validations passed
2026-02-27 17:39:56 - scraper.crowdgen.com - INFO - ✓ SUCCESS: https://crowdgen.com/aristotle-history-en-ca | Status: 429 | Size: 1165 bytes
2026-02-27 17:39:56 - scraper.crowdgen.com - INFO - Starting scrape: https://crowdgen.com/uhrs
2026-02-27 17:40:17 - scraper.crowdgen.com - INFO - ✓ VALIDATION PASSED: https://crowdgen.com/uhrs: All validations passed
2026-02-27 17:40:17 - scraper.crowdgen.com - INFO - ✓ SUCCESS: https://crowdgen.com/uhrs | Status: 200 | Size: 629464 bytes
2026-02-27 17:40:17 - scraper.crowdgen.com - INFO - Starting scrape: https://crowdgen.com/fireweed-original
2026-02-27 17:40:23 - scraper.crowdgen.com - INFO - ✓ VALIDATION PASSED: https://crowdgen.com/fireweed-original: All validations passed
2026-02-27 17:40:23 - scraper.crowdgen.com - INFO - ✓ SUCCESS: https://crowdgen.com/fireweed-original | Status: 200 | Size: 603759 bytes
2026-02-27 17:40:23 - scraper.crowdgen.com - INFO - Starting scrape: https://crowdgen.com/jigglypuff-cs-cz
2026-02-27 17:40:43 - scraper.crowdgen.com - INFO - ✓ VALIDATION PASSED: https://crowdgen.com/jigglypuff-cs-cz: All validations passed
2026-02-27 17:40:43 - scraper.crowdgen.com - INFO - ✓ SUCCESS: https://crowdgen.com/jigglypuff-cs-cz | Status: 429 | Size: 1165 bytes
2026-02-27 17:40:43 - scraper.crowdgen.com - INFO - Starting scrape: https://crowdgen.com/voice-collection-kurmanji
2026-02-27 17:41:02 - scraper.crowdgen.com - INFO - ✓ VALIDATION PASSED: https://crowdgen.com/voice-collection-kurmanji: All validations passed
2026-02-27 17:41:02 - scraper.crowdgen.com - INFO - ✓ SUCCESS: https://crowdgen.com/voice-collection-kurmanji | Status: 429 | Size: 1165 bytes
2026-02-27 17:41:02 - scraper.crowdgen.com - INFO - Starting scrape: https://crowdgen.com/docs/account-faq/account-deletion-email-unsubscribe/how-do-i-delete-my-crowdgen-account
2026-02-27 17:41:23 - scraper.crowdgen.com - INFO - ✓ VALIDATION PASSED: https://crowdgen.com/docs/account-faq/account-deletion-email-unsubscribe/how-do-i-delete-my-crowdgen-account: All validations passed
2026-02-27 17:41:23 - scraper.crowdgen.com - INFO - ✓ SUCCESS: https://crowdgen.com/docs/account-faq/account-deletion-email-unsubscribe/how-do-i-delete-my-crowdgen-account | Status: 429 | Size: 1165 bytes
2026-02-27 17:41:23 - scraper.crowdgen.com - INFO - Starting scrape: https://crowdgen.com/mint-italy-chemistry-a
2026-02-27 17:41:44 - scraper.crowdgen.com - INFO - ✓ VALIDATION PASSED: https://crowdgen.com/mint-italy-chemistry-a: All validations passed
2026-02-27 17:41:44 - scraper.crowdgen.com - INFO - ✓ SUCCESS: https://crowdgen.com/mint-italy-chemistry-a | Status: 429 | Size: 1165 bytes
2026-02-27 17:41:44 - scraper.crowdgen.com - INFO - Starting scrape: https://crowdgen.com/a11956-vi-sg
2026-02-27 17:42:03 - scraper.crowdgen.com - INFO - ✓ VALIDATION PASSED: https://crowdgen.com/a11956-vi-sg: All validations passed
2026-02-27 17:42:03 - scraper.crowdgen.com - INFO - ✓ SUCCESS: https://crowdgen.com/a11956-vi-sg | Status: 429 | Size: 1165 bytes
2026-02-27 17:42:03 - scraper.crowdgen.com - INFO - Starting scrape: https://crowdgen.com/mint-german-biology-a
2026-02-27 17:42:23 - scraper.crowdgen.com - INFO - ✓ VALIDATION PASSED: https://crowdgen.com/mint-german-biology-a: All validations passed
2026-02-27 17:42:23 - scraper.crowdgen.com - INFO - ✓ SUCCESS: https://crowdgen.com/mint-german-biology-a | Status: 429 | Size: 1165 bytes
2026-02-27 17:42:23 - scraper.crowdgen.com - INFO - Starting scrape: https://crowdgen.com/a11956-vi-fr
2026-02-27 17:42:43 - scraper.crowdgen.com - INFO - ✓ VALIDATION PASSED: https://crowdgen.com/a11956-vi-fr: All validations passed
2026-02-27 17:42:43 - scraper.crowdgen.com - INFO - ✓ SUCCESS: https://crowdgen.com/a11956-vi-fr | Status: 429 | Size: 1165 bytes
2026-02-27 17:42:43 - scraper.crowdgen.com - INFO - Starting scrape: https://crowdgen.com/fireweed-ja-jp
2026-02-27 17:43:03 - scraper.crowdgen.com - INFO - ✓ VALIDATION PASSED: https://crowdgen.com/fireweed-ja-jp: All validations passed
2026-02-27 17:43:03 - scraper.crowdgen.com - INFO - ✓ SUCCESS: https://crowdgen.com/fireweed-ja-jp | Status: 429 | Size: 1165 bytes
2026-02-27 17:43:03 - scraper.crowdgen.com - INFO - Starting scrape: https://crowdgen.com/frappe-en-ca
2026-02-27 17:43:23 - scraper.crowdgen.com - INFO - ✓ VALIDATION PASSED: https://crowdgen.com/frappe-en-ca: All validations passed
2026-02-27 17:43:23 - scraper.crowdgen.com - INFO - ✓ SUCCESS: https://crowdgen.com/frappe-en-ca | Status: 429 | Size: 1165 bytes
2026-02-27 17:43:23 - scraper.crowdgen.com - INFO - Starting scrape: https://crowdgen.com/aristotle-biology-english-push
2026-02-27 17:43:42 - scraper.crowdgen.com - INFO - ✓ VALIDATION PASSED: https://crowdgen.com/aristotle-biology-english-push: All validations passed
2026-02-27 17:43:42 - scraper.crowdgen.com - INFO - ✓ SUCCESS: https://crowdgen.com/aristotle-biology-english-push | Status: 429 | Size: 1165 bytes
2026-02-27 17:43:42 - scraper.crowdgen.com - INFO - Starting scrape: https://crowdgen.com/aristoxenus-mathematics-hi-in
2026-02-27 17:43:52 - scraper.crowdgen.com - WARNING - Scraping interrupted by user
2026-02-27 17:43:52 - scraper.crowdgen.com - WARNING - Scraping interrupted by user
2026-02-27 17:51:01 - scraper.crowdgen.com - INFO - Starting scrape of CrowdGen
2026-02-27 17:51:02 - scraper.crowdgen.com - INFO - Starting scrape: https://crowdgen.com
2026-02-27 17:51:08 - scraper.crowdgen.com - INFO - ✓ VALIDATION PASSED: https://crowdgen.com: All validations passed
2026-02-27 17:51:08 - scraper.crowdgen.com - INFO - ✓ SUCCESS: https://crowdgen.com | Status: 403 | Size: 382811 bytes
2026-02-27 17:51:08 - scraper.crowdgen.com - INFO - Starting scrape: https://crowdgen.com/fireweed-ru-kg-push
2026-02-27 17:51:09 - scraper.crowdgen.com - WARNING - 429 on https://crowdgen.com/fireweed-ru-kg-push — waiting 30s before retry
2026-02-27 17:51:47 - scraper.crowdgen.com - INFO - ✓ VALIDATION PASSED: https://crowdgen.com/fireweed-ru-kg-push: All validations passed
2026-02-27 17:51:47 - scraper.crowdgen.com - INFO - ✓ SUCCESS: https://crowdgen.com/fireweed-ru-kg-push | Status: 200 | Size: 615001 bytes
2026-02-27 17:51:47 - scraper.crowdgen.com - INFO - Starting scrape: https://crowdgen.com/pro-mathematics-oldman
2026-02-27 17:51:47 - scraper.crowdgen.com - WARNING - 429 on https://crowdgen.com/pro-mathematics-oldman — waiting 30s before retry
2026-02-27 17:52:18 - scraper.crowdgen.com - WARNING - 429 on https://crowdgen.com/pro-mathematics-oldman — waiting 60s before retry
2026-02-27 17:53:23 - scraper.crowdgen.com - INFO - ✓ VALIDATION PASSED: https://crowdgen.com/pro-mathematics-oldman: All validations passed
2026-02-27 17:53:23 - scraper.crowdgen.com - INFO - ✓ SUCCESS: https://crowdgen.com/pro-mathematics-oldman | Status: 200 | Size: 533284 bytes
2026-02-27 17:53:23 - scraper.crowdgen.com - INFO - Starting scrape: https://crowdgen.com/babel-is-is-push
2026-02-27 17:53:24 - scraper.crowdgen.com - WARNING - 429 on https://crowdgen.com/babel-is-is-push — waiting 30s before retry
2026-02-27 17:53:59 - scraper.crowdgen.com - INFO - ✓ VALIDATION PASSED: https://crowdgen.com/babel-is-is-push: All validations passed
2026-02-27 17:53:59 - scraper.crowdgen.com - INFO - ✓ SUCCESS: https://crowdgen.com/babel-is-is-push | Status: 200 | Size: 602253 bytes
2026-02-27 17:54:00 - scraper.crowdgen.com - INFO - Starting scrape: https://crowdgen.com/pro-mathematics
2026-02-27 17:54:01 - scraper.crowdgen.com - WARNING - 429 on https://crowdgen.com/pro-mathematics — waiting 30s before retry
2026-02-27 17:54:37 - scraper.crowdgen.com - INFO - ✓ VALIDATION PASSED: https://crowdgen.com/pro-mathematics: All validations passed
2026-02-27 17:54:37 - scraper.crowdgen.com - INFO - ✓ SUCCESS: https://crowdgen.com/pro-mathematics | Status: 200 | Size: 527589 bytes
2026-02-27 17:54:37 - scraper.crowdgen.com - INFO - Starting scrape: https://crowdgen.com/docs/general-onboarding/getting-started/crowdgen-slack-code-of-conduct-terms-of-use
2026-02-27 17:54:41 - scraper.crowdgen.com - INFO - ✓ VALIDATION PASSED: https://crowdgen.com/docs/general-onboarding/getting-started/crowdgen-slack-code-of-conduct-terms-of-use: All validations passed
2026-02-27 17:54:41 - scraper.crowdgen.com - INFO - ✓ SUCCESS: https://crowdgen.com/docs/general-onboarding/getting-started/crowdgen-slack-code-of-conduct-terms-of-use | Status: 200 | Size: 218009 bytes
2026-02-27 17:54:42 - scraper.crowdgen.com - INFO - Starting scrape: https://crowdgen.com/aristotle-general-push
2026-02-27 17:54:47 - scraper.crowdgen.com - INFO - ✓ VALIDATION PASSED: https://crowdgen.com/aristotle-general-push: All validations passed
2026-02-27 17:54:47 - scraper.crowdgen.com - INFO - ✓ SUCCESS: https://crowdgen.com/aristotle-general-push | Status: 200 | Size: 604888 bytes
2026-02-27 17:54:47 - scraper.crowdgen.com - INFO - Starting scrape: https://crowdgen.com/babel-french-push
2026-02-27 17:54:48 - scraper.crowdgen.com - WARNING - 429 on https://crowdgen.com/babel-french-push — waiting 30s before retry
2026-02-27 17:55:24 - scraper.crowdgen.com - INFO - ✓ VALIDATION PASSED: https://crowdgen.com/babel-french-push: All validations passed
2026-02-27 17:55:24 - scraper.crowdgen.com - INFO - ✓ SUCCESS: https://crowdgen.com/babel-french-push | Status: 200 | Size: 601937 bytes
2026-02-27 17:55:24 - scraper.crowdgen.com - INFO - Starting scrape: https://crowdgen.com/fireweed-javanese-remote-push
2026-02-27 17:55:25 - scraper.crowdgen.com - WARNING - 429 on https://crowdgen.com/fireweed-javanese-remote-push — waiting 30s before retry
2026-02-27 17:55:55 - scraper.crowdgen.com - WARNING - 429 on https://crowdgen.com/fireweed-javanese-remote-push — waiting 60s before retry
2026-02-27 17:57:02 - scraper.crowdgen.com - INFO - ✓ VALIDATION PASSED: https://crowdgen.com/fireweed-javanese-remote-push: All validations passed
2026-02-27 17:57:02 - scraper.crowdgen.com - INFO - ✓ SUCCESS: https://crowdgen.com/fireweed-javanese-remote-push | Status: 200 | Size: 617024 bytes
2026-02-27 17:57:03 - scraper.crowdgen.com - INFO - Starting scrape: https://crowdgen.com/jigglypuff-ro-ro
2026-02-27 17:57:03 - scraper.crowdgen.com - WARNING - 429 on https://crowdgen.com/jigglypuff-ro-ro — waiting 30s before retry
2026-02-27 17:57:40 - scraper.crowdgen.com - INFO - ✓ VALIDATION PASSED: https://crowdgen.com/jigglypuff-ro-ro: All validations passed
2026-02-27 17:57:40 - scraper.crowdgen.com - INFO - ✓ SUCCESS: https://crowdgen.com/jigglypuff-ro-ro | Status: 200 | Size: 623108 bytes
2026-02-27 17:57:40 - scraper.crowdgen.com - INFO - Starting scrape: https://crowdgen.com/a12735-km-kh-en
2026-02-27 17:57:41 - scraper.crowdgen.com - WARNING - 429 on https://crowdgen.com/a12735-km-kh-en — waiting 30s before retry
2026-02-27 17:58:17 - scraper.crowdgen.com - INFO - ✓ VALIDATION PASSED: https://crowdgen.com/a12735-km-kh-en: All validations passed
2026-02-27 17:58:17 - scraper.crowdgen.com - INFO - ✓ SUCCESS: https://crowdgen.com/a12735-km-kh-en | Status: 200 | Size: 623031 bytes
2026-02-27 17:58:17 - scraper.crowdgen.com - INFO - Starting scrape: https://crowdgen.com/heather-hi-in
2026-02-27 17:58:18 - scraper.crowdgen.com - WARNING - 429 on https://crowdgen.com/heather-hi-in — waiting 30s before retry
2026-02-27 17:58:54 - scraper.crowdgen.com - INFO - ✓ VALIDATION PASSED: https://crowdgen.com/heather-hi-in: All validations passed
2026-02-27 17:58:54 - scraper.crowdgen.com - INFO - ✓ SUCCESS: https://crowdgen.com/heather-hi-in | Status: 200 | Size: 602371 bytes
2026-02-27 17:58:54 - scraper.crowdgen.com - INFO - Starting scrape: https://crowdgen.com/fireweed-nepali-remote-push
2026-02-27 17:58:55 - scraper.crowdgen.com - WARNING - 429 on https://crowdgen.com/fireweed-nepali-remote-push — waiting 30s before retry
2026-02-27 17:59:35 - scraper.crowdgen.com - INFO - ✓ VALIDATION PASSED: https://crowdgen.com/fireweed-nepali-remote-push: All validations passed
2026-02-27 17:59:35 - scraper.crowdgen.com - INFO - ✓ SUCCESS: https://crowdgen.com/fireweed-nepali-remote-push | Status: 200 | Size: 681695 bytes
2026-02-27 17:59:35 - scraper.crowdgen.com - INFO - Starting scrape: https://crowdgen.com/aristotle-legal-english
2026-02-27 17:59:43 - scraper.crowdgen.com - INFO - ✓ VALIDATION PASSED: https://crowdgen.com/aristotle-legal-english: All validations passed
2026-02-27 17:59:43 - scraper.crowdgen.com - INFO - ✓ SUCCESS: https://crowdgen.com/aristotle-legal-english | Status: 200 | Size: 629888 bytes
2026-02-27 17:59:43 - scraper.crowdgen.com - INFO - Starting scrape: https://crowdgen.com/jigglypuff-es-mx
2026-02-27 17:59:48 - scraper.crowdgen.com - INFO - ✓ VALIDATION PASSED: https://crowdgen.com/jigglypuff-es-mx: All validations passed
2026-02-27 17:59:48 - scraper.crowdgen.com - INFO - ✓ SUCCESS: https://crowdgen.com/jigglypuff-es-mx | Status: 200 | Size: 611146 bytes
2026-02-27 17:59:48 - scraper.crowdgen.com - INFO - Starting scrape: https://crowdgen.com/hyperion-birmingham-polish
2026-02-27 17:59:49 - scraper.crowdgen.com - WARNING - 429 on https://crowdgen.com/hyperion-birmingham-polish — waiting 30s before retry
2026-02-27 18:00:27 - scraper.crowdgen.com - INFO - ✓ VALIDATION PASSED: https://crowdgen.com/hyperion-birmingham-polish: All validations passed
2026-02-27 18:00:27 - scraper.crowdgen.com - INFO - ✓ SUCCESS: https://crowdgen.com/hyperion-birmingham-polish | Status: 200 | Size: 614440 bytes
2026-02-27 18:00:27 - scraper.crowdgen.com - INFO - Starting scrape: https://crowdgen.com/voice-collection-luganda-push
2026-02-27 18:00:28 - scraper.crowdgen.com - WARNING - 429 on https://crowdgen.com/voice-collection-luganda-push — waiting 30s before retry
2026-02-27 18:01:04 - scraper.crowdgen.com - INFO - ✓ VALIDATION PASSED: https://crowdgen.com/voice-collection-luganda-push: All validations passed
2026-02-27 18:01:04 - scraper.crowdgen.com - INFO - ✓ SUCCESS: https://crowdgen.com/voice-collection-luganda-push | Status: 200 | Size: 608959 bytes
2026-02-27 18:01:04 - scraper.crowdgen.com - INFO - Starting scrape: https://crowdgen.com/aristotle-history-en-au
2026-02-27 18:01:05 - scraper.crowdgen.com - WARNING - 429 on https://crowdgen.com/aristotle-history-en-au — waiting 30s before retry
2026-02-27 18:01:40 - scraper.crowdgen.com - INFO - ✓ VALIDATION PASSED: https://crowdgen.com/aristotle-history-en-au: All validations passed
2026-02-27 18:01:40 - scraper.crowdgen.com - INFO - ✓ SUCCESS: https://crowdgen.com/aristotle-history-en-au | Status: 200 | Size: 613791 bytes
2026-02-27 18:01:40 - scraper.crowdgen.com - INFO - Starting scrape: https://crowdgen.com/frappe-en-us
2026-02-27 18:01:45 - scraper.crowdgen.com - INFO - ✓ VALIDATION PASSED: https://crowdgen.com/frappe-en-us: All validations passed
2026-02-27 18:01:45 - scraper.crowdgen.com - INFO - ✓ SUCCESS: https://crowdgen.com/frappe-en-us | Status: 200 | Size: 621984 bytes
2026-02-27 18:01:45 - scraper.crowdgen.com - INFO - Starting scrape: https://crowdgen.com/babel-lv-lv-push
2026-02-27 18:01:46 - scraper.crowdgen.com - WARNING - 429 on https://crowdgen.com/babel-lv-lv-push — waiting 30s before retry
2026-02-27 18:02:23 - scraper.crowdgen.com - INFO - ✓ VALIDATION PASSED: https://crowdgen.com/babel-lv-lv-push: All validations passed
2026-02-27 18:02:23 - scraper.crowdgen.com - INFO - ✓ SUCCESS: https://crowdgen.com/babel-lv-lv-push | Status: 200 | Size: 602101 bytes
2026-02-27 18:02:23 - scraper.crowdgen.com - INFO - Starting scrape: https://crowdgen.com/babel-lv-lv
2026-02-27 18:02:24 - scraper.crowdgen.com - WARNING - 429 on https://crowdgen.com/babel-lv-lv — waiting 30s before retry
2026-02-27 18:03:00 - scraper.crowdgen.com - INFO - ✓ VALIDATION PASSED: https://crowdgen.com/babel-lv-lv: All validations passed
2026-02-27 18:03:00 - scraper.crowdgen.com - INFO - ✓ SUCCESS: https://crowdgen.com/babel-lv-lv | Status: 200 | Size: 601798 bytes
2026-02-27 18:03:00 - scraper.crowdgen.com - INFO - Starting scrape: https://crowdgen.com/aristotle-history-en-ca
2026-02-27 18:03:06 - scraper.crowdgen.com - INFO - ✓ VALIDATION PASSED: https://crowdgen.com/aristotle-history-en-ca: All validations passed
2026-02-27 18:03:06 - scraper.crowdgen.com - INFO - ✓ SUCCESS: https://crowdgen.com/aristotle-history-en-ca | Status: 200 | Size: 613695 bytes
2026-02-27 18:03:06 - scraper.crowdgen.com - INFO - Starting scrape: https://crowdgen.com/fireweed-khmer-remote
2026-02-27 18:03:07 - scraper.crowdgen.com - WARNING - 429 on https://crowdgen.com/fireweed-khmer-remote — waiting 30s before retry
2026-02-27 18:03:45 - scraper.crowdgen.com - INFO - ✓ VALIDATION PASSED: https://crowdgen.com/fireweed-khmer-remote: All validations passed
2026-02-27 18:03:45 - scraper.crowdgen.com - INFO - ✓ SUCCESS: https://crowdgen.com/fireweed-khmer-remote | Status: 200 | Size: 654127 bytes
2026-02-27 18:03:45 - scraper.crowdgen.com - INFO - Starting scrape: https://crowdgen.com/mavena-hebrew-english
2026-02-27 18:03:45 - scraper.crowdgen.com - WARNING - 429 on https://crowdgen.com/mavena-hebrew-english — waiting 30s before retry
2026-02-27 18:04:22 - scraper.crowdgen.com - INFO - ✓ VALIDATION PASSED: https://crowdgen.com/mavena-hebrew-english: All validations passed
2026-02-27 18:04:22 - scraper.crowdgen.com - INFO - ✓ SUCCESS: https://crowdgen.com/mavena-hebrew-english | Status: 200 | Size: 622274 bytes
2026-02-27 18:04:23 - scraper.crowdgen.com - INFO - Starting scrape: https://crowdgen.com/mint-chemistry-b
2026-02-27 18:04:23 - scraper.crowdgen.com - WARNING - 429 on https://crowdgen.com/mint-chemistry-b — waiting 30s before retry
2026-02-27 18:05:00 - scraper.crowdgen.com - INFO - ✓ VALIDATION PASSED: https://crowdgen.com/mint-chemistry-b: All validations passed
2026-02-27 18:05:00 - scraper.crowdgen.com - INFO - ✓ SUCCESS: https://crowdgen.com/mint-chemistry-b | Status: 200 | Size: 613619 bytes
2026-02-27 18:05:00 - scraper.crowdgen.com - INFO - Starting scrape: https://crowdgen.com/aristotle-games-english
2026-02-27 18:05:01 - scraper.crowdgen.com - WARNING - 429 on https://crowdgen.com/aristotle-games-english — waiting 30s before retry
2026-02-27 18:05:39 - scraper.crowdgen.com - INFO - ✓ VALIDATION PASSED: https://crowdgen.com/aristotle-games-english: All validations passed
2026-02-27 18:05:39 - scraper.crowdgen.com - INFO - ✓ SUCCESS: https://crowdgen.com/aristotle-games-english | Status: 200 | Size: 614720 bytes
2026-02-27 18:05:40 - scraper.crowdgen.com - INFO - Starting scrape: https://crowdgen.com/aristoxenus-biology-hi-in-push
2026-02-27 18:05:40 - scraper.crowdgen.com - WARNING - 429 on https://crowdgen.com/aristoxenus-biology-hi-in-push — waiting 30s before retry
2026-02-27 18:06:17 - scraper.crowdgen.com - INFO - ✓ VALIDATION PASSED: https://crowdgen.com/aristoxenus-biology-hi-in-push: All validations passed
2026-02-27 18:06:17 - scraper.crowdgen.com - INFO - ✓ SUCCESS: https://crowdgen.com/aristoxenus-biology-hi-in-push | Status: 200 | Size: 632453 bytes
2026-02-27 18:06:18 - scraper.crowdgen.com - INFO - Starting scrape: https://crowdgen.com/docs/account-faq
2026-02-27 18:06:18 - scraper.crowdgen.com - WARNING - 429 on https://crowdgen.com/docs/account-faq — waiting 30s before retry
2026-02-27 18:06:55 - scraper.crowdgen.com - INFO - ✓ VALIDATION PASSED: https://crowdgen.com/docs/account-faq: All validations passed
2026-02-27 18:06:55 - scraper.crowdgen.com - INFO - ✓ SUCCESS: https://crowdgen.com/docs/account-faq | Status: 200 | Size: 204881 bytes
2026-02-27 18:06:55 - scraper.crowdgen.com - INFO - Starting scrape: https://crowdgen.com/babel-bg-bg-push
2026-02-27 18:06:56 - scraper.crowdgen.com - WARNING - 429 on https://crowdgen.com/babel-bg-bg-push — waiting 30s before retry
2026-02-27 18:07:32 - scraper.crowdgen.com - INFO - ✓ VALIDATION PASSED: https://crowdgen.com/babel-bg-bg-push: All validations passed
2026-02-27 18:07:32 - scraper.crowdgen.com - INFO - ✓ SUCCESS: https://crowdgen.com/babel-bg-bg-push | Status: 200 | Size: 602677 bytes
2026-02-27 18:07:32 - scraper.crowdgen.com - INFO - Starting scrape: https://crowdgen.com/jigglypuff-it-it
2026-02-27 18:07:32 - scraper.crowdgen.com - WARNING - 429 on https://crowdgen.com/jigglypuff-it-it — waiting 30s before retry
2026-02-27 18:08:11 - scraper.crowdgen.com - INFO - ✓ VALIDATION PASSED: https://crowdgen.com/jigglypuff-it-it: All validations passed
2026-02-27 18:08:11 - scraper.crowdgen.com - INFO - ✓ SUCCESS: https://crowdgen.com/jigglypuff-it-it | Status: 200 | Size: 623213 bytes
2026-02-27 18:08:11 - scraper.crowdgen.com - INFO - Starting scrape: https://crowdgen.com/fireweed-ukrainian-remote-push
2026-02-27 18:08:12 - scraper.crowdgen.com - WARNING - 429 on https://crowdgen.com/fireweed-ukrainian-remote-push — waiting 30s before retry
2026-02-27 18:08:50 - scraper.crowdgen.com - INFO - ✓ VALIDATION PASSED: https://crowdgen.com/fireweed-ukrainian-remote-push: All validations passed
2026-02-27 18:08:50 - scraper.crowdgen.com - INFO - ✓ SUCCESS: https://crowdgen.com/fireweed-ukrainian-remote-push | Status: 200 | Size: 649790 bytes
2026-02-27 18:08:50 - scraper.crowdgen.com - INFO - Starting scrape: https://crowdgen.com/jigglypuff-vi-vn
2026-02-27 18:08:50 - scraper.crowdgen.com - WARNING - 429 on https://crowdgen.com/jigglypuff-vi-vn — waiting 30s before retry
2026-02-27 18:09:29 - scraper.crowdgen.com - INFO - ✓ VALIDATION PASSED: https://crowdgen.com/jigglypuff-vi-vn: All validations passed
2026-02-27 18:09:29 - scraper.crowdgen.com - INFO - ✓ SUCCESS: https://crowdgen.com/jigglypuff-vi-vn | Status: 200 | Size: 625245 bytes
2026-02-27 18:09:29 - scraper.crowdgen.com - INFO - Starting scrape: https://crowdgen.com/aristotle-math-en-gb
2026-02-27 18:09:30 - scraper.crowdgen.com - WARNING - 429 on https://crowdgen.com/aristotle-math-en-gb — waiting 30s before retry
2026-02-27 18:10:06 - scraper.crowdgen.com - INFO - ✓ VALIDATION PASSED: https://crowdgen.com/aristotle-math-en-gb: All validations passed
2026-02-27 18:10:06 - scraper.crowdgen.com - INFO - ✓ SUCCESS: https://crowdgen.com/aristotle-math-en-gb | Status: 200 | Size: 613550 bytes
2026-02-27 18:10:06 - scraper.crowdgen.com - INFO - Starting scrape: https://crowdgen.com/fireweed-original
2026-02-27 18:10:10 - scraper.crowdgen.com - INFO - ✓ VALIDATION PASSED: https://crowdgen.com/fireweed-original: All validations passed
2026-02-27 18:10:10 - scraper.crowdgen.com - INFO - ✓ SUCCESS: https://crowdgen.com/fireweed-original | Status: 200 | Size: 603754 bytes
2026-02-27 18:10:11 - scraper.crowdgen.com - INFO - Starting scrape: https://crowdgen.com/coffee-en-us
2026-02-27 18:10:16 - scraper.crowdgen.com - INFO - ✓ VALIDATION PASSED: https://crowdgen.com/coffee-en-us: All validations passed
2026-02-27 18:10:16 - scraper.crowdgen.com - INFO - ✓ SUCCESS: https://crowdgen.com/coffee-en-us | Status: 200 | Size: 610556 bytes
2026-02-27 18:10:16 - scraper.crowdgen.com - INFO - Starting scrape: https://crowdgen.com/fireweed-es-cr-localised
2026-02-27 18:10:21 - scraper.crowdgen.com - INFO - ✓ VALIDATION PASSED: https://crowdgen.com/fireweed-es-cr-localised: All validations passed
2026-02-27 18:10:21 - scraper.crowdgen.com - INFO - ✓ SUCCESS: https://crowdgen.com/fireweed-es-cr-localised | Status: 200 | Size: 631455 bytes
2026-02-27 18:10:21 - scraper.crowdgen.com - INFO - Starting scrape: https://crowdgen.com/babel-chinese-singapore-c
2026-02-27 18:10:22 - scraper.crowdgen.com - WARNING - 429 on https://crowdgen.com/babel-chinese-singapore-c — waiting 30s before retry
2026-02-27 18:10:59 - scraper.crowdgen.com - INFO - ✓ VALIDATION PASSED: https://crowdgen.com/babel-chinese-singapore-c: All validations passed
2026-02-27 18:10:59 - scraper.crowdgen.com - INFO - ✓ SUCCESS: https://crowdgen.com/babel-chinese-singapore-c | Status: 200 | Size: 602295 bytes
2026-02-27 18:10:59 - scraper.crowdgen.com - INFO - Starting scrape: https://crowdgen.com/mavena-da-dk
2026-02-27 18:11:00 - scraper.crowdgen.com - WARNING - 429 on https://crowdgen.com/mavena-da-dk — waiting 30s before retry
2026-02-27 18:11:36 - scraper.crowdgen.com - INFO - ✓ VALIDATION PASSED: https://crowdgen.com/mavena-da-dk: All validations passed
2026-02-27 18:11:36 - scraper.crowdgen.com - INFO - ✓ SUCCESS: https://crowdgen.com/mavena-da-dk | Status: 200 | Size: 623201 bytes
2026-02-27 18:11:36 - scraper.crowdgen.com - INFO - Starting scrape: https://crowdgen.com/aristotle-physics-english
2026-02-27 18:11:37 - scraper.crowdgen.com - WARNING - 429 on https://crowdgen.com/aristotle-physics-english — waiting 30s before retry
2026-02-27 18:12:14 - scraper.crowdgen.com - INFO - ✓ VALIDATION PASSED: https://crowdgen.com/aristotle-physics-english: All validations passed
2026-02-27 18:12:14 - scraper.crowdgen.com - INFO - ✓ SUCCESS: https://crowdgen.com/aristotle-physics-english | Status: 200 | Size: 614292 bytes
2026-02-27 18:12:14 - scraper.crowdgen.com - INFO - Starting scrape: https://crowdgen.com/babel-canadian-french-a
2026-02-27 18:12:15 - scraper.crowdgen.com - WARNING - 429 on https://crowdgen.com/babel-canadian-french-a — waiting 30s before retry
2026-02-27 18:12:51 - scraper.crowdgen.com - INFO - ✓ VALIDATION PASSED: https://crowdgen.com/babel-canadian-french-a: All validations passed
2026-02-27 18:12:51 - scraper.crowdgen.com - INFO - ✓ SUCCESS: https://crowdgen.com/babel-canadian-french-a | Status: 200 | Size: 601882 bytes
2026-02-27 18:12:52 - scraper.crowdgen.com - INFO - Starting scrape: https://crowdgen.com/a12488-yue-hk
2026-02-27 18:12:52 - scraper.crowdgen.com - WARNING - 429 on https://crowdgen.com/a12488-yue-hk — waiting 30s before retry
2026-02-27 18:13:30 - scraper.crowdgen.com - INFO - ✓ VALIDATION PASSED: https://crowdgen.com/a12488-yue-hk: All validations passed
2026-02-27 18:13:30 - scraper.crowdgen.com - INFO - ✓ SUCCESS: https://crowdgen.com/a12488-yue-hk | Status: 200 | Size: 620444 bytes
2026-02-27 18:13:31 - scraper.crowdgen.com - INFO - Starting scrape: https://crowdgen.com/docs/payments/general-payments-faq/payment-dashboard
2026-02-27 18:13:35 - scraper.crowdgen.com - INFO - ✓ VALIDATION PASSED: https://crowdgen.com/docs/payments/general-payments-faq/payment-dashboard: All validations passed
2026-02-27 18:13:35 - scraper.crowdgen.com - INFO - ✓ SUCCESS: https://crowdgen.com/docs/payments/general-payments-faq/payment-dashboard | Status: 200 | Size: 232086 bytes
2026-02-27 18:13:35 - scraper.crowdgen.com - INFO - Starting scrape: https://crowdgen.com/a11956-vi-gb
2026-02-27 18:13:36 - scraper.crowdgen.com - WARNING - 429 on https://crowdgen.com/a11956-vi-gb — waiting 30s before retry
2026-02-27 18:14:13 - scraper.crowdgen.com - INFO - ✓ VALIDATION PASSED: https://crowdgen.com/a11956-vi-gb: All validations passed
2026-02-27 18:14:13 - scraper.crowdgen.com - INFO - ✓ SUCCESS: https://crowdgen.com/a11956-vi-gb | Status: 200 | Size: 625296 bytes
2026-02-27 18:14:13 - scraper.crowdgen.com - INFO - Starting scrape: https://crowdgen.com/fireweed-de-remote
2026-02-27 18:14:14 - scraper.crowdgen.com - WARNING - 429 on https://crowdgen.com/fireweed-de-remote — waiting 30s before retry
2026-02-27 18:14:49 - scraper.crowdgen.com - INFO - ✓ VALIDATION PASSED: https://crowdgen.com/fireweed-de-remote: All validations passed
2026-02-27 18:14:49 - scraper.crowdgen.com - INFO - ✓ SUCCESS: https://crowdgen.com/fireweed-de-remote | Status: 200 | Size: 614851 bytes
2026-02-27 18:14:50 - scraper.crowdgen.com - INFO - Starting scrape: https://crowdgen.com/frappe-en-ca
2026-02-27 18:14:55 - scraper.crowdgen.com - INFO - ✓ VALIDATION PASSED: https://crowdgen.com/frappe-en-ca: All validations passed
2026-02-27 18:14:55 - scraper.crowdgen.com - INFO - ✓ SUCCESS: https://crowdgen.com/frappe-en-ca | Status: 200 | Size: 621963 bytes
2026-02-27 18:14:55 - scraper.crowdgen.com - INFO - Starting scrape: https://crowdgen.com/docs/trust-and-safety/online-safety
2026-02-27 18:14:56 - scraper.crowdgen.com - WARNING - 429 on https://crowdgen.com/docs/trust-and-safety/online-safety — waiting 30s before retry
2026-02-27 18:15:32 - scraper.crowdgen.com - INFO - ✓ VALIDATION PASSED: https://crowdgen.com/docs/trust-and-safety/online-safety: All validations passed
2026-02-27 18:15:32 - scraper.crowdgen.com - INFO - ✓ SUCCESS: https://crowdgen.com/docs/trust-and-safety/online-safety | Status: 200 | Size: 201816 bytes
2026-02-27 18:15:32 - scraper.crowdgen.com - INFO - Starting scrape: https://crowdgen.com/jigglypuff-da-dk
2026-02-27 18:15:33 - scraper.crowdgen.com - WARNING - 429 on https://crowdgen.com/jigglypuff-da-dk — waiting 30s before retry
2026-02-27 18:16:09 - scraper.crowdgen.com - INFO - ✓ VALIDATION PASSED: https://crowdgen.com/jigglypuff-da-dk: All validations passed
2026-02-27 18:16:09 - scraper.crowdgen.com - INFO - ✓ SUCCESS: https://crowdgen.com/jigglypuff-da-dk | Status: 200 | Size: 623421 bytes
2026-02-27 18:16:09 - scraper.crowdgen.com - INFO - Starting scrape: https://crowdgen.com/babel-italian-b
2026-02-27 18:16:10 - scraper.crowdgen.com - WARNING - 429 on https://crowdgen.com/babel-italian-b — waiting 30s before retry
2026-02-27 18:16:45 - scraper.crowdgen.com - INFO - ✓ VALIDATION PASSED: https://crowdgen.com/babel-italian-b: All validations passed
2026-02-27 18:16:45 - scraper.crowdgen.com - INFO - ✓ SUCCESS: https://crowdgen.com/babel-italian-b | Status: 200 | Size: 601785 bytes
2026-02-27 18:16:45 - scraper.crowdgen.com - INFO - Starting scrape: https://crowdgen.com/fireweed-zh-tw-translated
2026-02-27 18:16:46 - scraper.crowdgen.com - WARNING - 429 on https://crowdgen.com/fireweed-zh-tw-translated — waiting 30s before retry
2026-02-27 18:17:22 - scraper.crowdgen.com - INFO - ✓ VALIDATION PASSED: https://crowdgen.com/fireweed-zh-tw-translated: All validations passed
2026-02-27 18:17:22 - scraper.crowdgen.com - INFO - ✓ SUCCESS: https://crowdgen.com/fireweed-zh-tw-translated | Status: 200 | Size: 624656 bytes
2026-02-27 18:17:22 - scraper.crowdgen.com - INFO - Starting scrape: https://crowdgen.com/babel-slovak-push
2026-02-27 18:17:23 - scraper.crowdgen.com - WARNING - 429 on https://crowdgen.com/babel-slovak-push — waiting 30s before retry
2026-02-27 18:18:00 - scraper.crowdgen.com - INFO - ✓ VALIDATION PASSED: https://crowdgen.com/babel-slovak-push: All validations passed
2026-02-27 18:18:00 - scraper.crowdgen.com - INFO - ✓ SUCCESS: https://crowdgen.com/babel-slovak-push | Status: 200 | Size: 601913 bytes
2026-02-27 18:18:00 - scraper.crowdgen.com - INFO - Starting scrape: https://crowdgen.com/docs/payments/invoicing/invoicing-and-disputes
2026-02-27 18:18:06 - scraper.crowdgen.com - INFO - ✓ VALIDATION PASSED: https://crowdgen.com/docs/payments/invoicing/invoicing-and-disputes: All validations passed
2026-02-27 18:18:06 - scraper.crowdgen.com - INFO - ✓ SUCCESS: https://crowdgen.com/docs/payments/invoicing/invoicing-and-disputes | Status: 200 | Size: 231505 bytes
2026-02-27 18:18:06 - scraper.crowdgen.com - INFO - Starting scrape: https://crowdgen.com/fireweed-es-sv-translated
2026-02-27 18:18:07 - scraper.crowdgen.com - WARNING - 429 on https://crowdgen.com/fireweed-es-sv-translated — waiting 30s before retry
2026-02-27 18:18:42 - scraper.crowdgen.com - INFO - ✓ VALIDATION PASSED: https://crowdgen.com/fireweed-es-sv-translated: All validations passed
2026-02-27 18:18:42 - scraper.crowdgen.com - INFO - ✓ SUCCESS: https://crowdgen.com/fireweed-es-sv-translated | Status: 200 | Size: 615921 bytes
2026-02-27 18:18:42 - scraper.crowdgen.com - INFO - Starting scrape: https://crowdgen.com/a11956-vi-de
2026-02-27 18:18:43 - scraper.crowdgen.com - WARNING - 429 on https://crowdgen.com/a11956-vi-de — waiting 30s before retry
2026-02-27 18:19:20 - scraper.crowdgen.com - INFO - ✓ VALIDATION PASSED: https://crowdgen.com/a11956-vi-de: All validations passed
2026-02-27 18:19:20 - scraper.crowdgen.com - INFO - ✓ SUCCESS: https://crowdgen.com/a11956-vi-de | Status: 200 | Size: 625282 bytes
2026-02-27 18:19:20 - scraper.crowdgen.com - INFO - Starting scrape: https://crowdgen.com/docs/project-faq/general-project-faq/how-much-time-should-i-spend-on-each-task
2026-02-27 18:19:20 - scraper.crowdgen.com - WARNING - 429 on https://crowdgen.com/docs/project-faq/general-project-faq/how-much-time-should-i-spend-on-each-task — waiting 30s before retry
2026-02-27 18:19:57 - scraper.crowdgen.com - INFO - ✓ VALIDATION PASSED: https://crowdgen.com/docs/project-faq/general-project-faq/how-much-time-should-i-spend-on-each-task: All validations passed
2026-02-27 18:19:57 - scraper.crowdgen.com - INFO - ✓ SUCCESS: https://crowdgen.com/docs/project-faq/general-project-faq/how-much-time-should-i-spend-on-each-task | Status: 200 | Size: 207574 bytes
2026-02-27 18:19:57 - scraper.crowdgen.com - INFO - Starting scrape: https://crowdgen.com/aristotle-philosophy-en-au
2026-02-27 18:19:58 - scraper.crowdgen.com - WARNING - 429 on https://crowdgen.com/aristotle-philosophy-en-au — waiting 30s before retry
2026-02-27 18:20:36 - scraper.crowdgen.com - INFO - ✓ VALIDATION PASSED: https://crowdgen.com/aristotle-philosophy-en-au: All validations passed
2026-02-27 18:20:36 - scraper.crowdgen.com - INFO - ✓ SUCCESS: https://crowdgen.com/aristotle-philosophy-en-au | Status: 200 | Size: 614290 bytes
2026-02-27 18:20:36 - scraper.crowdgen.com - INFO - Starting scrape: https://crowdgen.com/aristoxenus-biology-es-mx-push
2026-02-27 18:20:37 - scraper.crowdgen.com - WARNING - 429 on https://crowdgen.com/aristoxenus-biology-es-mx-push — waiting 30s before retry
2026-02-27 18:21:14 - scraper.crowdgen.com - INFO - ✓ VALIDATION PASSED: https://crowdgen.com/aristoxenus-biology-es-mx-push: All validations passed
2026-02-27 18:21:14 - scraper.crowdgen.com - INFO - ✓ SUCCESS: https://crowdgen.com/aristoxenus-biology-es-mx-push | Status: 200 | Size: 621196 bytes
2026-02-27 18:21:14 - scraper.crowdgen.com - INFO - Starting scrape: https://crowdgen.com/docs/payments/general-payments-faq/general-payments-faq
2026-02-27 18:21:19 - scraper.crowdgen.com - INFO - ✓ VALIDATION PASSED: https://crowdgen.com/docs/payments/general-payments-faq/general-payments-faq: All validations passed
2026-02-27 18:21:19 - scraper.crowdgen.com - INFO - ✓ SUCCESS: https://crowdgen.com/docs/payments/general-payments-faq/general-payments-faq | Status: 200 | Size: 218043 bytes
2026-02-27 18:21:19 - scraper.crowdgen.com - INFO - Starting scrape: https://crowdgen.com/babel-portuguese-a
2026-02-27 18:21:20 - scraper.crowdgen.com - WARNING - 429 on https://crowdgen.com/babel-portuguese-a — waiting 30s before retry
2026-02-27 18:21:57 - scraper.crowdgen.com - INFO - ✓ VALIDATION PASSED: https://crowdgen.com/babel-portuguese-a: All validations passed
2026-02-27 18:21:57 - scraper.crowdgen.com - INFO - ✓ SUCCESS: https://crowdgen.com/babel-portuguese-a | Status: 200 | Size: 601875 bytes
2026-02-27 18:21:57 - scraper.crowdgen.com - INFO - Starting scrape: https://crowdgen.com/adap
2026-02-27 18:22:05 - scraper.crowdgen.com - INFO - ✓ VALIDATION PASSED: https://crowdgen.com/adap: All validations passed
2026-02-27 18:22:05 - scraper.crowdgen.com - INFO - ✓ SUCCESS: https://crowdgen.com/adap | Status: 200 | Size: 627702 bytes
2026-02-27 18:22:05 - scraper.crowdgen.com - INFO - Starting scrape: https://crowdgen.com/a12270-ka-kz
2026-02-27 18:22:06 - scraper.crowdgen.com - WARNING - 429 on https://crowdgen.com/a12270-ka-kz — waiting 30s before retry
2026-02-27 18:22:43 - scraper.crowdgen.com - INFO - ✓ VALIDATION PASSED: https://crowdgen.com/a12270-ka-kz: All validations passed
2026-02-27 18:22:43 - scraper.crowdgen.com - INFO - ✓ SUCCESS: https://crowdgen.com/a12270-ka-kz | Status: 200 | Size: 629652 bytes
2026-02-27 18:22:43 - scraper.crowdgen.com - INFO - Starting scrape: https://crowdgen.com/aristotle-games-en-gb
2026-02-27 18:22:44 - scraper.crowdgen.com - WARNING - 429 on https://crowdgen.com/aristotle-games-en-gb — waiting 30s before retry
2026-02-27 18:23:14 - scraper.crowdgen.com - WARNING - 429 on https://crowdgen.com/aristotle-games-en-gb — waiting 60s before retry
2026-02-27 18:24:20 - scraper.crowdgen.com - INFO - ✓ VALIDATION PASSED: https://crowdgen.com/aristotle-games-en-gb: All validations passed
2026-02-27 18:24:20 - scraper.crowdgen.com - INFO - ✓ SUCCESS: https://crowdgen.com/aristotle-games-en-gb | Status: 200 | Size: 614375 bytes
2026-02-27 18:24:20 - scraper.crowdgen.com - INFO - Starting scrape: https://crowdgen.com/coffee-en-mx
2026-02-27 18:24:25 - scraper.crowdgen.com - INFO - ✓ VALIDATION PASSED: https://crowdgen.com/coffee-en-mx: All validations passed
2026-02-27 18:24:25 - scraper.crowdgen.com - INFO - ✓ SUCCESS: https://crowdgen.com/coffee-en-mx | Status: 200 | Size: 637481 bytes
2026-02-27 18:24:25 - scraper.crowdgen.com - INFO - Starting scrape: https://crowdgen.com/avatara-en-us
2026-02-27 18:24:26 - scraper.crowdgen.com - WARNING - 429 on https://crowdgen.com/avatara-en-us — waiting 30s before retry
2026-02-27 18:25:03 - scraper.crowdgen.com - INFO - ✓ VALIDATION PASSED: https://crowdgen.com/avatara-en-us: All validations passed
2026-02-27 18:25:03 - scraper.crowdgen.com - INFO - ✓ SUCCESS: https://crowdgen.com/avatara-en-us | Status: 200 | Size: 606345 bytes
2026-02-27 18:25:03 - scraper.crowdgen.com - INFO - Starting scrape: https://crowdgen.com/docs/project-faq/quality-control/i-received-an-email-with-feedback-on-my-quality-how-can-i-improve
2026-02-27 18:25:04 - scraper.crowdgen.com - WARNING - 429 on https://crowdgen.com/docs/project-faq/quality-control/i-received-an-email-with-feedback-on-my-quality-how-can-i-improve — waiting 30s before retry
2026-02-27 18:25:40 - scraper.crowdgen.com - INFO - ✓ VALIDATION PASSED: https://crowdgen.com/docs/project-faq/quality-control/i-received-an-email-with-feedback-on-my-quality-how-can-i-improve: All validations passed
2026-02-27 18:25:40 - scraper.crowdgen.com - INFO - ✓ SUCCESS: https://crowdgen.com/docs/project-faq/quality-control/i-received-an-email-with-feedback-on-my-quality-how-can-i-improve | Status: 200 | Size: 207334 bytes
2026-02-27 18:25:40 - scraper.crowdgen.com - INFO - Starting scrape: https://crowdgen.com/hawthorn-en-us-c
2026-02-27 18:25:41 - scraper.crowdgen.com - WARNING - 429 on https://crowdgen.com/hawthorn-en-us-c — waiting 30s before retry
2026-02-27 18:26:17 - scraper.crowdgen.com - INFO - ✓ VALIDATION PASSED: https://crowdgen.com/hawthorn-en-us-c: All validations passed
2026-02-27 18:26:17 - scraper.crowdgen.com - INFO - ✓ SUCCESS: https://crowdgen.com/hawthorn-en-us-c | Status: 200 | Size: 621588 bytes
2026-02-27 18:26:17 - scraper.crowdgen.com - INFO - Starting scrape: https://crowdgen.com/crowdgen-by-appen
2026-02-27 18:26:25 - scraper.crowdgen.com - INFO - ✓ VALIDATION PASSED: https://crowdgen.com/crowdgen-by-appen: All validations passed
2026-02-27 18:26:25 - scraper.crowdgen.com - INFO - ✓ SUCCESS: https://crowdgen.com/crowdgen-by-appen | Status: 200 | Size: 598424 bytes
2026-02-27 18:26:25 - scraper.crowdgen.com - INFO - Starting scrape: https://crowdgen.com/babel-bg-bg
2026-02-27 18:26:26 - scraper.crowdgen.com - WARNING - 429 on https://crowdgen.com/babel-bg-bg — waiting 30s before retry
2026-02-27 18:27:01 - scraper.crowdgen.com - INFO - ✓ VALIDATION PASSED: https://crowdgen.com/babel-bg-bg: All validations passed
2026-02-27 18:27:01 - scraper.crowdgen.com - INFO - ✓ SUCCESS: https://crowdgen.com/babel-bg-bg | Status: 200 | Size: 602008 bytes
2026-02-27 18:27:01 - scraper.crowdgen.com - INFO - Starting scrape: https://crowdgen.com/jigglypuff-cs-cz
2026-02-27 18:27:08 - scraper.crowdgen.com - INFO - ✓ VALIDATION PASSED: https://crowdgen.com/jigglypuff-cs-cz: All validations passed
2026-02-27 18:27:08 - scraper.crowdgen.com - INFO - ✓ SUCCESS: https://crowdgen.com/jigglypuff-cs-cz | Status: 200 | Size: 623065 bytes
2026-02-27 18:27:08 - scraper.crowdgen.com - INFO - Starting scrape: https://crowdgen.com/docs/general-onboarding/getting-started
2026-02-27 18:27:14 - scraper.crowdgen.com - INFO - ✓ VALIDATION PASSED: https://crowdgen.com/docs/general-onboarding/getting-started: All validations passed
2026-02-27 18:27:14 - scraper.crowdgen.com - INFO - ✓ SUCCESS: https://crowdgen.com/docs/general-onboarding/getting-started | Status: 200 | Size: 205228 bytes
2026-02-27 18:27:14 - scraper.crowdgen.com - INFO - Starting scrape: https://crowdgen.com/aristotle-biology-english
2026-02-27 18:27:15 - scraper.crowdgen.com - WARNING - 429 on https://crowdgen.com/aristotle-biology-english — waiting 30s before retry
2026-02-27 18:27:52 - scraper.crowdgen.com - INFO - ✓ VALIDATION PASSED: https://crowdgen.com/aristotle-biology-english: All validations passed
2026-02-27 18:27:52 - scraper.crowdgen.com - INFO - ✓ SUCCESS: https://crowdgen.com/aristotle-biology-english | Status: 200 | Size: 614506 bytes
2026-02-27 18:27:52 - scraper.crowdgen.com - INFO - Starting scrape: https://crowdgen.com/hyperion-birmingham-push
2026-02-27 18:27:53 - scraper.crowdgen.com - WARNING - 429 on https://crowdgen.com/hyperion-birmingham-push — waiting 30s before retry
2026-02-27 18:28:30 - scraper.crowdgen.com - INFO - ✓ VALIDATION PASSED: https://crowdgen.com/hyperion-birmingham-push: All validations passed
2026-02-27 18:28:30 - scraper.crowdgen.com - INFO - ✓ SUCCESS: https://crowdgen.com/hyperion-birmingham-push | Status: 200 | Size: 604124 bytes
2026-02-27 18:28:30 - scraper.crowdgen.com - INFO - Starting scrape: https://crowdgen.com/hazel-fi-fi
2026-02-27 18:28:31 - scraper.crowdgen.com - WARNING - 429 on https://crowdgen.com/hazel-fi-fi — waiting 30s before retry
2026-02-27 18:29:07 - scraper.crowdgen.com - INFO - ✓ VALIDATION PASSED: https://crowdgen.com/hazel-fi-fi: All validations passed
2026-02-27 18:29:07 - scraper.crowdgen.com - INFO - ✓ SUCCESS: https://crowdgen.com/hazel-fi-fi | Status: 200 | Size: 622044 bytes
2026-02-27 18:29:07 - scraper.crowdgen.com - INFO - Starting scrape: https://crowdgen.com/docs/account-faq/account-deletion-email-unsubscribe/how-do-i-delete-my-crowdgen-account
2026-02-27 18:29:12 - scraper.crowdgen.com - INFO - ✓ VALIDATION PASSED: https://crowdgen.com/docs/account-faq/account-deletion-email-unsubscribe/how-do-i-delete-my-crowdgen-account: All validations passed
2026-02-27 18:29:12 - scraper.crowdgen.com - INFO - ✓ SUCCESS: https://crowdgen.com/docs/account-faq/account-deletion-email-unsubscribe/how-do-i-delete-my-crowdgen-account | Status: 200 | Size: 206239 bytes
2026-02-27 18:29:12 - scraper.crowdgen.com - INFO - Starting scrape: https://crowdgen.com/coffee-en-br
2026-02-27 18:29:13 - scraper.crowdgen.com - WARNING - 429 on https://crowdgen.com/coffee-en-br — waiting 30s before retry
2026-02-27 18:29:49 - scraper.crowdgen.com - INFO - ✓ VALIDATION PASSED: https://crowdgen.com/coffee-en-br: All validations passed
2026-02-27 18:29:49 - scraper.crowdgen.com - INFO - ✓ SUCCESS: https://crowdgen.com/coffee-en-br | Status: 200 | Size: 621963 bytes
2026-02-27 18:29:49 - scraper.crowdgen.com - INFO - Starting scrape: https://crowdgen.com/heather-en-us
2026-02-27 18:29:53 - scraper.crowdgen.com - INFO - ✓ VALIDATION PASSED: https://crowdgen.com/heather-en-us: All validations passed
2026-02-27 18:29:53 - scraper.crowdgen.com - INFO - ✓ SUCCESS: https://crowdgen.com/heather-en-us | Status: 200 | Size: 617988 bytes
2026-02-27 18:29:53 - scraper.crowdgen.com - INFO - Starting scrape: https://crowdgen.com/jigglypuff-et-ee
2026-02-27 18:29:54 - scraper.crowdgen.com - WARNING - 429 on https://crowdgen.com/jigglypuff-et-ee — waiting 30s before retry
2026-02-27 18:30:30 - scraper.crowdgen.com - INFO - ✓ VALIDATION PASSED: https://crowdgen.com/jigglypuff-et-ee: All validations passed
2026-02-27 18:30:30 - scraper.crowdgen.com - INFO - ✓ SUCCESS: https://crowdgen.com/jigglypuff-et-ee | Status: 200 | Size: 622719 bytes
2026-02-27 18:30:30 - scraper.crowdgen.com - INFO - Starting scrape: https://crowdgen.com/aristoxenus-mathematics-es-mx
2026-02-27 18:30:31 - scraper.crowdgen.com - WARNING - 429 on https://crowdgen.com/aristoxenus-mathematics-es-mx — waiting 30s before retry
2026-02-27 18:31:08 - scraper.crowdgen.com - INFO - ✓ VALIDATION PASSED: https://crowdgen.com/aristoxenus-mathematics-es-mx: All validations passed
2026-02-27 18:31:08 - scraper.crowdgen.com - INFO - ✓ SUCCESS: https://crowdgen.com/aristoxenus-mathematics-es-mx | Status: 200 | Size: 620981 bytes
2026-02-27 18:31:08 - scraper.crowdgen.com - INFO - Starting scrape: https://crowdgen.com/fireweed-es-cr-localised-push
2026-02-27 18:31:09 - scraper.crowdgen.com - WARNING - 429 on https://crowdgen.com/fireweed-es-cr-localised-push — waiting 30s before retry
2026-02-27 18:31:47 - scraper.crowdgen.com - INFO - ✓ VALIDATION PASSED: https://crowdgen.com/fireweed-es-cr-localised-push: All validations passed
2026-02-27 18:31:47 - scraper.crowdgen.com - INFO - ✓ SUCCESS: https://crowdgen.com/fireweed-es-cr-localised-push | Status: 200 | Size: 615894 bytes
2026-02-27 18:31:47 - scraper.crowdgen.com - INFO - Starting scrape: https://crowdgen.com/pathfinder-community-hub
2026-02-27 18:31:48 - scraper.crowdgen.com - WARNING - 429 on https://crowdgen.com/pathfinder-community-hub — waiting 30s before retry
2026-02-27 18:32:23 - scraper.crowdgen.com - INFO - ✓ VALIDATION PASSED: https://crowdgen.com/pathfinder-community-hub: All validations passed
2026-02-27 18:32:23 - scraper.crowdgen.com - INFO - ✓ SUCCESS: https://crowdgen.com/pathfinder-community-hub | Status: 200 | Size: 532472 bytes
2026-02-27 18:32:23 - scraper.crowdgen.com - INFO - Starting scrape: https://crowdgen.com/babel-portuguese-c
2026-02-27 18:32:24 - scraper.crowdgen.com - WARNING - 429 on https://crowdgen.com/babel-portuguese-c — waiting 30s before retry
2026-02-27 18:32:59 - scraper.crowdgen.com - INFO - ✓ VALIDATION PASSED: https://crowdgen.com/babel-portuguese-c: All validations passed
2026-02-27 18:32:59 - scraper.crowdgen.com - INFO - ✓ SUCCESS: https://crowdgen.com/babel-portuguese-c | Status: 200 | Size: 601898 bytes
2026-02-27 18:32:59 - scraper.crowdgen.com - INFO - Starting scrape: https://crowdgen.com/voice-collection-kurmanji-push-v2
2026-02-27 18:33:00 - scraper.crowdgen.com - WARNING - 429 on https://crowdgen.com/voice-collection-kurmanji-push-v2 — waiting 30s before retry
2026-02-27 18:33:36 - scraper.crowdgen.com - INFO - ✓ VALIDATION PASSED: https://crowdgen.com/voice-collection-kurmanji-push-v2: All validations passed
2026-02-27 18:33:36 - scraper.crowdgen.com - INFO - ✓ SUCCESS: https://crowdgen.com/voice-collection-kurmanji-push-v2 | Status: 200 | Size: 620536 bytes
2026-02-27 18:33:36 - scraper.crowdgen.com - INFO - Starting scrape: https://crowdgen.com/collection-transcription-flemish-push
2026-02-27 18:33:37 - scraper.crowdgen.com - WARNING - 429 on https://crowdgen.com/collection-transcription-flemish-push — waiting 30s before retry
2026-02-27 18:34:14 - scraper.crowdgen.com - INFO - ✓ VALIDATION PASSED: https://crowdgen.com/collection-transcription-flemish-push: All validations passed
2026-02-27 18:34:14 - scraper.crowdgen.com - INFO - ✓ SUCCESS: https://crowdgen.com/collection-transcription-flemish-push | Status: 200 | Size: 618020 bytes
2026-02-27 18:34:14 - scraper.crowdgen.com - INFO - Starting scrape: https://crowdgen.com/a12732-km-kh-english
2026-02-27 18:34:15 - scraper.crowdgen.com - WARNING - 429 on https://crowdgen.com/a12732-km-kh-english — waiting 30s before retry
2026-02-27 18:34:51 - scraper.crowdgen.com - INFO - ✓ VALIDATION PASSED: https://crowdgen.com/a12732-km-kh-english: All validations passed
2026-02-27 18:34:51 - scraper.crowdgen.com - INFO - ✓ SUCCESS: https://crowdgen.com/a12732-km-kh-english | Status: 200 | Size: 631208 bytes
2026-02-27 18:34:52 - scraper.crowdgen.com - INFO - Starting scrape: https://crowdgen.com/avatara-invited
2026-02-27 18:34:52 - scraper.crowdgen.com - WARNING - 429 on https://crowdgen.com/avatara-invited — waiting 30s before retry
2026-02-27 18:35:27 - scraper.crowdgen.com - INFO - ✓ VALIDATION PASSED: https://crowdgen.com/avatara-invited: All validations passed
2026-02-27 18:35:27 - scraper.crowdgen.com - INFO - ✓ SUCCESS: https://crowdgen.com/avatara-invited | Status: 200 | Size: 532475 bytes
2026-02-27 18:35:27 - scraper.crowdgen.com - INFO - Starting scrape: https://crowdgen.com/garrus-nl-be-push
2026-02-27 18:35:28 - scraper.crowdgen.com - WARNING - 429 on https://crowdgen.com/garrus-nl-be-push — waiting 30s before retry
2026-02-27 18:36:11 - scraper.crowdgen.com - INFO - ✓ VALIDATION PASSED: https://crowdgen.com/garrus-nl-be-push: All validations passed
2026-02-27 18:36:11 - scraper.crowdgen.com - INFO - ✓ SUCCESS: https://crowdgen.com/garrus-nl-be-push | Status: 200 | Size: 621766 bytes
2026-02-27 18:36:11 - scraper.crowdgen.com - INFO - Starting scrape: https://crowdgen.com/millettia-en-us-genx
2026-02-27 18:36:12 - scraper.crowdgen.com - WARNING - 429 on https://crowdgen.com/millettia-en-us-genx — waiting 30s before retry
2026-02-27 18:36:48 - scraper.crowdgen.com - INFO - ✓ VALIDATION PASSED: https://crowdgen.com/millettia-en-us-genx: All validations passed
2026-02-27 18:36:48 - scraper.crowdgen.com - INFO - ✓ SUCCESS: https://crowdgen.com/millettia-en-us-genx | Status: 200 | Size: 622542 bytes
2026-02-27 18:36:48 - scraper.crowdgen.com - INFO - Starting scrape: https://crowdgen.com/istone-fr-ca-push
2026-02-27 18:36:49 - scraper.crowdgen.com - WARNING - 429 on https://crowdgen.com/istone-fr-ca-push — waiting 30s before retry
2026-02-27 18:37:25 - scraper.crowdgen.com - INFO - ✓ VALIDATION PASSED: https://crowdgen.com/istone-fr-ca-push: All validations passed
2026-02-27 18:37:25 - scraper.crowdgen.com - INFO - ✓ SUCCESS: https://crowdgen.com/istone-fr-ca-push | Status: 200 | Size: 598641 bytes
2026-02-27 18:37:25 - scraper.crowdgen.com - INFO - Starting scrape: https://crowdgen.com/fireweed-swedish-remote
2026-02-27 18:37:26 - scraper.crowdgen.com - WARNING - 429 on https://crowdgen.com/fireweed-swedish-remote — waiting 30s before retry
2026-02-27 18:38:03 - scraper.crowdgen.com - INFO - ✓ VALIDATION PASSED: https://crowdgen.com/fireweed-swedish-remote: All validations passed
2026-02-27 18:38:03 - scraper.crowdgen.com - INFO - ✓ SUCCESS: https://crowdgen.com/fireweed-swedish-remote | Status: 200 | Size: 623217 bytes
2026-02-27 18:38:03 - scraper.crowdgen.com - INFO - Starting scrape: https://crowdgen.com/hermes-c
2026-02-27 18:38:03 - scraper.crowdgen.com - WARNING - 429 on https://crowdgen.com/hermes-c — waiting 30s before retry
2026-02-27 18:38:41 - scraper.crowdgen.com - INFO - ✓ VALIDATION PASSED: https://crowdgen.com/hermes-c: All validations passed
2026-02-27 18:38:41 - scraper.crowdgen.com - INFO - ✓ SUCCESS: https://crowdgen.com/hermes-c | Status: 200 | Size: 622075 bytes
2026-02-27 18:38:41 - scraper.crowdgen.com - INFO - Starting scrape: https://crowdgen.com/aristoxenus-biology-es-mx
2026-02-27 18:38:45 - scraper.crowdgen.com - INFO - ✓ VALIDATION PASSED: https://crowdgen.com/aristoxenus-biology-es-mx: All validations passed
2026-02-27 18:38:45 - scraper.crowdgen.com - INFO - ✓ SUCCESS: https://crowdgen.com/aristoxenus-biology-es-mx | Status: 200 | Size: 609941 bytes
2026-02-27 18:38:45 - scraper.crowdgen.com - INFO - Starting scrape: https://crowdgen.com/fireweed-ru-remote
2026-02-27 18:38:46 - scraper.crowdgen.com - WARNING - 429 on https://crowdgen.com/fireweed-ru-remote — waiting 30s before retry
2026-02-27 18:39:23 - scraper.crowdgen.com - INFO - ✓ VALIDATION PASSED: https://crowdgen.com/fireweed-ru-remote: All validations passed
2026-02-27 18:39:23 - scraper.crowdgen.com - INFO - ✓ SUCCESS: https://crowdgen.com/fireweed-ru-remote | Status: 200 | Size: 614700 bytes
2026-02-27 18:39:23 - scraper.crowdgen.com - INFO - Starting scrape: https://crowdgen.com/aristotle-puzzles-en-gb
2026-02-27 18:39:24 - scraper.crowdgen.com - WARNING - 429 on https://crowdgen.com/aristotle-puzzles-en-gb — waiting 30s before retry
2026-02-27 18:40:00 - scraper.crowdgen.com - INFO - ✓ VALIDATION PASSED: https://crowdgen.com/aristotle-puzzles-en-gb: All validations passed
2026-02-27 18:40:00 - scraper.crowdgen.com - INFO - ✓ SUCCESS: https://crowdgen.com/aristotle-puzzles-en-gb | Status: 200 | Size: 614700 bytes
2026-02-27 18:40:00 - scraper.crowdgen.com - INFO - Starting scrape: https://crowdgen.com/aristotle-history-en-us
2026-02-27 18:40:00 - scraper.crowdgen.com - WARNING - 429 on https://crowdgen.com/aristotle-history-en-us — waiting 30s before retry
2026-02-27 18:40:37 - scraper.crowdgen.com - INFO - ✓ VALIDATION PASSED: https://crowdgen.com/aristotle-history-en-us: All validations passed
2026-02-27 18:40:37 - scraper.crowdgen.com - INFO - ✓ SUCCESS: https://crowdgen.com/aristotle-history-en-us | Status: 200 | Size: 613737 bytes
2026-02-27 18:40:37 - scraper.crowdgen.com - INFO - Starting scrape: https://crowdgen.com/appen-mobile
2026-02-27 18:40:37 - scraper.crowdgen.com - WARNING - 429 on https://crowdgen.com/appen-mobile — waiting 30s before retry
2026-02-27 18:41:14 - scraper.crowdgen.com - INFO - ✓ VALIDATION PASSED: https://crowdgen.com/appen-mobile: All validations passed
2026-02-27 18:41:14 - scraper.crowdgen.com - INFO - ✓ SUCCESS: https://crowdgen.com/appen-mobile | Status: 200 | Size: 694224 bytes
2026-02-27 18:41:15 - scraper.crowdgen.com - INFO - Starting scrape: https://crowdgen.com/coffee-en-nz
2026-02-27 18:41:15 - scraper.crowdgen.com - WARNING - 429 on https://crowdgen.com/coffee-en-nz — waiting 30s before retry
2026-02-27 18:41:53 - scraper.crowdgen.com - INFO - ✓ VALIDATION PASSED: https://crowdgen.com/coffee-en-nz: All validations passed
2026-02-27 18:41:53 - scraper.crowdgen.com - INFO - ✓ SUCCESS: https://crowdgen.com/coffee-en-nz | Status: 200 | Size: 622164 bytes
2026-02-27 18:41:53 - scraper.crowdgen.com - INFO - Starting scrape: https://crowdgen.com/voice-collection-luganda
2026-02-27 18:41:53 - scraper.crowdgen.com - WARNING - 429 on https://crowdgen.com/voice-collection-luganda — waiting 30s before retry
2026-02-27 18:42:31 - scraper.crowdgen.com - INFO - ✓ VALIDATION PASSED: https://crowdgen.com/voice-collection-luganda: All validations passed
2026-02-27 18:42:31 - scraper.crowdgen.com - INFO - ✓ SUCCESS: https://crowdgen.com/voice-collection-luganda | Status: 200 | Size: 610154 bytes
2026-02-27 18:42:31 - scraper.crowdgen.com - INFO - Starting scrape: https://crowdgen.com/aristotle-biology-en-us
2026-02-27 18:42:31 - scraper.crowdgen.com - WARNING - 429 on https://crowdgen.com/aristotle-biology-en-us — waiting 30s before retry
2026-02-27 18:43:08 - scraper.crowdgen.com - INFO - ✓ VALIDATION PASSED: https://crowdgen.com/aristotle-biology-en-us: All validations passed
2026-02-27 18:43:08 - scraper.crowdgen.com - INFO - ✓ SUCCESS: https://crowdgen.com/aristotle-biology-en-us | Status: 200 | Size: 614150 bytes
2026-02-27 18:43:08 - scraper.crowdgen.com - INFO - Starting scrape: https://crowdgen.com/babel-slovene-c
2026-02-27 18:43:09 - scraper.crowdgen.com - WARNING - 429 on https://crowdgen.com/babel-slovene-c — waiting 30s before retry
2026-02-27 18:43:46 - scraper.crowdgen.com - INFO - ✓ VALIDATION PASSED: https://crowdgen.com/babel-slovene-c: All validations passed
2026-02-27 18:43:46 - scraper.crowdgen.com - INFO - ✓ SUCCESS: https://crowdgen.com/babel-slovene-c | Status: 200 | Size: 601765 bytes
2026-02-27 18:43:46 - scraper.crowdgen.com - INFO - Starting scrape: https://crowdgen.com/fireweed-de-de-push
2026-02-27 18:43:47 - scraper.crowdgen.com - WARNING - 429 on https://crowdgen.com/fireweed-de-de-push — waiting 30s before retry
2026-02-27 18:44:23 - scraper.crowdgen.com - INFO - ✓ VALIDATION PASSED: https://crowdgen.com/fireweed-de-de-push: All validations passed
2026-02-27 18:44:23 - scraper.crowdgen.com - INFO - ✓ SUCCESS: https://crowdgen.com/fireweed-de-de-push | Status: 200 | Size: 614820 bytes
2026-02-27 18:44:23 - scraper.crowdgen.com - INFO - Starting scrape: https://crowdgen.com/a12270-ka-kz-push
2026-02-27 18:44:24 - scraper.crowdgen.com - WARNING - 429 on https://crowdgen.com/a12270-ka-kz-push — waiting 30s before retry
2026-02-27 18:45:01 - scraper.crowdgen.com - INFO - ✓ VALIDATION PASSED: https://crowdgen.com/a12270-ka-kz-push: All validations passed
2026-02-27 18:45:01 - scraper.crowdgen.com - INFO - ✓ SUCCESS: https://crowdgen.com/a12270-ka-kz-push | Status: 200 | Size: 629813 bytes
2026-02-27 18:45:01 - scraper.crowdgen.com - INFO - Starting scrape: https://crowdgen.com/docs/project-faq/general-project-faq
2026-02-27 18:45:01 - scraper.crowdgen.com - WARNING - 429 on https://crowdgen.com/docs/project-faq/general-project-faq — waiting 30s before retry
2026-02-27 18:54:05 - scraper.crowdgen.com - INFO - ✓ VALIDATION PASSED: https://crowdgen.com/docs/project-faq/general-project-faq: All validations passed
2026-02-27 18:54:05 - scraper.crowdgen.com - INFO - ✓ SUCCESS: https://crowdgen.com/docs/project-faq/general-project-faq | Status: 403 | Size: 1165 bytes
2026-02-27 18:54:05 - scraper.crowdgen.com - INFO - Starting scrape: https://crowdgen.com/a11956-vi-ph
2026-02-27 18:54:06 - scraper.crowdgen.com - WARNING - 429 on https://crowdgen.com/a11956-vi-ph — waiting 30s before retry
2026-02-27 18:54:41 - scraper.crowdgen.com - INFO - ✓ VALIDATION PASSED: https://crowdgen.com/a11956-vi-ph: All validations passed
2026-02-27 18:54:41 - scraper.crowdgen.com - INFO - ✓ SUCCESS: https://crowdgen.com/a11956-vi-ph | Status: 200 | Size: 625287 bytes
2026-02-27 18:54:41 - scraper.crowdgen.com - INFO - Starting scrape: https://crowdgen.com/babel-french-a
2026-02-27 18:54:42 - scraper.crowdgen.com - WARNING - 429 on https://crowdgen.com/babel-french-a — waiting 30s before retry
2026-02-27 18:55:18 - scraper.crowdgen.com - INFO - ✓ VALIDATION PASSED: https://crowdgen.com/babel-french-a: All validations passed
2026-02-27 18:55:18 - scraper.crowdgen.com - INFO - ✓ SUCCESS: https://crowdgen.com/babel-french-a | Status: 200 | Size: 601719 bytes
2026-02-27 18:55:18 - scraper.crowdgen.com - INFO - Starting scrape: https://crowdgen.com/collection-transcription-lingala-push
2026-02-27 18:55:19 - scraper.crowdgen.com - WARNING - 429 on https://crowdgen.com/collection-transcription-lingala-push — waiting 30s before retry
2026-02-27 18:55:55 - scraper.crowdgen.com - INFO - ✓ VALIDATION PASSED: https://crowdgen.com/collection-transcription-lingala-push: All validations passed
2026-02-27 18:55:55 - scraper.crowdgen.com - INFO - ✓ SUCCESS: https://crowdgen.com/collection-transcription-lingala-push | Status: 200 | Size: 626206 bytes
2026-02-27 18:55:55 - scraper.crowdgen.com - INFO - Starting scrape: https://crowdgen.com/aristotle-chemistry-en-nz
2026-02-27 18:55:55 - scraper.crowdgen.com - WARNING - 429 on https://crowdgen.com/aristotle-chemistry-en-nz — waiting 30s before retry
2026-02-27 18:56:25 - scraper.crowdgen.com - WARNING - 429 on https://crowdgen.com/aristotle-chemistry-en-nz — waiting 60s before retry
2026-02-27 18:57:26 - scraper.crowdgen.com - WARNING - 429 on https://crowdgen.com/aristotle-chemistry-en-nz — waiting 120s before retry
2026-02-27 18:59:26 - scraper.crowdgen.com - INFO - Starting scrape: https://crowdgen.com/avatara-2025
2026-02-27 18:59:27 - scraper.crowdgen.com - WARNING - 429 on https://crowdgen.com/avatara-2025 — waiting 30s before retry
2026-02-27 19:00:08 - scraper.crowdgen.com - INFO - ✓ VALIDATION PASSED: https://crowdgen.com/avatara-2025: All validations passed
2026-02-27 19:00:08 - scraper.crowdgen.com - INFO - ✓ SUCCESS: https://crowdgen.com/avatara-2025 | Status: 200 | Size: 616099 bytes
2026-02-27 19:00:08 - scraper.crowdgen.com - INFO - Starting scrape: https://crowdgen.com/code-of-ethics
2026-02-27 19:00:12 - scraper.crowdgen.com - INFO - ✓ VALIDATION PASSED: https://crowdgen.com/code-of-ethics: All validations passed
2026-02-27 19:00:12 - scraper.crowdgen.com - INFO - ✓ SUCCESS: https://crowdgen.com/code-of-ethics | Status: 200 | Size: 554631 bytes
2026-02-27 19:00:12 - scraper.crowdgen.com - INFO - Starting scrape: https://crowdgen.com/docs/account-faq/account-deletion-email-unsubscribe
2026-02-27 19:00:13 - scraper.crowdgen.com - WARNING - 429 on https://crowdgen.com/docs/account-faq/account-deletion-email-unsubscribe — waiting 30s before retry
2026-02-27 19:00:48 - scraper.crowdgen.com - INFO - ✓ VALIDATION PASSED: https://crowdgen.com/docs/account-faq/account-deletion-email-unsubscribe: All validations passed
2026-02-27 19:00:48 - scraper.crowdgen.com - INFO - ✓ SUCCESS: https://crowdgen.com/docs/account-faq/account-deletion-email-unsubscribe | Status: 200 | Size: 204407 bytes
2026-02-27 19:00:48 - scraper.crowdgen.com - INFO - Starting scrape: https://crowdgen.com/fireweed-ru-kz
2026-02-27 19:00:49 - scraper.crowdgen.com - WARNING - 429 on https://crowdgen.com/fireweed-ru-kz — waiting 30s before retry
2026-02-27 19:01:26 - scraper.crowdgen.com - INFO - ✓ VALIDATION PASSED: https://crowdgen.com/fireweed-ru-kz: All validations passed
2026-02-27 19:01:26 - scraper.crowdgen.com - INFO - ✓ SUCCESS: https://crowdgen.com/fireweed-ru-kz | Status: 200 | Size: 614960 bytes
2026-02-27 19:01:26 - scraper.crowdgen.com - INFO - Starting scrape: https://crowdgen.com/aristotle-math-en-au
2026-02-27 19:01:27 - scraper.crowdgen.com - WARNING - 429 on https://crowdgen.com/aristotle-math-en-au — waiting 30s before retry
2026-02-27 19:02:03 - scraper.crowdgen.com - INFO - ✓ VALIDATION PASSED: https://crowdgen.com/aristotle-math-en-au: All validations passed
2026-02-27 19:02:03 - scraper.crowdgen.com - INFO - ✓ SUCCESS: https://crowdgen.com/aristotle-math-en-au | Status: 200 | Size: 613691 bytes
2026-02-27 19:02:03 - scraper.crowdgen.com - INFO - Starting scrape: https://crowdgen.com/babel-french-b
2026-02-27 19:02:04 - scraper.crowdgen.com - WARNING - 429 on https://crowdgen.com/babel-french-b — waiting 30s before retry
2026-02-27 19:02:40 - scraper.crowdgen.com - INFO - ✓ VALIDATION PASSED: https://crowdgen.com/babel-french-b: All validations passed
2026-02-27 19:02:40 - scraper.crowdgen.com - INFO - ✓ SUCCESS: https://crowdgen.com/babel-french-b | Status: 200 | Size: 601726 bytes
2026-02-27 19:02:40 - scraper.crowdgen.com - INFO - Starting scrape: https://crowdgen.com/help
2026-02-27 19:02:46 - scraper.crowdgen.com - INFO - ✓ VALIDATION PASSED: https://crowdgen.com/help: All validations passed
2026-02-27 19:02:46 - scraper.crowdgen.com - INFO - ✓ SUCCESS: https://crowdgen.com/help | Status: 200 | Size: 460692 bytes
2026-02-27 19:02:46 - scraper.crowdgen.com - INFO - Starting scrape: https://crowdgen.com/mint-mathematics-c
2026-02-27 19:02:47 - scraper.crowdgen.com - WARNING - 429 on https://crowdgen.com/mint-mathematics-c — waiting 30s before retry
2026-02-27 19:03:24 - scraper.crowdgen.com - INFO - ✓ VALIDATION PASSED: https://crowdgen.com/mint-mathematics-c: All validations passed
2026-02-27 19:03:24 - scraper.crowdgen.com - INFO - ✓ SUCCESS: https://crowdgen.com/mint-mathematics-c | Status: 200 | Size: 613516 bytes
2026-02-27 19:03:24 - scraper.crowdgen.com - INFO - Starting scrape: https://crowdgen.com/babel-portuguese-push
2026-02-27 19:03:25 - scraper.crowdgen.com - WARNING - 429 on https://crowdgen.com/babel-portuguese-push — waiting 30s before retry
2026-02-27 19:04:02 - scraper.crowdgen.com - INFO - ✓ VALIDATION PASSED: https://crowdgen.com/babel-portuguese-push: All validations passed
2026-02-27 19:04:02 - scraper.crowdgen.com - INFO - ✓ SUCCESS: https://crowdgen.com/babel-portuguese-push | Status: 200 | Size: 602097 bytes
2026-02-27 19:04:02 - scraper.crowdgen.com - INFO - Starting scrape: https://crowdgen.com/mavena-croatia-english
2026-02-27 19:04:03 - scraper.crowdgen.com - WARNING - 429 on https://crowdgen.com/mavena-croatia-english — waiting 30s before retry
2026-02-27 19:04:39 - scraper.crowdgen.com - INFO - ✓ VALIDATION PASSED: https://crowdgen.com/mavena-croatia-english: All validations passed
2026-02-27 19:04:39 - scraper.crowdgen.com - INFO - ✓ SUCCESS: https://crowdgen.com/mavena-croatia-english | Status: 200 | Size: 622136 bytes
2026-02-27 19:04:40 - scraper.crowdgen.com - INFO - Starting scrape: https://crowdgen.com/mint-italy-chemistry-a
2026-02-27 19:04:40 - scraper.crowdgen.com - WARNING - 429 on https://crowdgen.com/mint-italy-chemistry-a — waiting 30s before retry
2026-02-27 19:05:16 - scraper.crowdgen.com - INFO - ✓ VALIDATION PASSED: https://crowdgen.com/mint-italy-chemistry-a: All validations passed
2026-02-27 19:05:16 - scraper.crowdgen.com - INFO - ✓ SUCCESS: https://crowdgen.com/mint-italy-chemistry-a | Status: 200 | Size: 613718 bytes
2026-02-27 19:05:16 - scraper.crowdgen.com - INFO - Starting scrape: https://crowdgen.com/aristotle-history-english
2026-02-27 19:05:17 - scraper.crowdgen.com - WARNING - 429 on https://crowdgen.com/aristotle-history-english — waiting 30s before retry
2026-02-27 19:05:54 - scraper.crowdgen.com - INFO - ✓ VALIDATION PASSED: https://crowdgen.com/aristotle-history-english: All validations passed
2026-02-27 19:05:54 - scraper.crowdgen.com - INFO - ✓ SUCCESS: https://crowdgen.com/aristotle-history-english | Status: 200 | Size: 614080 bytes
2026-02-27 19:05:54 - scraper.crowdgen.com - INFO - Starting scrape: https://crowdgen.com/transcription-mongolian-push
2026-02-27 19:05:55 - scraper.crowdgen.com - WARNING - 429 on https://crowdgen.com/transcription-mongolian-push — waiting 30s before retry
2026-02-27 19:06:32 - scraper.crowdgen.com - INFO - ✓ VALIDATION PASSED: https://crowdgen.com/transcription-mongolian-push: All validations passed
2026-02-27 19:06:32 - scraper.crowdgen.com - INFO - ✓ SUCCESS: https://crowdgen.com/transcription-mongolian-push | Status: 200 | Size: 618719 bytes
2026-02-27 19:06:32 - scraper.crowdgen.com - INFO - Starting scrape: https://crowdgen.com/docs/account-faq/logins
2026-02-27 19:06:38 - scraper.crowdgen.com - INFO - ✓ VALIDATION PASSED: https://crowdgen.com/docs/account-faq/logins: All validations passed
2026-02-27 19:06:38 - scraper.crowdgen.com - INFO - ✓ SUCCESS: https://crowdgen.com/docs/account-faq/logins | Status: 200 | Size: 458067 bytes
2026-02-27 19:06:39 - scraper.crowdgen.com - INFO - Starting scrape: https://crowdgen.com/pro-nolonger
2026-02-27 19:06:40 - scraper.crowdgen.com - WARNING - 429 on https://crowdgen.com/pro-nolonger — waiting 30s before retry
2026-02-27 19:07:15 - scraper.crowdgen.com - INFO - ✓ VALIDATION PASSED: https://crowdgen.com/pro-nolonger: All validations passed
2026-02-27 19:07:15 - scraper.crowdgen.com - INFO - ✓ SUCCESS: https://crowdgen.com/pro-nolonger | Status: 200 | Size: 532949 bytes
2026-02-27 19:07:15 - scraper.crowdgen.com - INFO - Starting scrape: https://crowdgen.com/jigglypuff-sl-sl
2026-02-27 19:07:16 - scraper.crowdgen.com - WARNING - 429 on https://crowdgen.com/jigglypuff-sl-sl — waiting 30s before retry
2026-02-27 19:07:54 - scraper.crowdgen.com - INFO - ✓ VALIDATION PASSED: https://crowdgen.com/jigglypuff-sl-sl: All validations passed
2026-02-27 19:07:54 - scraper.crowdgen.com - INFO - ✓ SUCCESS: https://crowdgen.com/jigglypuff-sl-sl | Status: 200 | Size: 622320 bytes
2026-02-27 19:07:54 - scraper.crowdgen.com - INFO - Starting scrape: https://crowdgen.com/fireweed-ru-by-translated
2026-02-27 19:07:54 - scraper.crowdgen.com - WARNING - 429 on https://crowdgen.com/fireweed-ru-by-translated — waiting 30s before retry
2026-02-27 19:08:32 - scraper.crowdgen.com - INFO - ✓ VALIDATION PASSED: https://crowdgen.com/fireweed-ru-by-translated: All validations passed
2026-02-27 19:08:32 - scraper.crowdgen.com - INFO - ✓ SUCCESS: https://crowdgen.com/fireweed-ru-by-translated | Status: 200 | Size: 638259 bytes
2026-02-27 19:08:32 - scraper.crowdgen.com - INFO - Starting scrape: https://crowdgen.com/pro-coding-a
2026-02-27 19:08:33 - scraper.crowdgen.com - WARNING - 429 on https://crowdgen.com/pro-coding-a — waiting 30s before retry
2026-02-27 19:09:08 - scraper.crowdgen.com - INFO - ✓ VALIDATION PASSED: https://crowdgen.com/pro-coding-a: All validations passed
2026-02-27 19:09:08 - scraper.crowdgen.com - INFO - ✓ SUCCESS: https://crowdgen.com/pro-coding-a | Status: 200 | Size: 527498 bytes
2026-02-27 19:09:08 - scraper.crowdgen.com - INFO - Starting scrape: https://crowdgen.com/fireweed-thai-remote
2026-02-27 19:09:09 - scraper.crowdgen.com - WARNING - 429 on https://crowdgen.com/fireweed-thai-remote — waiting 30s before retry
2026-02-27 19:09:46 - scraper.crowdgen.com - INFO - ✓ VALIDATION PASSED: https://crowdgen.com/fireweed-thai-remote: All validations passed
2026-02-27 19:09:46 - scraper.crowdgen.com - INFO - ✓ SUCCESS: https://crowdgen.com/fireweed-thai-remote | Status: 200 | Size: 649760 bytes
2026-02-27 19:09:46 - scraper.crowdgen.com - INFO - Starting scrape: https://crowdgen.com/aristotle-philosophy-en-gb
2026-02-27 19:09:47 - scraper.crowdgen.com - WARNING - 429 on https://crowdgen.com/aristotle-philosophy-en-gb — waiting 30s before retry
2026-02-27 19:10:24 - scraper.crowdgen.com - INFO - ✓ VALIDATION PASSED: https://crowdgen.com/aristotle-philosophy-en-gb: All validations passed
2026-02-27 19:10:24 - scraper.crowdgen.com - INFO - ✓ SUCCESS: https://crowdgen.com/aristotle-philosophy-en-gb | Status: 200 | Size: 614327 bytes
2026-02-27 19:10:24 - scraper.crowdgen.com - INFO - Starting scrape: https://crowdgen.com/babel-chinese-malaysia-b
2026-02-27 19:10:25 - scraper.crowdgen.com - WARNING - 429 on https://crowdgen.com/babel-chinese-malaysia-b — waiting 30s before retry
2026-02-27 19:11:02 - scraper.crowdgen.com - INFO - ✓ VALIDATION PASSED: https://crowdgen.com/babel-chinese-malaysia-b: All validations passed
2026-02-27 19:11:02 - scraper.crowdgen.com - INFO - ✓ SUCCESS: https://crowdgen.com/babel-chinese-malaysia-b | Status: 200 | Size: 602272 bytes
2026-02-27 19:11:02 - scraper.crowdgen.com - INFO - Starting scrape: https://crowdgen.com/fireweed-czech-remote-push
2026-02-27 19:11:03 - scraper.crowdgen.com - WARNING - 429 on https://crowdgen.com/fireweed-czech-remote-push — waiting 30s before retry
2026-02-27 19:11:33 - scraper.crowdgen.com - WARNING - 429 on https://crowdgen.com/fireweed-czech-remote-push — waiting 60s before retry
2026-02-27 19:12:40 - scraper.crowdgen.com - INFO - ✓ VALIDATION PASSED: https://crowdgen.com/fireweed-czech-remote-push: All validations passed
2026-02-27 19:12:40 - scraper.crowdgen.com - INFO - ✓ SUCCESS: https://crowdgen.com/fireweed-czech-remote-push | Status: 200 | Size: 640077 bytes
2026-02-27 19:12:40 - scraper.crowdgen.com - INFO - Starting scrape: https://crowdgen.com/hyperion-birmingham-romanian
2026-02-27 19:12:41 - scraper.crowdgen.com - WARNING - 429 on https://crowdgen.com/hyperion-birmingham-romanian — waiting 30s before retry
2026-02-27 19:13:16 - scraper.crowdgen.com - INFO - ✓ VALIDATION PASSED: https://crowdgen.com/hyperion-birmingham-romanian: All validations passed
2026-02-27 19:13:16 - scraper.crowdgen.com - INFO - ✓ SUCCESS: https://crowdgen.com/hyperion-birmingham-romanian | Status: 200 | Size: 614911 bytes
2026-02-27 19:13:16 - scraper.crowdgen.com - INFO - Starting scrape: https://crowdgen.com/mint-french-biology-push
2026-02-27 19:13:22 - scraper.crowdgen.com - INFO - ✓ VALIDATION PASSED: https://crowdgen.com/mint-french-biology-push: All validations passed
2026-02-27 19:13:22 - scraper.crowdgen.com - INFO - ✓ SUCCESS: https://crowdgen.com/mint-french-biology-push | Status: 200 | Size: 603703 bytes
2026-02-27 19:13:22 - scraper.crowdgen.com - INFO - Starting scrape: https://crowdgen.com/jigglypuff-de-de
2026-02-27 19:13:23 - scraper.crowdgen.com - WARNING - 429 on https://crowdgen.com/jigglypuff-de-de — waiting 30s before retry
2026-02-27 19:13:58 - scraper.crowdgen.com - INFO - ✓ VALIDATION PASSED: https://crowdgen.com/jigglypuff-de-de: All validations passed
2026-02-27 19:13:58 - scraper.crowdgen.com - INFO - ✓ SUCCESS: https://crowdgen.com/jigglypuff-de-de | Status: 200 | Size: 623240 bytes
2026-02-27 19:13:58 - scraper.crowdgen.com - INFO - Starting scrape: https://crowdgen.com/mint-french-chemistry-b
2026-02-27 19:13:59 - scraper.crowdgen.com - WARNING - 429 on https://crowdgen.com/mint-french-chemistry-b — waiting 30s before retry
2026-02-27 19:14:34 - scraper.crowdgen.com - INFO - ✓ VALIDATION PASSED: https://crowdgen.com/mint-french-chemistry-b: All validations passed
2026-02-27 19:14:34 - scraper.crowdgen.com - INFO - ✓ SUCCESS: https://crowdgen.com/mint-french-chemistry-b | Status: 200 | Size: 613677 bytes
2026-02-27 19:14:34 - scraper.crowdgen.com - INFO - Starting scrape: https://crowdgen.com/mint-chemistry-c
2026-02-27 19:14:35 - scraper.crowdgen.com - WARNING - 429 on https://crowdgen.com/mint-chemistry-c — waiting 30s before retry
2026-02-27 19:15:12 - scraper.crowdgen.com - INFO - ✓ VALIDATION PASSED: https://crowdgen.com/mint-chemistry-c: All validations passed
2026-02-27 19:15:12 - scraper.crowdgen.com - INFO - ✓ SUCCESS: https://crowdgen.com/mint-chemistry-c | Status: 200 | Size: 614181 bytes
2026-02-27 19:15:12 - scraper.crowdgen.com - INFO - Starting scrape: https://crowdgen.com/mint-physics-a
2026-02-27 19:15:13 - scraper.crowdgen.com - WARNING - 429 on https://crowdgen.com/mint-physics-a — waiting 30s before retry
2026-02-27 19:15:50 - scraper.crowdgen.com - INFO - ✓ VALIDATION PASSED: https://crowdgen.com/mint-physics-a: All validations passed
2026-02-27 19:15:50 - scraper.crowdgen.com - INFO - ✓ SUCCESS: https://crowdgen.com/mint-physics-a | Status: 200 | Size: 613501 bytes
2026-02-27 19:15:50 - scraper.crowdgen.com - INFO - Starting scrape: https://crowdgen.com/a12270-kk-kz-en
2026-02-27 19:15:50 - scraper.crowdgen.com - WARNING - 429 on https://crowdgen.com/a12270-kk-kz-en — waiting 30s before retry
2026-02-27 19:16:26 - scraper.crowdgen.com - INFO - ✓ VALIDATION PASSED: https://crowdgen.com/a12270-kk-kz-en: All validations passed
2026-02-27 19:16:26 - scraper.crowdgen.com - INFO - ✓ SUCCESS: https://crowdgen.com/a12270-kk-kz-en | Status: 200 | Size: 614413 bytes
2026-02-27 19:16:26 - scraper.crowdgen.com - INFO - Starting scrape: https://crowdgen.com/aristotle-legal-en-us
2026-02-27 19:16:27 - scraper.crowdgen.com - WARNING - 429 on https://crowdgen.com/aristotle-legal-en-us — waiting 30s before retry
2026-02-27 19:17:03 - scraper.crowdgen.com - INFO - ✓ VALIDATION PASSED: https://crowdgen.com/aristotle-legal-en-us: All validations passed
2026-02-27 19:17:03 - scraper.crowdgen.com - INFO - ✓ SUCCESS: https://crowdgen.com/aristotle-legal-en-us | Status: 200 | Size: 614299 bytes
2026-02-27 19:17:03 - scraper.crowdgen.com - INFO - Starting scrape: https://crowdgen.com/docs/general-onboarding/getting-started/where-am-i-allowed-to-work-from
2026-02-27 19:17:08 - scraper.crowdgen.com - INFO - ✓ VALIDATION PASSED: https://crowdgen.com/docs/general-onboarding/getting-started/where-am-i-allowed-to-work-from: All validations passed
2026-02-27 19:17:08 - scraper.crowdgen.com - INFO - ✓ SUCCESS: https://crowdgen.com/docs/general-onboarding/getting-started/where-am-i-allowed-to-work-from | Status: 200 | Size: 206919 bytes
2026-02-27 19:17:08 - scraper.crowdgen.com - INFO - Starting scrape: https://crowdgen.com/aristotle-legal-en-au
2026-02-27 19:17:09 - scraper.crowdgen.com - WARNING - 429 on https://crowdgen.com/aristotle-legal-en-au — waiting 30s before retry
2026-02-27 19:17:47 - scraper.crowdgen.com - INFO - ✓ VALIDATION PASSED: https://crowdgen.com/aristotle-legal-en-au: All validations passed
2026-02-27 19:17:47 - scraper.crowdgen.com - INFO - ✓ SUCCESS: https://crowdgen.com/aristotle-legal-en-au | Status: 200 | Size: 613966 bytes
2026-02-27 19:17:47 - scraper.crowdgen.com - INFO - Starting scrape: https://crowdgen.com/jigglypuff-ur-in
2026-02-27 19:17:48 - scraper.crowdgen.com - WARNING - 429 on https://crowdgen.com/jigglypuff-ur-in — waiting 30s before retry
2026-02-27 19:18:25 - scraper.crowdgen.com - INFO - ✓ VALIDATION PASSED: https://crowdgen.com/jigglypuff-ur-in: All validations passed
2026-02-27 19:18:25 - scraper.crowdgen.com - INFO - ✓ SUCCESS: https://crowdgen.com/jigglypuff-ur-in | Status: 200 | Size: 622227 bytes
2026-02-27 19:18:25 - scraper.crowdgen.com - INFO - Starting scrape: https://crowdgen.com/fireweed-ru-kg-localised-push
2026-02-27 19:18:26 - scraper.crowdgen.com - WARNING - 429 on https://crowdgen.com/fireweed-ru-kg-localised-push — waiting 30s before retry
2026-02-27 19:19:03 - scraper.crowdgen.com - INFO - ✓ VALIDATION PASSED: https://crowdgen.com/fireweed-ru-kg-localised-push: All validations passed
2026-02-27 19:19:03 - scraper.crowdgen.com - INFO - ✓ SUCCESS: https://crowdgen.com/fireweed-ru-kg-localised-push | Status: 200 | Size: 638131 bytes
2026-02-27 19:19:03 - scraper.crowdgen.com - INFO - Starting scrape: https://crowdgen.com/a11350-yue-my
2026-02-27 19:19:04 - scraper.crowdgen.com - WARNING - 429 on https://crowdgen.com/a11350-yue-my — waiting 30s before retry
2026-02-27 19:19:40 - scraper.crowdgen.com - INFO - ✓ VALIDATION PASSED: https://crowdgen.com/a11350-yue-my: All validations passed
2026-02-27 19:19:40 - scraper.crowdgen.com - INFO - ✓ SUCCESS: https://crowdgen.com/a11350-yue-my | Status: 200 | Size: 620721 bytes
2026-02-27 19:19:40 - scraper.crowdgen.com - INFO - Starting scrape: https://crowdgen.com/fireweed-ru-any-translated
2026-02-27 19:19:41 - scraper.crowdgen.com - WARNING - 429 on https://crowdgen.com/fireweed-ru-any-translated — waiting 30s before retry
2026-02-27 19:20:17 - scraper.crowdgen.com - INFO - ✓ VALIDATION PASSED: https://crowdgen.com/fireweed-ru-any-translated: All validations passed
2026-02-27 19:20:17 - scraper.crowdgen.com - INFO - ✓ SUCCESS: https://crowdgen.com/fireweed-ru-any-translated | Status: 200 | Size: 633812 bytes
2026-02-27 19:20:17 - scraper.crowdgen.com - INFO - Starting scrape: https://crowdgen.com/fireweed-ru-kg-translated
2026-02-27 19:20:18 - scraper.crowdgen.com - WARNING - 429 on https://crowdgen.com/fireweed-ru-kg-translated — waiting 30s before retry
2026-02-27 19:20:55 - scraper.crowdgen.com - INFO - ✓ VALIDATION PASSED: https://crowdgen.com/fireweed-ru-kg-translated: All validations passed
2026-02-27 19:20:55 - scraper.crowdgen.com - INFO - ✓ SUCCESS: https://crowdgen.com/fireweed-ru-kg-translated | Status: 200 | Size: 638120 bytes
2026-02-27 19:20:55 - scraper.crowdgen.com - INFO - Starting scrape: https://crowdgen.com/aristotle-philosophy-en-ca
2026-02-27 19:20:56 - scraper.crowdgen.com - WARNING - 429 on https://crowdgen.com/aristotle-philosophy-en-ca — waiting 30s before retry
2026-02-27 19:21:31 - scraper.crowdgen.com - INFO - ✓ VALIDATION PASSED: https://crowdgen.com/aristotle-philosophy-en-ca: All validations passed
2026-02-27 19:21:31 - scraper.crowdgen.com - INFO - ✓ SUCCESS: https://crowdgen.com/aristotle-philosophy-en-ca | Status: 200 | Size: 614285 bytes
2026-02-27 19:21:31 - scraper.crowdgen.com - INFO - Starting scrape: https://crowdgen.com/mint-italy-biology-push
2026-02-27 19:21:32 - scraper.crowdgen.com - WARNING - 429 on https://crowdgen.com/mint-italy-biology-push — waiting 30s before retry
2026-02-27 19:22:10 - scraper.crowdgen.com - INFO - ✓ VALIDATION PASSED: https://crowdgen.com/mint-italy-biology-push: All validations passed
2026-02-27 19:22:10 - scraper.crowdgen.com - INFO - ✓ SUCCESS: https://crowdgen.com/mint-italy-biology-push | Status: 200 | Size: 622479 bytes
2026-02-27 19:22:10 - scraper.crowdgen.com - INFO - Starting scrape: https://crowdgen.com/aralia
2026-02-27 19:22:16 - scraper.crowdgen.com - INFO - ✓ VALIDATION PASSED: https://crowdgen.com/aralia: All validations passed
2026-02-27 19:22:16 - scraper.crowdgen.com - INFO - ✓ SUCCESS: https://crowdgen.com/aralia | Status: 200 | Size: 624323 bytes
2026-02-27 19:22:16 - scraper.crowdgen.com - INFO - Starting scrape: https://crowdgen.com/collection-transcription-haitian-push
2026-02-27 19:22:17 - scraper.crowdgen.com - WARNING - 429 on https://crowdgen.com/collection-transcription-haitian-push — waiting 30s before retry
2026-02-27 19:22:53 - scraper.crowdgen.com - INFO - ✓ VALIDATION PASSED: https://crowdgen.com/collection-transcription-haitian-push: All validations passed
2026-02-27 19:22:53 - scraper.crowdgen.com - INFO - ✓ SUCCESS: https://crowdgen.com/collection-transcription-haitian-push | Status: 200 | Size: 624323 bytes
2026-02-27 19:22:53 - scraper.crowdgen.com - INFO - Starting scrape: https://crowdgen.com/fireweed-zh-cn-translated
2026-02-27 19:22:54 - scraper.crowdgen.com - WARNING - 429 on https://crowdgen.com/fireweed-zh-cn-translated — waiting 30s before retry
2026-02-27 19:23:32 - scraper.crowdgen.com - INFO - ✓ VALIDATION PASSED: https://crowdgen.com/fireweed-zh-cn-translated: All validations passed
2026-02-27 19:23:32 - scraper.crowdgen.com - INFO - ✓ SUCCESS: https://crowdgen.com/fireweed-zh-cn-translated | Status: 200 | Size: 650563 bytes
2026-02-27 19:23:32 - scraper.crowdgen.com - INFO - Starting scrape: https://crowdgen.com/docs/payments/general-payments-faq
2026-02-27 19:23:32 - scraper.crowdgen.com - WARNING - 429 on https://crowdgen.com/docs/payments/general-payments-faq — waiting 30s before retry
2026-02-27 19:24:07 - scraper.crowdgen.com - INFO - ✓ VALIDATION PASSED: https://crowdgen.com/docs/payments/general-payments-faq: All validations passed
2026-02-27 19:24:07 - scraper.crowdgen.com - INFO - ✓ SUCCESS: https://crowdgen.com/docs/payments/general-payments-faq | Status: 200 | Size: 203462 bytes
2026-02-27 19:24:07 - scraper.crowdgen.com - INFO - Starting scrape: https://crowdgen.com/aristotle-chemistry-en-us
2026-02-27 19:24:08 - scraper.crowdgen.com - WARNING - 429 on https://crowdgen.com/aristotle-chemistry-en-us — waiting 30s before retry
2026-02-27 19:24:38 - scraper.crowdgen.com - WARNING - 429 on https://crowdgen.com/aristotle-chemistry-en-us — waiting 60s before retry
2026-02-27 19:25:47 - scraper.crowdgen.com - INFO - ✓ VALIDATION PASSED: https://crowdgen.com/aristotle-chemistry-en-us: All validations passed
2026-02-27 19:25:47 - scraper.crowdgen.com - INFO - ✓ SUCCESS: https://crowdgen.com/aristotle-chemistry-en-us | Status: 200 | Size: 614531 bytes
2026-02-27 19:25:47 - scraper.crowdgen.com - INFO - Starting scrape: https://crowdgen.com/garrus-fr-ca-push
2026-02-27 19:25:48 - scraper.crowdgen.com - WARNING - 429 on https://crowdgen.com/garrus-fr-ca-push — waiting 30s before retry
2026-02-27 19:26:23 - scraper.crowdgen.com - INFO - ✓ VALIDATION PASSED: https://crowdgen.com/garrus-fr-ca-push: All validations passed
2026-02-27 19:26:23 - scraper.crowdgen.com - INFO - ✓ SUCCESS: https://crowdgen.com/garrus-fr-ca-push | Status: 200 | Size: 622555 bytes
2026-02-27 19:26:23 - scraper.crowdgen.com - INFO - Starting scrape: https://crowdgen.com/aristoxenus-biology-hi-in
2026-02-27 19:26:24 - scraper.crowdgen.com - WARNING - 429 on https://crowdgen.com/aristoxenus-biology-hi-in — waiting 30s before retry
2026-02-27 19:26:54 - scraper.crowdgen.com - WARNING - 429 on https://crowdgen.com/aristoxenus-biology-hi-in — waiting 60s before retry
2026-02-27 19:28:00 - scraper.crowdgen.com - INFO - ✓ VALIDATION PASSED: https://crowdgen.com/aristoxenus-biology-hi-in: All validations passed
2026-02-27 19:28:00 - scraper.crowdgen.com - INFO - ✓ SUCCESS: https://crowdgen.com/aristoxenus-biology-hi-in | Status: 200 | Size: 632203 bytes
2026-02-27 19:28:00 - scraper.crowdgen.com - INFO - Starting scrape: https://crowdgen.com/transcription-mongolian
2026-02-27 19:28:01 - scraper.crowdgen.com - WARNING - 429 on https://crowdgen.com/transcription-mongolian — waiting 30s before retry
2026-02-27 19:28:37 - scraper.crowdgen.com - INFO - ✓ VALIDATION PASSED: https://crowdgen.com/transcription-mongolian: All validations passed
2026-02-27 19:28:37 - scraper.crowdgen.com - INFO - ✓ SUCCESS: https://crowdgen.com/transcription-mongolian | Status: 200 | Size: 618668 bytes
2026-02-27 19:28:37 - scraper.crowdgen.com - INFO - Starting scrape: https://crowdgen.com/heather-general
2026-02-27 19:28:38 - scraper.crowdgen.com - WARNING - 429 on https://crowdgen.com/heather-general — waiting 30s before retry
2026-02-27 19:29:14 - scraper.crowdgen.com - INFO - ✓ VALIDATION PASSED: https://crowdgen.com/heather-general: All validations passed
2026-02-27 19:29:14 - scraper.crowdgen.com - INFO - ✓ SUCCESS: https://crowdgen.com/heather-general | Status: 200 | Size: 602879 bytes
2026-02-27 19:29:14 - scraper.crowdgen.com - INFO - Starting scrape: https://crowdgen.com/aristotle-puzzles-en-nz
2026-02-27 19:29:15 - scraper.crowdgen.com - WARNING - 429 on https://crowdgen.com/aristotle-puzzles-en-nz — waiting 30s before retry
2026-02-27 19:29:45 - scraper.crowdgen.com - WARNING - 429 on https://crowdgen.com/aristotle-puzzles-en-nz — waiting 60s before retry
2026-02-27 19:30:51 - scraper.crowdgen.com - INFO - ✓ VALIDATION PASSED: https://crowdgen.com/aristotle-puzzles-en-nz: All validations passed
2026-02-27 19:30:51 - scraper.crowdgen.com - INFO - ✓ SUCCESS: https://crowdgen.com/aristotle-puzzles-en-nz | Status: 200 | Size: 614674 bytes
2026-02-27 19:30:51 - scraper.crowdgen.com - INFO - Starting scrape: https://crowdgen.com/jigglypuff-pa-in
2026-02-27 19:30:52 - scraper.crowdgen.com - WARNING - 429 on https://crowdgen.com/jigglypuff-pa-in — waiting 30s before retry
2026-02-27 19:31:28 - scraper.crowdgen.com - INFO - ✓ VALIDATION PASSED: https://crowdgen.com/jigglypuff-pa-in: All validations passed
2026-02-27 19:31:28 - scraper.crowdgen.com - INFO - ✓ SUCCESS: https://crowdgen.com/jigglypuff-pa-in | Status: 200 | Size: 628723 bytes
2026-02-27 19:31:28 - scraper.crowdgen.com - INFO - Starting scrape: https://crowdgen.com/aristotle-chemistry-english-push
2026-02-27 19:31:29 - scraper.crowdgen.com - WARNING - 429 on https://crowdgen.com/aristotle-chemistry-english-push — waiting 30s before retry
2026-02-27 19:32:06 - scraper.crowdgen.com - INFO - ✓ VALIDATION PASSED: https://crowdgen.com/aristotle-chemistry-english-push: All validations passed
2026-02-27 19:32:06 - scraper.crowdgen.com - INFO - ✓ SUCCESS: https://crowdgen.com/aristotle-chemistry-english-push | Status: 200 | Size: 614386 bytes
2026-02-27 19:32:06 - scraper.crowdgen.com - INFO - Starting scrape: https://crowdgen.com/aristoxenus-mathematics-es-mx-push
2026-02-27 19:32:06 - scraper.crowdgen.com - WARNING - 429 on https://crowdgen.com/aristoxenus-mathematics-es-mx-push — waiting 30s before retry
2026-02-27 19:32:37 - scraper.crowdgen.com - WARNING - 429 on https://crowdgen.com/aristoxenus-mathematics-es-mx-push — waiting 60s before retry
2026-02-27 19:33:43 - scraper.crowdgen.com - INFO - ✓ VALIDATION PASSED: https://crowdgen.com/aristoxenus-mathematics-es-mx-push: All validations passed
2026-02-27 19:33:43 - scraper.crowdgen.com - INFO - ✓ SUCCESS: https://crowdgen.com/aristoxenus-mathematics-es-mx-push | Status: 200 | Size: 621103 bytes
2026-02-27 19:33:43 - scraper.crowdgen.com - INFO - Starting scrape: https://crowdgen.com/jigglypuff-irish-ireland
2026-02-27 19:33:43 - scraper.crowdgen.com - WARNING - 429 on https://crowdgen.com/jigglypuff-irish-ireland — waiting 30s before retry
2026-02-27 19:34:20 - scraper.crowdgen.com - INFO - ✓ VALIDATION PASSED: https://crowdgen.com/jigglypuff-irish-ireland: All validations passed
2026-02-27 19:34:20 - scraper.crowdgen.com - INFO - ✓ SUCCESS: https://crowdgen.com/jigglypuff-irish-ireland | Status: 200 | Size: 623942 bytes
2026-02-27 19:34:20 - scraper.crowdgen.com - INFO - Starting scrape: https://crowdgen.com/account
2026-02-27 19:34:21 - scraper.crowdgen.com - WARNING - 429 on https://crowdgen.com/account — waiting 30s before retry
2026-02-27 19:34:55 - scraper.crowdgen.com - WARNING - ✗ VALIDATION FAILED: https://crowdgen.com/account: Content too short (7 chars, minimum 50)
2026-02-27 19:34:55 - scraper.crowdgen.com - WARNING - Validation failed for https://crowdgen.com/account: Content too short (7 chars, minimum 50)
2026-02-27 19:34:56 - scraper.crowdgen.com - INFO - Starting scrape: https://crowdgen.com/checkout
2026-02-27 19:34:56 - scraper.crowdgen.com - WARNING - 429 on https://crowdgen.com/checkout — waiting 30s before retry
2026-02-27 19:35:31 - scraper.crowdgen.com - WARNING - ✗ VALIDATION FAILED: https://crowdgen.com/checkout: Content too short (8 chars, minimum 50)
2026-02-27 19:35:31 - scraper.crowdgen.com - WARNING - Validation failed for https://crowdgen.com/checkout: Content too short (8 chars, minimum 50)
2026-02-27 19:35:31 - scraper.crowdgen.com - INFO - Starting scrape: https://crowdgen.com/fireweed-es-ni-localised-push
2026-02-27 19:35:32 - scraper.crowdgen.com - WARNING - 429 on https://crowdgen.com/fireweed-es-ni-localised-push — waiting 30s before retry
2026-02-27 19:36:03 - scraper.crowdgen.com - WARNING - 429 on https://crowdgen.com/fireweed-es-ni-localised-push — waiting 60s before retry
2026-02-27 19:37:10 - scraper.crowdgen.com - INFO - ✓ VALIDATION PASSED: https://crowdgen.com/fireweed-es-ni-localised-push: All validations passed
2026-02-27 19:37:10 - scraper.crowdgen.com - INFO - ✓ SUCCESS: https://crowdgen.com/fireweed-es-ni-localised-push | Status: 200 | Size: 615922 bytes
2026-02-27 19:37:10 - scraper.crowdgen.com - INFO - Starting scrape: https://crowdgen.com/jigglypuff-th-th
2026-02-27 19:37:11 - scraper.crowdgen.com - WARNING - 429 on https://crowdgen.com/jigglypuff-th-th — waiting 30s before retry
2026-02-27 19:37:50 - scraper.crowdgen.com - INFO - ✓ VALIDATION PASSED: https://crowdgen.com/jigglypuff-th-th: All validations passed
2026-02-27 19:37:50 - scraper.crowdgen.com - INFO - ✓ SUCCESS: https://crowdgen.com/jigglypuff-th-th | Status: 200 | Size: 628402 bytes
2026-02-27 19:37:50 - scraper.crowdgen.com - INFO - Starting scrape: https://crowdgen.com/heather-fr-fr
2026-02-27 19:37:50 - scraper.crowdgen.com - WARNING - 429 on https://crowdgen.com/heather-fr-fr — waiting 30s before retry
2026-02-27 19:38:26 - scraper.crowdgen.com - INFO - ✓ VALIDATION PASSED: https://crowdgen.com/heather-fr-fr: All validations passed
2026-02-27 19:38:26 - scraper.crowdgen.com - INFO - ✓ SUCCESS: https://crowdgen.com/heather-fr-fr | Status: 200 | Size: 606209 bytes
2026-02-27 19:38:26 - scraper.crowdgen.com - INFO - Starting scrape: https://crowdgen.com/babel-german-push
2026-02-27 19:38:27 - scraper.crowdgen.com - WARNING - 429 on https://crowdgen.com/babel-german-push — waiting 30s before retry
2026-02-27 19:39:03 - scraper.crowdgen.com - INFO - ✓ VALIDATION PASSED: https://crowdgen.com/babel-german-push: All validations passed
2026-02-27 19:39:03 - scraper.crowdgen.com - INFO - ✓ SUCCESS: https://crowdgen.com/babel-german-push | Status: 200 | Size: 601890 bytes
2026-02-27 19:39:03 - scraper.crowdgen.com - INFO - Starting scrape: https://crowdgen.com/a11956-vi-gb-push
2026-02-27 19:39:04 - scraper.crowdgen.com - WARNING - 429 on https://crowdgen.com/a11956-vi-gb-push — waiting 30s before retry
2026-02-27 19:39:39 - scraper.crowdgen.com - INFO - ✓ VALIDATION PASSED: https://crowdgen.com/a11956-vi-gb-push: All validations passed
2026-02-27 19:39:39 - scraper.crowdgen.com - INFO - ✓ SUCCESS: https://crowdgen.com/a11956-vi-gb-push | Status: 200 | Size: 625461 bytes
2026-02-27 19:39:40 - scraper.crowdgen.com - INFO - Starting scrape: https://crowdgen.com/babel-portuguese-b
2026-02-27 19:39:40 - scraper.crowdgen.com - WARNING - 429 on https://crowdgen.com/babel-portuguese-b — waiting 30s before retry
2026-02-27 19:40:16 - scraper.crowdgen.com - INFO - ✓ VALIDATION PASSED: https://crowdgen.com/babel-portuguese-b: All validations passed
2026-02-27 19:40:16 - scraper.crowdgen.com - INFO - ✓ SUCCESS: https://crowdgen.com/babel-portuguese-b | Status: 200 | Size: 601879 bytes
2026-02-27 19:40:16 - scraper.crowdgen.com - INFO - Starting scrape: https://crowdgen.com/heather-en-in
2026-02-27 19:40:16 - scraper.crowdgen.com - WARNING - 429 on https://crowdgen.com/heather-en-in — waiting 30s before retry
2026-02-27 19:40:52 - scraper.crowdgen.com - INFO - ✓ VALIDATION PASSED: https://crowdgen.com/heather-en-in: All validations passed
2026-02-27 19:40:52 - scraper.crowdgen.com - INFO - ✓ SUCCESS: https://crowdgen.com/heather-en-in | Status: 200 | Size: 602294 bytes
2026-02-27 19:40:52 - scraper.crowdgen.com - INFO - Starting scrape: https://crowdgen.com/garrus-ar-uae-push
2026-02-27 19:40:53 - scraper.crowdgen.com - WARNING - 429 on https://crowdgen.com/garrus-ar-uae-push — waiting 30s before retry
2026-02-27 19:41:32 - scraper.crowdgen.com - INFO - ✓ VALIDATION PASSED: https://crowdgen.com/garrus-ar-uae-push: All validations passed
2026-02-27 19:41:32 - scraper.crowdgen.com - INFO - ✓ SUCCESS: https://crowdgen.com/garrus-ar-uae-push | Status: 200 | Size: 628764 bytes
2026-02-27 19:41:32 - scraper.crowdgen.com - INFO - Starting scrape: https://crowdgen.com/aristotle-legal-en-nz
2026-02-27 19:41:33 - scraper.crowdgen.com - WARNING - 429 on https://crowdgen.com/aristotle-legal-en-nz — waiting 30s before retry
2026-02-27 19:42:10 - scraper.crowdgen.com - INFO - ✓ VALIDATION PASSED: https://crowdgen.com/aristotle-legal-en-nz: All validations passed
2026-02-27 19:42:10 - scraper.crowdgen.com - INFO - ✓ SUCCESS: https://crowdgen.com/aristotle-legal-en-nz | Status: 200 | Size: 614058 bytes
2026-02-27 19:42:10 - scraper.crowdgen.com - INFO - Starting scrape: https://crowdgen.com/coffee-en-in
2026-02-27 19:42:10 - scraper.crowdgen.com - WARNING - 429 on https://crowdgen.com/coffee-en-in — waiting 30s before retry
2026-02-27 19:42:46 - scraper.crowdgen.com - INFO - ✓ VALIDATION PASSED: https://crowdgen.com/coffee-en-in: All validations passed
2026-02-27 19:42:46 - scraper.crowdgen.com - INFO - ✓ SUCCESS: https://crowdgen.com/coffee-en-in | Status: 200 | Size: 621628 bytes
2026-02-27 19:42:46 - scraper.crowdgen.com - INFO - Starting scrape: https://crowdgen.com/aristotle-history-en-nz
2026-02-27 19:42:47 - scraper.crowdgen.com - WARNING - 429 on https://crowdgen.com/aristotle-history-en-nz — waiting 30s before retry
2026-02-27 19:43:23 - scraper.crowdgen.com - INFO - ✓ VALIDATION PASSED: https://crowdgen.com/aristotle-history-en-nz: All validations passed
2026-02-27 19:43:23 - scraper.crowdgen.com - INFO - ✓ SUCCESS: https://crowdgen.com/aristotle-history-en-nz | Status: 200 | Size: 613706 bytes
2026-02-27 19:43:23 - scraper.crowdgen.com - INFO - Starting scrape: https://crowdgen.com/fireweed-ru-by-localised-push
2026-02-27 19:43:24 - scraper.crowdgen.com - WARNING - 429 on https://crowdgen.com/fireweed-ru-by-localised-push — waiting 30s before retry
2026-02-27 19:43:59 - scraper.crowdgen.com - INFO - ✓ VALIDATION PASSED: https://crowdgen.com/fireweed-ru-by-localised-push: All validations passed
2026-02-27 19:43:59 - scraper.crowdgen.com - INFO - ✓ SUCCESS: https://crowdgen.com/fireweed-ru-by-localised-push | Status: 200 | Size: 638258 bytes
2026-02-27 19:43:59 - scraper.crowdgen.com - INFO - Starting scrape: https://crowdgen.com/fireweed-indonesian-remote-push
2026-02-27 19:44:00 - scraper.crowdgen.com - WARNING - 429 on https://crowdgen.com/fireweed-indonesian-remote-push — waiting 30s before retry
2026-02-27 19:44:36 - scraper.crowdgen.com - INFO - ✓ VALIDATION PASSED: https://crowdgen.com/fireweed-indonesian-remote-push: All validations passed
2026-02-27 19:44:36 - scraper.crowdgen.com - INFO - ✓ SUCCESS: https://crowdgen.com/fireweed-indonesian-remote-push | Status: 200 | Size: 617282 bytes
2026-02-27 19:44:36 - scraper.crowdgen.com - INFO - Starting scrape: https://crowdgen.com/hermes-push
2026-02-27 19:44:37 - scraper.crowdgen.com - WARNING - 429 on https://crowdgen.com/hermes-push — waiting 30s before retry
2026-02-27 19:45:13 - scraper.crowdgen.com - INFO - ✓ VALIDATION PASSED: https://crowdgen.com/hermes-push: All validations passed
2026-02-27 19:45:13 - scraper.crowdgen.com - INFO - ✓ SUCCESS: https://crowdgen.com/hermes-push | Status: 200 | Size: 622174 bytes
2026-02-27 19:45:13 - scraper.crowdgen.com - INFO - Starting scrape: https://crowdgen.com/jigglypuff-lt-lt
2026-02-27 19:45:14 - scraper.crowdgen.com - WARNING - 429 on https://crowdgen.com/jigglypuff-lt-lt — waiting 30s before retry
2026-02-27 19:45:44 - scraper.crowdgen.com - WARNING - 429 on https://crowdgen.com/jigglypuff-lt-lt — waiting 60s before retry
2026-02-27 19:46:51 - scraper.crowdgen.com - INFO - ✓ VALIDATION PASSED: https://crowdgen.com/jigglypuff-lt-lt: All validations passed
2026-02-27 19:46:51 - scraper.crowdgen.com - INFO - ✓ SUCCESS: https://crowdgen.com/jigglypuff-lt-lt | Status: 200 | Size: 622979 bytes
2026-02-27 19:46:51 - scraper.crowdgen.com - INFO - Starting scrape: https://crowdgen.com/fireweed-ru-kz-translated
2026-02-27 19:46:51 - scraper.crowdgen.com - WARNING - 429 on https://crowdgen.com/fireweed-ru-kz-translated — waiting 30s before retry
2026-02-27 19:47:29 - scraper.crowdgen.com - INFO - ✓ VALIDATION PASSED: https://crowdgen.com/fireweed-ru-kz-translated: All validations passed
2026-02-27 19:47:29 - scraper.crowdgen.com - INFO - ✓ SUCCESS: https://crowdgen.com/fireweed-ru-kz-translated | Status: 200 | Size: 638521 bytes
2026-02-27 19:47:29 - scraper.crowdgen.com - INFO - Starting scrape: https://crowdgen.com/pro-apply
2026-02-27 19:47:29 - scraper.crowdgen.com - WARNING - 429 on https://crowdgen.com/pro-apply — waiting 30s before retry
2026-02-27 19:48:00 - scraper.crowdgen.com - WARNING - 429 on https://crowdgen.com/pro-apply — waiting 60s before retry
2026-02-27 19:49:06 - scraper.crowdgen.com - INFO - ✓ VALIDATION PASSED: https://crowdgen.com/pro-apply: All validations passed
2026-02-27 19:49:06 - scraper.crowdgen.com - INFO - ✓ SUCCESS: https://crowdgen.com/pro-apply | Status: 200 | Size: 532718 bytes
2026-02-27 19:49:06 - scraper.crowdgen.com - INFO - Starting scrape: https://crowdgen.com/a11956-vi-sg
2026-02-27 19:49:06 - scraper.crowdgen.com - WARNING - 429 on https://crowdgen.com/a11956-vi-sg — waiting 30s before retry
2026-02-27 19:49:44 - scraper.crowdgen.com - INFO - ✓ VALIDATION PASSED: https://crowdgen.com/a11956-vi-sg: All validations passed
2026-02-27 19:49:44 - scraper.crowdgen.com - INFO - ✓ SUCCESS: https://crowdgen.com/a11956-vi-sg | Status: 200 | Size: 625292 bytes
2026-02-27 19:49:45 - scraper.crowdgen.com - INFO - Starting scrape: https://crowdgen.com/fireweed-es-do-localised-push
2026-02-27 19:49:50 - scraper.crowdgen.com - INFO - ✓ VALIDATION PASSED: https://crowdgen.com/fireweed-es-do-localised-push: All validations passed
2026-02-27 19:49:50 - scraper.crowdgen.com - INFO - ✓ SUCCESS: https://crowdgen.com/fireweed-es-do-localised-push | Status: 200 | Size: 605238 bytes
2026-02-27 19:49:51 - scraper.crowdgen.com - INFO - Starting scrape: https://crowdgen.com/aristotle-puzzles-en-au
2026-02-27 19:49:51 - scraper.crowdgen.com - WARNING - 429 on https://crowdgen.com/aristotle-puzzles-en-au — waiting 30s before retry
2026-02-27 19:50:28 - scraper.crowdgen.com - INFO - ✓ VALIDATION PASSED: https://crowdgen.com/aristotle-puzzles-en-au: All validations passed
2026-02-27 19:50:28 - scraper.crowdgen.com - INFO - ✓ SUCCESS: https://crowdgen.com/aristotle-puzzles-en-au | Status: 200 | Size: 614667 bytes
2026-02-27 19:50:28 - scraper.crowdgen.com - INFO - Starting scrape: https://crowdgen.com/jigglypuff-pa-ps
2026-02-27 19:50:29 - scraper.crowdgen.com - WARNING - 429 on https://crowdgen.com/jigglypuff-pa-ps — waiting 30s before retry
2026-02-27 19:51:06 - scraper.crowdgen.com - INFO - ✓ VALIDATION PASSED: https://crowdgen.com/jigglypuff-pa-ps: All validations passed
2026-02-27 19:51:06 - scraper.crowdgen.com - INFO - ✓ SUCCESS: https://crowdgen.com/jigglypuff-pa-ps | Status: 200 | Size: 630068 bytes
2026-02-27 19:51:06 - scraper.crowdgen.com - INFO - Starting scrape: https://crowdgen.com/jigglypuff-sr-rs
2026-02-27 19:51:07 - scraper.crowdgen.com - WARNING - 429 on https://crowdgen.com/jigglypuff-sr-rs — waiting 30s before retry
2026-02-27 19:51:43 - scraper.crowdgen.com - INFO - ✓ VALIDATION PASSED: https://crowdgen.com/jigglypuff-sr-rs: All validations passed
2026-02-27 19:51:43 - scraper.crowdgen.com - INFO - ✓ SUCCESS: https://crowdgen.com/jigglypuff-sr-rs | Status: 200 | Size: 622114 bytes
2026-02-27 19:51:43 - scraper.crowdgen.com - INFO - Starting scrape: https://crowdgen.com/testhtmlfrappe
2026-02-27 19:51:44 - scraper.crowdgen.com - WARNING - 429 on https://crowdgen.com/testhtmlfrappe — waiting 30s before retry
2026-02-27 19:52:18 - scraper.crowdgen.com - INFO - ✓ VALIDATION PASSED: https://crowdgen.com/testhtmlfrappe: All validations passed
2026-02-27 19:52:18 - scraper.crowdgen.com - INFO - ✓ SUCCESS: https://crowdgen.com/testhtmlfrappe | Status: 200 | Size: 532546 bytes
2026-02-27 19:52:18 - scraper.crowdgen.com - INFO - Starting scrape: https://crowdgen.com/fireweed-zh-yue-hk-translated-push
2026-02-27 19:52:19 - scraper.crowdgen.com - WARNING - 429 on https://crowdgen.com/fireweed-zh-yue-hk-translated-push — waiting 30s before retry
2026-02-27 19:52:55 - scraper.crowdgen.com - INFO - ✓ VALIDATION PASSED: https://crowdgen.com/fireweed-zh-yue-hk-translated-push: All validations passed
2026-02-27 19:52:55 - scraper.crowdgen.com - INFO - ✓ SUCCESS: https://crowdgen.com/fireweed-zh-yue-hk-translated-push | Status: 200 | Size: 623510 bytes
2026-02-27 19:52:55 - scraper.crowdgen.com - INFO - Starting scrape: https://crowdgen.com/collection-transcription-lingala
2026-02-27 19:52:56 - scraper.crowdgen.com - WARNING - 429 on https://crowdgen.com/collection-transcription-lingala — waiting 30s before retry
2026-02-27 19:53:33 - scraper.crowdgen.com - INFO - ✓ VALIDATION PASSED: https://crowdgen.com/collection-transcription-lingala: All validations passed
2026-02-27 19:53:33 - scraper.crowdgen.com - INFO - ✓ SUCCESS: https://crowdgen.com/collection-transcription-lingala | Status: 200 | Size: 626098 bytes
2026-02-27 19:53:33 - scraper.crowdgen.com - INFO - Starting scrape: https://crowdgen.com/docs/account-faq/account-deletion-email-unsubscribe/how-do-i-unsubscribe-from-crowdgen-emails
2026-02-27 19:53:34 - scraper.crowdgen.com - WARNING - 429 on https://crowdgen.com/docs/account-faq/account-deletion-email-unsubscribe/how-do-i-unsubscribe-from-crowdgen-emails — waiting 30s before retry
2026-02-27 19:54:11 - scraper.crowdgen.com - INFO - ✓ VALIDATION PASSED: https://crowdgen.com/docs/account-faq/account-deletion-email-unsubscribe/how-do-i-unsubscribe-from-crowdgen-emails: All validations passed
2026-02-27 19:54:11 - scraper.crowdgen.com - INFO - ✓ SUCCESS: https://crowdgen.com/docs/account-faq/account-deletion-email-unsubscribe/how-do-i-unsubscribe-from-crowdgen-emails | Status: 403 | Size: 208373 bytes
2026-02-27 19:54:11 - scraper.crowdgen.com - INFO - Starting scrape: https://crowdgen.com/fireweed-yue-hk
2026-02-27 19:54:12 - scraper.crowdgen.com - WARNING - 429 on https://crowdgen.com/fireweed-yue-hk — waiting 30s before retry
2026-02-27 19:54:48 - scraper.crowdgen.com - INFO - ✓ VALIDATION PASSED: https://crowdgen.com/fireweed-yue-hk: All validations passed
2026-02-27 19:54:48 - scraper.crowdgen.com - INFO - ✓ SUCCESS: https://crowdgen.com/fireweed-yue-hk | Status: 200 | Size: 614904 bytes
2026-02-27 19:54:49 - scraper.crowdgen.com - INFO - Starting scrape: https://crowdgen.com/coffee-en-ph
2026-02-27 19:54:49 - scraper.crowdgen.com - WARNING - 429 on https://crowdgen.com/coffee-en-ph — waiting 30s before retry
2026-02-27 19:55:26 - scraper.crowdgen.com - INFO - ✓ VALIDATION PASSED: https://crowdgen.com/coffee-en-ph: All validations passed
2026-02-27 19:55:26 - scraper.crowdgen.com - INFO - ✓ SUCCESS: https://crowdgen.com/coffee-en-ph | Status: 200 | Size: 621986 bytes
2026-02-27 19:55:26 - scraper.crowdgen.com - INFO - Starting scrape: https://crowdgen.com/garrus-ar-uae-b
2026-02-27 19:55:27 - scraper.crowdgen.com - WARNING - 429 on https://crowdgen.com/garrus-ar-uae-b — waiting 30s before retry
2026-02-27 19:56:06 - scraper.crowdgen.com - INFO - ✓ VALIDATION PASSED: https://crowdgen.com/garrus-ar-uae-b: All validations passed
2026-02-27 19:56:06 - scraper.crowdgen.com - INFO - ✓ SUCCESS: https://crowdgen.com/garrus-ar-uae-b | Status: 200 | Size: 628648 bytes
2026-02-27 19:56:06 - scraper.crowdgen.com - INFO - Starting scrape: https://crowdgen.com/garrus-sv-se
2026-02-27 19:56:06 - scraper.crowdgen.com - WARNING - 429 on https://crowdgen.com/garrus-sv-se — waiting 30s before retry
2026-02-27 19:56:42 - scraper.crowdgen.com - INFO - ✓ VALIDATION PASSED: https://crowdgen.com/garrus-sv-se: All validations passed
2026-02-27 19:56:42 - scraper.crowdgen.com - INFO - ✓ SUCCESS: https://crowdgen.com/garrus-sv-se | Status: 200 | Size: 622983 bytes
2026-02-27 19:56:42 - scraper.crowdgen.com - INFO - Starting scrape: https://crowdgen.com/academy-login
2026-02-27 19:56:46 - scraper.crowdgen.com - INFO - ✓ VALIDATION PASSED: https://crowdgen.com/academy-login: All validations passed
2026-02-27 19:56:46 - scraper.crowdgen.com - INFO - ✓ SUCCESS: https://crowdgen.com/academy-login | Status: 200 | Size: 532954 bytes
2026-02-27 19:56:46 - scraper.crowdgen.com - INFO - Starting scrape: https://crowdgen.com/docs/project-faq/project-qualifications
2026-02-27 19:56:47 - scraper.crowdgen.com - WARNING - 429 on https://crowdgen.com/docs/project-faq/project-qualifications — waiting 30s before retry
2026-02-27 19:57:23 - scraper.crowdgen.com - INFO - ✓ VALIDATION PASSED: https://crowdgen.com/docs/project-faq/project-qualifications: All validations passed
2026-02-27 19:57:23 - scraper.crowdgen.com - INFO - ✓ SUCCESS: https://crowdgen.com/docs/project-faq/project-qualifications | Status: 200 | Size: 205838 bytes
2026-02-27 19:57:23 - scraper.crowdgen.com - INFO - Starting scrape: https://crowdgen.com/coffee-en-au
2026-02-27 19:57:24 - scraper.crowdgen.com - WARNING - 429 on https://crowdgen.com/coffee-en-au — waiting 30s before retry
2026-02-27 19:57:59 - scraper.crowdgen.com - INFO - ✓ VALIDATION PASSED: https://crowdgen.com/coffee-en-au: All validations passed
2026-02-27 19:57:59 - scraper.crowdgen.com - INFO - ✓ SUCCESS: https://crowdgen.com/coffee-en-au | Status: 200 | Size: 622149 bytes
2026-02-27 19:57:59 - scraper.crowdgen.com - INFO - Starting scrape: https://crowdgen.com/aristotle-chemistry-en-ca
2026-02-27 19:58:00 - scraper.crowdgen.com - WARNING - 429 on https://crowdgen.com/aristotle-chemistry-en-ca — waiting 30s before retry
2026-02-27 19:58:36 - scraper.crowdgen.com - INFO - ✓ VALIDATION PASSED: https://crowdgen.com/aristotle-chemistry-en-ca: All validations passed
2026-02-27 19:58:36 - scraper.crowdgen.com - INFO - ✓ SUCCESS: https://crowdgen.com/aristotle-chemistry-en-ca | Status: 200 | Size: 613990 bytes
2026-02-27 19:58:36 - scraper.crowdgen.com - INFO - Starting scrape: https://crowdgen.com/jigglypuff-ja-jp
2026-02-27 19:58:37 - scraper.crowdgen.com - WARNING - 429 on https://crowdgen.com/jigglypuff-ja-jp — waiting 30s before retry
2026-02-27 19:59:14 - scraper.crowdgen.com - INFO - ✓ VALIDATION PASSED: https://crowdgen.com/jigglypuff-ja-jp: All validations passed
2026-02-27 19:59:14 - scraper.crowdgen.com - INFO - ✓ SUCCESS: https://crowdgen.com/jigglypuff-ja-jp | Status: 200 | Size: 621971 bytes
2026-02-27 19:59:14 - scraper.crowdgen.com - INFO - Starting scrape: https://crowdgen.com/jigglypuff-lo-la
2026-02-27 19:59:15 - scraper.crowdgen.com - WARNING - 429 on https://crowdgen.com/jigglypuff-lo-la — waiting 30s before retry
2026-02-27 19:59:54 - scraper.crowdgen.com - INFO - ✓ VALIDATION PASSED: https://crowdgen.com/jigglypuff-lo-la: All validations passed
2026-02-27 19:59:54 - scraper.crowdgen.com - INFO - ✓ SUCCESS: https://crowdgen.com/jigglypuff-lo-la | Status: 200 | Size: 627627 bytes
2026-02-27 19:59:54 - scraper.crowdgen.com - INFO - Starting scrape: https://crowdgen.com/istone-fr-ca
2026-02-27 19:59:54 - scraper.crowdgen.com - WARNING - 429 on https://crowdgen.com/istone-fr-ca — waiting 30s before retry
2026-02-27 20:00:30 - scraper.crowdgen.com - INFO - ✓ VALIDATION PASSED: https://crowdgen.com/istone-fr-ca: All validations passed
2026-02-27 20:00:30 - scraper.crowdgen.com - INFO - ✓ SUCCESS: https://crowdgen.com/istone-fr-ca | Status: 200 | Size: 593205 bytes
2026-02-27 20:00:30 - scraper.crowdgen.com - INFO - Starting scrape: https://crowdgen.com/pro-coding
2026-02-27 20:00:31 - scraper.crowdgen.com - WARNING - 429 on https://crowdgen.com/pro-coding — waiting 30s before retry
2026-02-27 20:01:08 - scraper.crowdgen.com - INFO - ✓ VALIDATION PASSED: https://crowdgen.com/pro-coding: All validations passed
2026-02-27 20:01:08 - scraper.crowdgen.com - INFO - ✓ SUCCESS: https://crowdgen.com/pro-coding | Status: 200 | Size: 628142 bytes
2026-02-27 20:01:08 - scraper.crowdgen.com - INFO - Starting scrape: https://crowdgen.com/aristoxenus-mathematics-vi-vn-push
2026-02-27 20:01:09 - scraper.crowdgen.com - WARNING - 429 on https://crowdgen.com/aristoxenus-mathematics-vi-vn-push — waiting 30s before retry
2026-02-27 20:01:46 - scraper.crowdgen.com - INFO - ✓ VALIDATION PASSED: https://crowdgen.com/aristoxenus-mathematics-vi-vn-push: All validations passed
2026-02-27 20:01:46 - scraper.crowdgen.com - INFO - ✓ SUCCESS: https://crowdgen.com/aristoxenus-mathematics-vi-vn-push | Status: 200 | Size: 623021 bytes
2026-02-27 20:01:46 - scraper.crowdgen.com - INFO - Starting scrape: https://crowdgen.com/fireweed-ja-jp
2026-02-27 20:01:47 - scraper.crowdgen.com - WARNING - 429 on https://crowdgen.com/fireweed-ja-jp — waiting 30s before retry
2026-02-27 20:02:24 - scraper.crowdgen.com - INFO - ✓ VALIDATION PASSED: https://crowdgen.com/fireweed-ja-jp: All validations passed
2026-02-27 20:02:24 - scraper.crowdgen.com - INFO - ✓ SUCCESS: https://crowdgen.com/fireweed-ja-jp | Status: 200 | Size: 614826 bytes
2026-02-27 20:02:24 - scraper.crowdgen.com - INFO - Starting scrape: https://crowdgen.com/jigglypuff-sv-se
2026-02-27 20:02:25 - scraper.crowdgen.com - WARNING - 429 on https://crowdgen.com/jigglypuff-sv-se — waiting 30s before retry
2026-02-27 20:03:02 - scraper.crowdgen.com - INFO - ✓ VALIDATION PASSED: https://crowdgen.com/jigglypuff-sv-se: All validations passed
2026-02-27 20:03:02 - scraper.crowdgen.com - INFO - ✓ SUCCESS: https://crowdgen.com/jigglypuff-sv-se | Status: 200 | Size: 622699 bytes
2026-02-27 20:03:02 - scraper.crowdgen.com - INFO - Starting scrape: https://crowdgen.com/aristotle-biology-english-push
2026-02-27 20:03:07 - scraper.crowdgen.com - INFO - ✓ VALIDATION PASSED: https://crowdgen.com/aristotle-biology-english-push: All validations passed
2026-02-27 20:03:07 - scraper.crowdgen.com - INFO - ✓ SUCCESS: https://crowdgen.com/aristotle-biology-english-push | Status: 200 | Size: 614627 bytes
2026-02-27 20:03:07 - scraper.crowdgen.com - INFO - Starting scrape: https://crowdgen.com/aristotle-chemistry-en-gb
2026-02-27 20:03:08 - scraper.crowdgen.com - WARNING - 429 on https://crowdgen.com/aristotle-chemistry-en-gb — waiting 30s before retry
2026-02-27 20:03:44 - scraper.crowdgen.com - INFO - ✓ VALIDATION PASSED: https://crowdgen.com/aristotle-chemistry-en-gb: All validations passed
2026-02-27 20:03:44 - scraper.crowdgen.com - INFO - ✓ SUCCESS: https://crowdgen.com/aristotle-chemistry-en-gb | Status: 200 | Size: 614025 bytes
2026-02-27 20:03:44 - scraper.crowdgen.com - INFO - Starting scrape: https://crowdgen.com/babel-chinese-singapore-b
2026-02-27 20:03:49 - scraper.crowdgen.com - INFO - ✓ VALIDATION PASSED: https://crowdgen.com/babel-chinese-singapore-b: All validations passed
2026-02-27 20:03:49 - scraper.crowdgen.com - INFO - ✓ SUCCESS: https://crowdgen.com/babel-chinese-singapore-b | Status: 200 | Size: 591437 bytes
2026-02-27 20:03:49 - scraper.crowdgen.com - INFO - Starting scrape: https://crowdgen.com/aristotle-legal-en-ca
2026-02-27 20:03:50 - scraper.crowdgen.com - WARNING - 429 on https://crowdgen.com/aristotle-legal-en-ca — waiting 30s before retry
2026-02-27 20:04:27 - scraper.crowdgen.com - INFO - ✓ VALIDATION PASSED: https://crowdgen.com/aristotle-legal-en-ca: All validations passed
2026-02-27 20:04:27 - scraper.crowdgen.com - INFO - ✓ SUCCESS: https://crowdgen.com/aristotle-legal-en-ca | Status: 200 | Size: 613956 bytes
2026-02-27 20:04:27 - scraper.crowdgen.com - INFO - Starting scrape: https://crowdgen.com/fireweed-de-de
2026-02-27 20:04:28 - scraper.crowdgen.com - WARNING - 429 on https://crowdgen.com/fireweed-de-de — waiting 30s before retry
2026-02-27 20:05:04 - scraper.crowdgen.com - INFO - ✓ VALIDATION PASSED: https://crowdgen.com/fireweed-de-de: All validations passed
2026-02-27 20:05:04 - scraper.crowdgen.com - INFO - ✓ SUCCESS: https://crowdgen.com/fireweed-de-de | Status: 200 | Size: 614575 bytes
2026-02-27 20:05:04 - scraper.crowdgen.com - INFO - Starting scrape: https://crowdgen.com/a11956-vi-fr-push
2026-02-27 20:05:05 - scraper.crowdgen.com - WARNING - 429 on https://crowdgen.com/a11956-vi-fr-push — waiting 30s before retry
2026-02-27 20:05:40 - scraper.crowdgen.com - INFO - ✓ VALIDATION PASSED: https://crowdgen.com/a11956-vi-fr-push: All validations passed
2026-02-27 20:05:40 - scraper.crowdgen.com - INFO - ✓ SUCCESS: https://crowdgen.com/a11956-vi-fr-push | Status: 200 | Size: 625452 bytes
2026-02-27 20:05:40 - scraper.crowdgen.com - INFO - Starting scrape: https://crowdgen.com/aristotle-math-en-nz
2026-02-27 20:05:41 - scraper.crowdgen.com - WARNING - 429 on https://crowdgen.com/aristotle-math-en-nz — waiting 30s before retry
2026-02-27 20:06:19 - scraper.crowdgen.com - INFO - ✓ VALIDATION PASSED: https://crowdgen.com/aristotle-math-en-nz: All validations passed
2026-02-27 20:06:19 - scraper.crowdgen.com - INFO - ✓ SUCCESS: https://crowdgen.com/aristotle-math-en-nz | Status: 200 | Size: 613684 bytes
2026-02-27 20:06:19 - scraper.crowdgen.com - INFO - Starting scrape: https://crowdgen.com/voice-collection-kurmanji
2026-02-27 20:06:19 - scraper.crowdgen.com - WARNING - 429 on https://crowdgen.com/voice-collection-kurmanji — waiting 30s before retry
2026-02-27 20:06:54 - scraper.crowdgen.com - INFO - ✓ VALIDATION PASSED: https://crowdgen.com/voice-collection-kurmanji: All validations passed
2026-02-27 20:06:54 - scraper.crowdgen.com - INFO - ✓ SUCCESS: https://crowdgen.com/voice-collection-kurmanji | Status: 200 | Size: 620459 bytes
2026-02-27 20:06:54 - scraper.crowdgen.com - INFO - Starting scrape: https://crowdgen.com/manage-emails
2026-02-27 20:06:55 - scraper.crowdgen.com - WARNING - 429 on https://crowdgen.com/manage-emails — waiting 30s before retry
2026-02-27 20:07:30 - scraper.crowdgen.com - WARNING - ✗ VALIDATION FAILED: https://crowdgen.com/manage-emails: Content too short (29 chars, minimum 50)
2026-02-27 20:07:30 - scraper.crowdgen.com - WARNING - Validation failed for https://crowdgen.com/manage-emails: Content too short (29 chars, minimum 50)
2026-02-27 20:07:30 - scraper.crowdgen.com - INFO - Starting scrape: https://crowdgen.com/a12732-km-kh-2
2026-02-27 20:07:31 - scraper.crowdgen.com - WARNING - 429 on https://crowdgen.com/a12732-km-kh-2 — waiting 30s before retry
2026-02-27 20:08:07 - scraper.crowdgen.com - INFO - ✓ VALIDATION PASSED: https://crowdgen.com/a12732-km-kh-2: All validations passed
2026-02-27 20:08:07 - scraper.crowdgen.com - INFO - ✓ SUCCESS: https://crowdgen.com/a12732-km-kh-2 | Status: 200 | Size: 630134 bytes
2026-02-27 20:08:07 - scraper.crowdgen.com - INFO - Starting scrape: https://crowdgen.com/a12863-english
2026-02-27 20:08:08 - scraper.crowdgen.com - WARNING - 429 on https://crowdgen.com/a12863-english — waiting 30s before retry
2026-02-27 20:08:45 - scraper.crowdgen.com - INFO - ✓ VALIDATION PASSED: https://crowdgen.com/a12863-english: All validations passed
2026-02-27 20:08:45 - scraper.crowdgen.com - INFO - ✓ SUCCESS: https://crowdgen.com/a12863-english | Status: 200 | Size: 622615 bytes
2026-02-27 20:08:45 - scraper.crowdgen.com - INFO - Starting scrape: https://crowdgen.com/aristotle-games-english-push
2026-02-27 20:08:46 - scraper.crowdgen.com - WARNING - 429 on https://crowdgen.com/aristotle-games-english-push — waiting 30s before retry
2026-02-27 20:09:22 - scraper.crowdgen.com - INFO - ✓ VALIDATION PASSED: https://crowdgen.com/aristotle-games-english-push: All validations passed
2026-02-27 20:09:22 - scraper.crowdgen.com - INFO - ✓ SUCCESS: https://crowdgen.com/aristotle-games-english-push | Status: 200 | Size: 614803 bytes
2026-02-27 20:09:22 - scraper.crowdgen.com - INFO - Starting scrape: https://crowdgen.com/docs/general-onboarding/language-guide/what-is-my-primary-language-and-how-do-i-add-other-languages
2026-02-27 20:09:23 - scraper.crowdgen.com - WARNING - 429 on https://crowdgen.com/docs/general-onboarding/language-guide/what-is-my-primary-language-and-how-do-i-add-other-languages — waiting 30s before retry
2026-02-27 20:10:00 - scraper.crowdgen.com - INFO - ✓ VALIDATION PASSED: https://crowdgen.com/docs/general-onboarding/language-guide/what-is-my-primary-language-and-how-do-i-add-other-languages: All validations passed
2026-02-27 20:10:00 - scraper.crowdgen.com - INFO - ✓ SUCCESS: https://crowdgen.com/docs/general-onboarding/language-guide/what-is-my-primary-language-and-how-do-i-add-other-languages | Status: 200 | Size: 224825 bytes
2026-02-27 20:10:00 - scraper.crowdgen.com - INFO - Starting scrape: https://crowdgen.com/babel-italian-c
2026-02-27 20:10:00 - scraper.crowdgen.com - WARNING - 429 on https://crowdgen.com/babel-italian-c — waiting 30s before retry
2026-02-27 20:10:36 - scraper.crowdgen.com - INFO - ✓ VALIDATION PASSED: https://crowdgen.com/babel-italian-c: All validations passed
2026-02-27 20:10:36 - scraper.crowdgen.com - INFO - ✓ SUCCESS: https://crowdgen.com/babel-italian-c | Status: 200 | Size: 601802 bytes
2026-02-27 20:10:36 - scraper.crowdgen.com - INFO - Starting scrape: https://crowdgen.com/calathea-zh-tw
2026-02-27 20:10:37 - scraper.crowdgen.com - WARNING - 429 on https://crowdgen.com/calathea-zh-tw — waiting 30s before retry
2026-02-27 20:11:14 - scraper.crowdgen.com - INFO - ✓ VALIDATION PASSED: https://crowdgen.com/calathea-zh-tw: All validations passed
2026-02-27 20:11:14 - scraper.crowdgen.com - INFO - ✓ SUCCESS: https://crowdgen.com/calathea-zh-tw | Status: 200 | Size: 622761 bytes
2026-02-27 20:11:14 - scraper.crowdgen.com - INFO - Starting scrape: https://crowdgen.com/aristotle-math-english
2026-02-27 20:11:15 - scraper.crowdgen.com - WARNING - 429 on https://crowdgen.com/aristotle-math-english — waiting 30s before retry
2026-02-27 20:11:51 - scraper.crowdgen.com - INFO - ✓ VALIDATION PASSED: https://crowdgen.com/aristotle-math-english: All validations passed
2026-02-27 20:11:51 - scraper.crowdgen.com - INFO - ✓ SUCCESS: https://crowdgen.com/aristotle-math-english | Status: 200 | Size: 614095 bytes
2026-02-27 20:11:51 - scraper.crowdgen.com - INFO - Starting scrape: https://crowdgen.com/aristotle-puzzles-riddles-english-push
2026-02-27 20:11:52 - scraper.crowdgen.com - WARNING - 429 on https://crowdgen.com/aristotle-puzzles-riddles-english-push — waiting 30s before retry
2026-02-27 20:12:22 - scraper.crowdgen.com - WARNING - 429 on https://crowdgen.com/aristotle-puzzles-riddles-english-push — waiting 60s before retry
2026-02-27 20:13:28 - scraper.crowdgen.com - INFO - ✓ VALIDATION PASSED: https://crowdgen.com/aristotle-puzzles-riddles-english-push: All validations passed
2026-02-27 20:13:28 - scraper.crowdgen.com - INFO - ✓ SUCCESS: https://crowdgen.com/aristotle-puzzles-riddles-english-push | Status: 200 | Size: 615162 bytes
2026-02-27 20:13:28 - scraper.crowdgen.com - INFO - Starting scrape: https://crowdgen.com/babel-canadian-french-b
2026-02-27 20:13:29 - scraper.crowdgen.com - WARNING - 429 on https://crowdgen.com/babel-canadian-french-b — waiting 30s before retry
2026-02-27 20:14:05 - scraper.crowdgen.com - INFO - ✓ VALIDATION PASSED: https://crowdgen.com/babel-canadian-french-b: All validations passed
2026-02-27 20:14:05 - scraper.crowdgen.com - INFO - ✓ SUCCESS: https://crowdgen.com/babel-canadian-french-b | Status: 200 | Size: 601916 bytes
2026-02-27 20:14:05 - scraper.crowdgen.com - INFO - Starting scrape: https://crowdgen.com/fireweed-yue-zh-hk-push
2026-02-27 20:14:06 - scraper.crowdgen.com - WARNING - 429 on https://crowdgen.com/fireweed-yue-zh-hk-push — waiting 30s before retry
2026-02-27 20:14:36 - scraper.crowdgen.com - WARNING - 429 on https://crowdgen.com/fireweed-yue-zh-hk-push — waiting 60s before retry
2026-02-27 20:15:43 - scraper.crowdgen.com - INFO - ✓ VALIDATION PASSED: https://crowdgen.com/fireweed-yue-zh-hk-push: All validations passed
2026-02-27 20:15:43 - scraper.crowdgen.com - INFO - ✓ SUCCESS: https://crowdgen.com/fireweed-yue-zh-hk-push | Status: 200 | Size: 615339 bytes
2026-02-27 20:15:43 - scraper.crowdgen.com - INFO - Starting scrape: https://crowdgen.com/aristotle-puzzles-riddles-english
2026-02-27 20:15:43 - scraper.crowdgen.com - WARNING - 429 on https://crowdgen.com/aristotle-puzzles-riddles-english — waiting 30s before retry
2026-02-27 20:16:18 - scraper.crowdgen.com - INFO - ✓ VALIDATION PASSED: https://crowdgen.com/aristotle-puzzles-riddles-english: All validations passed
2026-02-27 20:16:18 - scraper.crowdgen.com - INFO - ✓ SUCCESS: https://crowdgen.com/aristotle-puzzles-riddles-english | Status: 200 | Size: 615122 bytes
2026-02-27 20:16:18 - scraper.crowdgen.com - INFO - Starting scrape: https://crowdgen.com/docs/account-faq/updating-profile-information/how-do-i-update-my-general-profile-information-address-email-telephone
2026-02-27 20:16:19 - scraper.crowdgen.com - WARNING - 429 on https://crowdgen.com/docs/account-faq/updating-profile-information/how-do-i-update-my-general-profile-information-address-email-telephone — waiting 30s before retry
2026-02-27 20:16:55 - scraper.crowdgen.com - INFO - ✓ VALIDATION PASSED: https://crowdgen.com/docs/account-faq/updating-profile-information/how-do-i-update-my-general-profile-information-address-email-telephone: All validations passed
2026-02-27 20:16:55 - scraper.crowdgen.com - INFO - ✓ SUCCESS: https://crowdgen.com/docs/account-faq/updating-profile-information/how-do-i-update-my-general-profile-information-address-email-telephone | Status: 200 | Size: 221072 bytes
2026-02-27 20:16:55 - scraper.crowdgen.com - INFO - Starting scrape: https://crowdgen.com/aristotle-chemistry-en-au
2026-02-27 20:16:56 - scraper.crowdgen.com - WARNING - 429 on https://crowdgen.com/aristotle-chemistry-en-au — waiting 30s before retry
2026-02-27 20:17:31 - scraper.crowdgen.com - INFO - ✓ VALIDATION PASSED: https://crowdgen.com/aristotle-chemistry-en-au: All validations passed
2026-02-27 20:17:31 - scraper.crowdgen.com - INFO - ✓ SUCCESS: https://crowdgen.com/aristotle-chemistry-en-au | Status: 200 | Size: 613998 bytes
2026-02-27 20:17:32 - scraper.crowdgen.com - INFO - Starting scrape: https://crowdgen.com/docs/payments
2026-02-27 20:17:36 - scraper.crowdgen.com - INFO - ✓ VALIDATION PASSED: https://crowdgen.com/docs/payments: All validations passed
2026-02-27 20:17:36 - scraper.crowdgen.com - INFO - ✓ SUCCESS: https://crowdgen.com/docs/payments | Status: 200 | Size: 203276 bytes
2026-02-27 20:17:36 - scraper.crowdgen.com - INFO - Starting scrape: https://crowdgen.com/fireweed-polish-remote
2026-02-27 20:17:37 - scraper.crowdgen.com - WARNING - 429 on https://crowdgen.com/fireweed-polish-remote — waiting 30s before retry
2026-02-27 20:18:13 - scraper.crowdgen.com - INFO - ✓ VALIDATION PASSED: https://crowdgen.com/fireweed-polish-remote: All validations passed
2026-02-27 20:18:13 - scraper.crowdgen.com - INFO - ✓ SUCCESS: https://crowdgen.com/fireweed-polish-remote | Status: 200 | Size: 623991 bytes
2026-02-27 20:18:13 - scraper.crowdgen.com - INFO - Starting scrape: https://crowdgen.com/jigglypuff-hu-hu
2026-02-27 20:18:14 - scraper.crowdgen.com - WARNING - 429 on https://crowdgen.com/jigglypuff-hu-hu — waiting 30s before retry
2026-02-27 20:18:50 - scraper.crowdgen.com - INFO - ✓ VALIDATION PASSED: https://crowdgen.com/jigglypuff-hu-hu: All validations passed
2026-02-27 20:18:50 - scraper.crowdgen.com - INFO - ✓ SUCCESS: https://crowdgen.com/jigglypuff-hu-hu | Status: 200 | Size: 623652 bytes
2026-02-27 20:18:50 - scraper.crowdgen.com - INFO - Starting scrape: https://crowdgen.com/a11956-vi-fr
2026-02-27 20:18:50 - scraper.crowdgen.com - WARNING - 429 on https://crowdgen.com/a11956-vi-fr — waiting 30s before retry
2026-02-27 20:19:29 - scraper.crowdgen.com - INFO - ✓ VALIDATION PASSED: https://crowdgen.com/a11956-vi-fr: All validations passed
2026-02-27 20:19:29 - scraper.crowdgen.com - INFO - ✓ SUCCESS: https://crowdgen.com/a11956-vi-fr | Status: 200 | Size: 625292 bytes
2026-02-27 20:19:29 - scraper.crowdgen.com - INFO - Starting scrape: https://crowdgen.com/aristotle-games-en-ca
2026-02-27 20:19:29 - scraper.crowdgen.com - WARNING - 429 on https://crowdgen.com/aristotle-games-en-ca — waiting 30s before retry
2026-02-27 20:20:06 - scraper.crowdgen.com - INFO - ✓ VALIDATION PASSED: https://crowdgen.com/aristotle-games-en-ca: All validations passed
2026-02-27 20:20:06 - scraper.crowdgen.com - INFO - ✓ SUCCESS: https://crowdgen.com/aristotle-games-en-ca | Status: 200 | Size: 614329 bytes
2026-02-27 20:20:06 - scraper.crowdgen.com - INFO - Starting scrape: https://crowdgen.com/hazel-sv-se
2026-02-27 20:20:07 - scraper.crowdgen.com - WARNING - 429 on https://crowdgen.com/hazel-sv-se — waiting 30s before retry
2026-02-27 20:20:43 - scraper.crowdgen.com - INFO - ✓ VALIDATION PASSED: https://crowdgen.com/hazel-sv-se: All validations passed
2026-02-27 20:20:43 - scraper.crowdgen.com - INFO - ✓ SUCCESS: https://crowdgen.com/hazel-sv-se | Status: 200 | Size: 622432 bytes
2026-02-27 20:20:43 - scraper.crowdgen.com - INFO - Starting scrape: https://crowdgen.com/a11956-vi-my
2026-02-27 20:20:44 - scraper.crowdgen.com - WARNING - 429 on https://crowdgen.com/a11956-vi-my — waiting 30s before retry
2026-02-27 20:21:21 - scraper.crowdgen.com - INFO - ✓ VALIDATION PASSED: https://crowdgen.com/a11956-vi-my: All validations passed
2026-02-27 20:21:21 - scraper.crowdgen.com - INFO - ✓ SUCCESS: https://crowdgen.com/a11956-vi-my | Status: 200 | Size: 625276 bytes
2026-02-27 20:21:21 - scraper.crowdgen.com - INFO - Starting scrape: https://crowdgen.com/mint-mathematics-b
2026-02-27 20:21:22 - scraper.crowdgen.com - WARNING - 429 on https://crowdgen.com/mint-mathematics-b — waiting 30s before retry
2026-02-27 20:21:58 - scraper.crowdgen.com - INFO - ✓ VALIDATION PASSED: https://crowdgen.com/mint-mathematics-b: All validations passed
2026-02-27 20:21:58 - scraper.crowdgen.com - INFO - ✓ SUCCESS: https://crowdgen.com/mint-mathematics-b | Status: 200 | Size: 613452 bytes
2026-02-27 20:21:58 - scraper.crowdgen.com - INFO - Starting scrape: https://crowdgen.com/jigglypuff-ko-kr
2026-02-27 20:21:59 - scraper.crowdgen.com - WARNING - 429 on https://crowdgen.com/jigglypuff-ko-kr — waiting 30s before retry
2026-02-27 20:22:34 - scraper.crowdgen.com - INFO - ✓ VALIDATION PASSED: https://crowdgen.com/jigglypuff-ko-kr: All validations passed
2026-02-27 20:22:34 - scraper.crowdgen.com - INFO - ✓ SUCCESS: https://crowdgen.com/jigglypuff-ko-kr | Status: 200 | Size: 622041 bytes
2026-02-27 20:22:34 - scraper.crowdgen.com - INFO - Starting scrape: https://crowdgen.com/babel-chinese-malaysia-a
2026-02-27 20:22:35 - scraper.crowdgen.com - WARNING - 429 on https://crowdgen.com/babel-chinese-malaysia-a — waiting 30s before retry
2026-02-27 20:23:13 - scraper.crowdgen.com - INFO - ✓ VALIDATION PASSED: https://crowdgen.com/babel-chinese-malaysia-a: All validations passed
2026-02-27 20:23:13 - scraper.crowdgen.com - INFO - ✓ SUCCESS: https://crowdgen.com/babel-chinese-malaysia-a | Status: 200 | Size: 602351 bytes
2026-02-27 20:23:13 - scraper.crowdgen.com - INFO - Starting scrape: https://crowdgen.com/docs/account-faq/logins/how-do-i-log-in-to-the-crowdgen-website
2026-02-27 20:23:17 - scraper.crowdgen.com - INFO - ✓ VALIDATION PASSED: https://crowdgen.com/docs/account-faq/logins/how-do-i-log-in-to-the-crowdgen-website: All validations passed
2026-02-27 20:23:17 - scraper.crowdgen.com - INFO - ✓ SUCCESS: https://crowdgen.com/docs/account-faq/logins/how-do-i-log-in-to-the-crowdgen-website | Status: 200 | Size: 221335 bytes
2026-02-27 20:23:17 - scraper.crowdgen.com - INFO - Starting scrape: https://crowdgen.com/babel-ca-es
2026-02-27 20:23:18 - scraper.crowdgen.com - WARNING - 429 on https://crowdgen.com/babel-ca-es — waiting 30s before retry
2026-02-27 20:23:55 - scraper.crowdgen.com - INFO - ✓ VALIDATION PASSED: https://crowdgen.com/babel-ca-es: All validations passed
2026-02-27 20:23:55 - scraper.crowdgen.com - INFO - ✓ SUCCESS: https://crowdgen.com/babel-ca-es | Status: 200 | Size: 601981 bytes
2026-02-27 20:23:55 - scraper.crowdgen.com - INFO - Starting scrape: https://crowdgen.com/fireweed-zh-tw-localised-push
2026-02-27 20:23:56 - scraper.crowdgen.com - WARNING - 429 on https://crowdgen.com/fireweed-zh-tw-localised-push — waiting 30s before retry
2026-02-27 20:24:32 - scraper.crowdgen.com - INFO - ✓ VALIDATION PASSED: https://crowdgen.com/fireweed-zh-tw-localised-push: All validations passed
2026-02-27 20:24:32 - scraper.crowdgen.com - INFO - ✓ SUCCESS: https://crowdgen.com/fireweed-zh-tw-localised-push | Status: 200 | Size: 624752 bytes
2026-02-27 20:24:32 - scraper.crowdgen.com - INFO - Starting scrape: https://crowdgen.com/docs/account-faq/updating-profile-information/how-do-i-upload-and-update-my-resume-or-cv
2026-02-27 20:24:36 - scraper.crowdgen.com - INFO - ✓ VALIDATION PASSED: https://crowdgen.com/docs/account-faq/updating-profile-information/how-do-i-upload-and-update-my-resume-or-cv: All validations passed
2026-02-27 20:24:36 - scraper.crowdgen.com - INFO - ✓ SUCCESS: https://crowdgen.com/docs/account-faq/updating-profile-information/how-do-i-upload-and-update-my-resume-or-cv | Status: 200 | Size: 219265 bytes
2026-02-27 20:24:37 - scraper.crowdgen.com - INFO - Starting scrape: https://crowdgen.com/docs/account-faq/account-deletion-email-unsubscribe/why-has-my-crowdgen-account-been-deleted
2026-02-27 20:24:37 - scraper.crowdgen.com - WARNING - 429 on https://crowdgen.com/docs/account-faq/account-deletion-email-unsubscribe/why-has-my-crowdgen-account-been-deleted — waiting 30s before retry
2026-02-27 20:25:14 - scraper.crowdgen.com - INFO - ✓ VALIDATION PASSED: https://crowdgen.com/docs/account-faq/account-deletion-email-unsubscribe/why-has-my-crowdgen-account-been-deleted: All validations passed
2026-02-27 20:25:14 - scraper.crowdgen.com - INFO - ✓ SUCCESS: https://crowdgen.com/docs/account-faq/account-deletion-email-unsubscribe/why-has-my-crowdgen-account-been-deleted | Status: 200 | Size: 205628 bytes
2026-02-27 20:25:15 - scraper.crowdgen.com - INFO - Starting scrape: https://crowdgen.com/mint-french-chemistry-c
2026-02-27 20:25:15 - scraper.crowdgen.com - WARNING - 429 on https://crowdgen.com/mint-french-chemistry-c — waiting 30s before retry
2026-02-27 20:25:51 - scraper.crowdgen.com - INFO - ✓ VALIDATION PASSED: https://crowdgen.com/mint-french-chemistry-c: All validations passed
2026-02-27 20:25:51 - scraper.crowdgen.com - INFO - ✓ SUCCESS: https://crowdgen.com/mint-french-chemistry-c | Status: 200 | Size: 613820 bytes
2026-02-27 20:25:51 - scraper.crowdgen.com - INFO - Starting scrape: https://crowdgen.com/coffee-en-za
2026-02-27 20:25:57 - scraper.crowdgen.com - INFO - ✓ VALIDATION PASSED: https://crowdgen.com/coffee-en-za: All validations passed
2026-02-27 20:25:57 - scraper.crowdgen.com - INFO - ✓ SUCCESS: https://crowdgen.com/coffee-en-za | Status: 200 | Size: 637789 bytes
2026-02-27 20:25:57 - scraper.crowdgen.com - INFO - Starting scrape: https://crowdgen.com/avatara-registration-form
2026-02-27 20:25:58 - scraper.crowdgen.com - WARNING - 429 on https://crowdgen.com/avatara-registration-form — waiting 30s before retry
2026-02-27 20:26:35 - scraper.crowdgen.com - INFO - ✓ VALIDATION PASSED: https://crowdgen.com/avatara-registration-form: All validations passed
2026-02-27 20:26:35 - scraper.crowdgen.com - INFO - ✓ SUCCESS: https://crowdgen.com/avatara-registration-form | Status: 200 | Size: 543410 bytes
2026-02-27 20:26:35 - scraper.crowdgen.com - INFO - Starting scrape: https://crowdgen.com/docs/crowdgen-contributor-standards-what-crowdgen-expects-from-you
2026-02-27 20:26:41 - scraper.crowdgen.com - INFO - ✓ VALIDATION PASSED: https://crowdgen.com/docs/crowdgen-contributor-standards-what-crowdgen-expects-from-you: All validations passed
2026-02-27 20:26:41 - scraper.crowdgen.com - INFO - ✓ SUCCESS: https://crowdgen.com/docs/crowdgen-contributor-standards-what-crowdgen-expects-from-you | Status: 200 | Size: 209525 bytes
2026-02-27 20:26:41 - scraper.crowdgen.com - INFO - Starting scrape: https://crowdgen.com/docs/project-faq/general-project-faq/do-i-need-to-track-the-time-i-spend-providing-evaluation-services
2026-02-27 20:26:42 - scraper.crowdgen.com - WARNING - 429 on https://crowdgen.com/docs/project-faq/general-project-faq/do-i-need-to-track-the-time-i-spend-providing-evaluation-services — waiting 30s before retry
2026-02-27 20:27:17 - scraper.crowdgen.com - INFO - ✓ VALIDATION PASSED: https://crowdgen.com/docs/project-faq/general-project-faq/do-i-need-to-track-the-time-i-spend-providing-evaluation-services: All validations passed
2026-02-27 20:27:17 - scraper.crowdgen.com - INFO - ✓ SUCCESS: https://crowdgen.com/docs/project-faq/general-project-faq/do-i-need-to-track-the-time-i-spend-providing-evaluation-services | Status: 200 | Size: 207549 bytes
2026-02-27 20:27:17 - scraper.crowdgen.com - INFO - Starting scrape: https://crowdgen.com/docs/project-faq/project-qualifications/if-i-dont-pass-qualification-on-my-first-try-can-i-attempt-to-requalify
2026-02-27 20:27:18 - scraper.crowdgen.com - WARNING - 429 on https://crowdgen.com/docs/project-faq/project-qualifications/if-i-dont-pass-qualification-on-my-first-try-can-i-attempt-to-requalify — waiting 30s before retry
2026-02-27 20:27:53 - scraper.crowdgen.com - INFO - ✓ VALIDATION PASSED: https://crowdgen.com/docs/project-faq/project-qualifications/if-i-dont-pass-qualification-on-my-first-try-can-i-attempt-to-requalify: All validations passed
2026-02-27 20:27:53 - scraper.crowdgen.com - INFO - ✓ SUCCESS: https://crowdgen.com/docs/project-faq/project-qualifications/if-i-dont-pass-qualification-on-my-first-try-can-i-attempt-to-requalify | Status: 200 | Size: 207311 bytes
2026-02-27 20:27:53 - scraper.crowdgen.com - INFO - Starting scrape: https://crowdgen.com/raven-en-us
2026-02-27 20:27:54 - scraper.crowdgen.com - WARNING - 429 on https://crowdgen.com/raven-en-us — waiting 30s before retry
2026-02-27 20:28:36 - scraper.crowdgen.com - INFO - ✓ VALIDATION PASSED: https://crowdgen.com/raven-en-us: All validations passed
2026-02-27 20:28:36 - scraper.crowdgen.com - INFO - ✓ SUCCESS: https://crowdgen.com/raven-en-us | Status: 200 | Size: 621770 bytes
2026-02-27 20:28:36 - scraper.crowdgen.com - INFO - Starting scrape: https://crowdgen.com/fireweed-malay-remote
2026-02-27 20:28:37 - scraper.crowdgen.com - WARNING - 429 on https://crowdgen.com/fireweed-malay-remote — waiting 30s before retry
2026-02-27 20:29:15 - scraper.crowdgen.com - INFO - ✓ VALIDATION PASSED: https://crowdgen.com/fireweed-malay-remote: All validations passed
2026-02-27 20:29:15 - scraper.crowdgen.com - INFO - ✓ SUCCESS: https://crowdgen.com/fireweed-malay-remote | Status: 200 | Size: 639081 bytes
2026-02-27 20:29:15 - scraper.crowdgen.com - INFO - Starting scrape: https://crowdgen.com/aristotle-philosophy-english
2026-02-27 20:29:15 - scraper.crowdgen.com - WARNING - 429 on https://crowdgen.com/aristotle-philosophy-english — waiting 30s before retry
2026-02-27 20:29:52 - scraper.crowdgen.com - INFO - ✓ VALIDATION PASSED: https://crowdgen.com/aristotle-philosophy-english: All validations passed
2026-02-27 20:29:52 - scraper.crowdgen.com - INFO - ✓ SUCCESS: https://crowdgen.com/aristotle-philosophy-english | Status: 200 | Size: 614672 bytes
2026-02-27 20:29:52 - scraper.crowdgen.com - INFO - Starting scrape: https://crowdgen.com/fireweed-zh-hk-push
2026-02-27 20:29:53 - scraper.crowdgen.com - WARNING - 429 on https://crowdgen.com/fireweed-zh-hk-push — waiting 30s before retry
2026-02-27 20:30:30 - scraper.crowdgen.com - INFO - ✓ VALIDATION PASSED: https://crowdgen.com/fireweed-zh-hk-push: All validations passed
2026-02-27 20:30:30 - scraper.crowdgen.com - INFO - ✓ SUCCESS: https://crowdgen.com/fireweed-zh-hk-push | Status: 200 | Size: 614884 bytes
2026-02-27 20:30:30 - scraper.crowdgen.com - INFO - Starting scrape: https://crowdgen.com/hyperion-birmingham-polish-push
2026-02-27 20:30:31 - scraper.crowdgen.com - WARNING - 429 on https://crowdgen.com/hyperion-birmingham-polish-push — waiting 30s before retry
2026-02-27 20:31:08 - scraper.crowdgen.com - INFO - ✓ VALIDATION PASSED: https://crowdgen.com/hyperion-birmingham-polish-push: All validations passed
2026-02-27 20:31:08 - scraper.crowdgen.com - INFO - ✓ SUCCESS: https://crowdgen.com/hyperion-birmingham-polish-push | Status: 200 | Size: 614338 bytes
2026-02-27 20:31:08 - scraper.crowdgen.com - INFO - Starting scrape: https://crowdgen.com/babel-danish-b
2026-02-27 20:31:09 - scraper.crowdgen.com - WARNING - 429 on https://crowdgen.com/babel-danish-b — waiting 30s before retry
2026-02-27 20:31:46 - scraper.crowdgen.com - INFO - ✓ VALIDATION PASSED: https://crowdgen.com/babel-danish-b: All validations passed
2026-02-27 20:31:46 - scraper.crowdgen.com - INFO - ✓ SUCCESS: https://crowdgen.com/babel-danish-b | Status: 200 | Size: 601725 bytes
2026-02-27 20:31:46 - scraper.crowdgen.com - INFO - Starting scrape: https://crowdgen.com/fireweed-khmer-remote-push
2026-02-27 20:31:51 - scraper.crowdgen.com - INFO - ✓ VALIDATION PASSED: https://crowdgen.com/fireweed-khmer-remote-push: All validations passed
2026-02-27 20:31:51 - scraper.crowdgen.com - INFO - ✓ SUCCESS: https://crowdgen.com/fireweed-khmer-remote-push | Status: 200 | Size: 654173 bytes
2026-02-27 20:31:51 - scraper.crowdgen.com - INFO - Starting scrape: https://crowdgen.com/babel-en-ee
2026-02-27 20:31:52 - scraper.crowdgen.com - WARNING - 429 on https://crowdgen.com/babel-en-ee — waiting 30s before retry
2026-02-27 20:32:28 - scraper.crowdgen.com - INFO - ✓ VALIDATION PASSED: https://crowdgen.com/babel-en-ee: All validations passed
2026-02-27 20:32:28 - scraper.crowdgen.com - INFO - ✓ SUCCESS: https://crowdgen.com/babel-en-ee | Status: 200 | Size: 601957 bytes
2026-02-27 20:32:28 - scraper.crowdgen.com - INFO - Starting scrape: https://crowdgen.com/fireweed-yue-any-translated
2026-02-27 20:32:29 - scraper.crowdgen.com - WARNING - 429 on https://crowdgen.com/fireweed-yue-any-translated — waiting 30s before retry
2026-02-27 20:33:06 - scraper.crowdgen.com - INFO - ✓ VALIDATION PASSED: https://crowdgen.com/fireweed-yue-any-translated: All validations passed
2026-02-27 20:33:06 - scraper.crowdgen.com - INFO - ✓ SUCCESS: https://crowdgen.com/fireweed-yue-any-translated | Status: 200 | Size: 623091 bytes
2026-02-27 20:33:06 - scraper.crowdgen.com - INFO - Starting scrape: https://crowdgen.com/jigglypuff-hr-hr
2026-02-27 20:33:07 - scraper.crowdgen.com - WARNING - 429 on https://crowdgen.com/jigglypuff-hr-hr — waiting 30s before retry
2026-02-27 20:33:44 - scraper.crowdgen.com - INFO - ✓ VALIDATION PASSED: https://crowdgen.com/jigglypuff-hr-hr: All validations passed
2026-02-27 20:33:44 - scraper.crowdgen.com - INFO - ✓ SUCCESS: https://crowdgen.com/jigglypuff-hr-hr | Status: 200 | Size: 622557 bytes
2026-02-27 20:33:44 - scraper.crowdgen.com - INFO - Starting scrape: https://crowdgen.com/babel-slovene-b
2026-02-27 20:33:45 - scraper.crowdgen.com - WARNING - 429 on https://crowdgen.com/babel-slovene-b — waiting 30s before retry
2026-02-27 20:34:21 - scraper.crowdgen.com - INFO - ✓ VALIDATION PASSED: https://crowdgen.com/babel-slovene-b: All validations passed
2026-02-27 20:34:21 - scraper.crowdgen.com - INFO - ✓ SUCCESS: https://crowdgen.com/babel-slovene-b | Status: 200 | Size: 601770 bytes
2026-02-27 20:34:21 - scraper.crowdgen.com - INFO - Starting scrape: https://crowdgen.com/babel-french-c
2026-02-27 20:34:21 - scraper.crowdgen.com - WARNING - 429 on https://crowdgen.com/babel-french-c — waiting 30s before retry
2026-02-27 20:34:57 - scraper.crowdgen.com - INFO - ✓ VALIDATION PASSED: https://crowdgen.com/babel-french-c: All validations passed
2026-02-27 20:34:57 - scraper.crowdgen.com - INFO - ✓ SUCCESS: https://crowdgen.com/babel-french-c | Status: 200 | Size: 601736 bytes
2026-02-27 20:34:57 - scraper.crowdgen.com - INFO - Starting scrape: https://crowdgen.com/heather-pt-br
2026-02-27 20:34:57 - scraper.crowdgen.com - WARNING - 429 on https://crowdgen.com/heather-pt-br — waiting 30s before retry
2026-02-27 20:35:28 - scraper.crowdgen.com - WARNING - 429 on https://crowdgen.com/heather-pt-br — waiting 60s before retry
2026-02-27 20:36:34 - scraper.crowdgen.com - INFO - ✓ VALIDATION PASSED: https://crowdgen.com/heather-pt-br: All validations passed
2026-02-27 20:36:34 - scraper.crowdgen.com - INFO - ✓ SUCCESS: https://crowdgen.com/heather-pt-br | Status: 200 | Size: 602474 bytes
2026-02-27 20:36:34 - scraper.crowdgen.com - INFO - Starting scrape: https://crowdgen.com/docs/general-onboarding/language-guide/what-does-dialect-mean-why-am-i-choosing-a-country-here
2026-02-27 20:36:35 - scraper.crowdgen.com - WARNING - 429 on https://crowdgen.com/docs/general-onboarding/language-guide/what-does-dialect-mean-why-am-i-choosing-a-country-here — waiting 30s before retry
2026-02-27 20:37:06 - scraper.crowdgen.com - WARNING - 429 on https://crowdgen.com/docs/general-onboarding/language-guide/what-does-dialect-mean-why-am-i-choosing-a-country-here — waiting 60s before retry
2026-02-27 20:38:11 - scraper.crowdgen.com - INFO - ✓ VALIDATION PASSED: https://crowdgen.com/docs/general-onboarding/language-guide/what-does-dialect-mean-why-am-i-choosing-a-country-here: All validations passed
2026-02-27 20:38:11 - scraper.crowdgen.com - INFO - ✓ SUCCESS: https://crowdgen.com/docs/general-onboarding/language-guide/what-does-dialect-mean-why-am-i-choosing-a-country-here | Status: 200 | Size: 208078 bytes
2026-02-27 20:38:12 - scraper.crowdgen.com - INFO - Starting scrape: https://crowdgen.com/coffee-en-eg
2026-02-27 20:38:12 - scraper.crowdgen.com - WARNING - 429 on https://crowdgen.com/coffee-en-eg — waiting 30s before retry
2026-02-27 20:38:49 - scraper.crowdgen.com - INFO - ✓ VALIDATION PASSED: https://crowdgen.com/coffee-en-eg: All validations passed
2026-02-27 20:38:49 - scraper.crowdgen.com - INFO - ✓ SUCCESS: https://crowdgen.com/coffee-en-eg | Status: 200 | Size: 621638 bytes
2026-02-27 20:38:49 - scraper.crowdgen.com - INFO - Starting scrape: https://crowdgen.com/docs/general-onboarding
2026-02-27 20:38:50 - scraper.crowdgen.com - WARNING - 429 on https://crowdgen.com/docs/general-onboarding — waiting 30s before retry
2026-02-27 20:39:26 - scraper.crowdgen.com - INFO - ✓ VALIDATION PASSED: https://crowdgen.com/docs/general-onboarding: All validations passed
2026-02-27 20:39:26 - scraper.crowdgen.com - INFO - ✓ SUCCESS: https://crowdgen.com/docs/general-onboarding | Status: 200 | Size: 205904 bytes
2026-02-27 20:39:26 - scraper.crowdgen.com - INFO - Starting scrape: https://crowdgen.com/mint-german-biology-b
2026-02-27 20:39:27 - scraper.crowdgen.com - WARNING - 429 on https://crowdgen.com/mint-german-biology-b — waiting 30s before retry
2026-02-27 20:40:05 - scraper.crowdgen.com - INFO - ✓ VALIDATION PASSED: https://crowdgen.com/mint-german-biology-b: All validations passed
2026-02-27 20:40:05 - scraper.crowdgen.com - INFO - ✓ SUCCESS: https://crowdgen.com/mint-german-biology-b | Status: 200 | Size: 613711 bytes
2026-02-27 20:40:06 - scraper.crowdgen.com - INFO - Starting scrape: https://crowdgen.com/jigglypuff-nl-nl
2026-02-27 20:40:06 - scraper.crowdgen.com - WARNING - 429 on https://crowdgen.com/jigglypuff-nl-nl — waiting 30s before retry
2026-02-27 20:40:43 - scraper.crowdgen.com - INFO - ✓ VALIDATION PASSED: https://crowdgen.com/jigglypuff-nl-nl: All validations passed
2026-02-27 20:40:43 - scraper.crowdgen.com - INFO - ✓ SUCCESS: https://crowdgen.com/jigglypuff-nl-nl | Status: 200 | Size: 623659 bytes
2026-02-27 20:40:43 - scraper.crowdgen.com - INFO - Starting scrape: https://crowdgen.com/babel-german-c
2026-02-27 20:40:44 - scraper.crowdgen.com - WARNING - 429 on https://crowdgen.com/babel-german-c — waiting 30s before retry
2026-02-27 20:41:21 - scraper.crowdgen.com - INFO - ✓ VALIDATION PASSED: https://crowdgen.com/babel-german-c: All validations passed
2026-02-27 20:41:21 - scraper.crowdgen.com - INFO - ✓ SUCCESS: https://crowdgen.com/babel-german-c | Status: 200 | Size: 601714 bytes
2026-02-27 20:41:21 - scraper.crowdgen.com - INFO - Starting scrape: https://crowdgen.com/mavena-danish-english
2026-02-27 20:41:22 - scraper.crowdgen.com - WARNING - 429 on https://crowdgen.com/mavena-danish-english — waiting 30s before retry
2026-02-27 20:41:57 - scraper.crowdgen.com - INFO - ✓ VALIDATION PASSED: https://crowdgen.com/mavena-danish-english: All validations passed
2026-02-27 20:41:57 - scraper.crowdgen.com - INFO - ✓ SUCCESS: https://crowdgen.com/mavena-danish-english | Status: 200 | Size: 622109 bytes
2026-02-27 20:41:57 - scraper.crowdgen.com - INFO - Starting scrape: https://crowdgen.com/aristotle-biology-en-au
2026-02-27 20:41:58 - scraper.crowdgen.com - WARNING - 429 on https://crowdgen.com/aristotle-biology-en-au — waiting 30s before retry
2026-02-27 20:42:36 - scraper.crowdgen.com - INFO - ✓ VALIDATION PASSED: https://crowdgen.com/aristotle-biology-en-au: All validations passed
2026-02-27 20:42:36 - scraper.crowdgen.com - INFO - ✓ SUCCESS: https://crowdgen.com/aristotle-biology-en-au | Status: 200 | Size: 614124 bytes
2026-02-27 20:42:36 - scraper.crowdgen.com - INFO - Starting scrape: https://crowdgen.com/garrus-fr-ca
2026-02-27 20:42:37 - scraper.crowdgen.com - WARNING - 429 on https://crowdgen.com/garrus-fr-ca — waiting 30s before retry
2026-02-27 20:43:14 - scraper.crowdgen.com - INFO - ✓ VALIDATION PASSED: https://crowdgen.com/garrus-fr-ca: All validations passed
2026-02-27 20:43:14 - scraper.crowdgen.com - INFO - ✓ SUCCESS: https://crowdgen.com/garrus-fr-ca | Status: 200 | Size: 622496 bytes
2026-02-27 20:43:14 - scraper.crowdgen.com - INFO - Starting scrape: https://crowdgen.com/academy-profile
2026-02-27 20:43:18 - scraper.crowdgen.com - INFO - ✓ VALIDATION PASSED: https://crowdgen.com/academy-profile: All validations passed
2026-02-27 20:43:18 - scraper.crowdgen.com - INFO - ✓ SUCCESS: https://crowdgen.com/academy-profile | Status: 200 | Size: 549281 bytes
2026-02-27 20:43:18 - scraper.crowdgen.com - INFO - Starting scrape: https://crowdgen.com/fireweed-ru-remote-push
2026-02-27 20:43:19 - scraper.crowdgen.com - WARNING - 429 on https://crowdgen.com/fireweed-ru-remote-push — waiting 30s before retry
2026-02-27 20:43:54 - scraper.crowdgen.com - INFO - ✓ VALIDATION PASSED: https://crowdgen.com/fireweed-ru-remote-push: All validations passed
2026-02-27 20:43:54 - scraper.crowdgen.com - INFO - ✓ SUCCESS: https://crowdgen.com/fireweed-ru-remote-push | Status: 200 | Size: 614705 bytes
2026-02-27 20:43:54 - scraper.crowdgen.com - INFO - Starting scrape: https://crowdgen.com/fireweed-zh-tw
2026-02-27 20:43:59 - scraper.crowdgen.com - INFO - ✓ VALIDATION PASSED: https://crowdgen.com/fireweed-zh-tw: All validations passed
2026-02-27 20:43:59 - scraper.crowdgen.com - INFO - ✓ SUCCESS: https://crowdgen.com/fireweed-zh-tw | Status: 200 | Size: 614744 bytes
2026-02-27 20:43:59 - scraper.crowdgen.com - INFO - Starting scrape: https://crowdgen.com/jigglypuff-mt-mt
2026-02-27 20:44:00 - scraper.crowdgen.com - WARNING - 429 on https://crowdgen.com/jigglypuff-mt-mt — waiting 30s before retry
2026-02-27 20:44:38 - scraper.crowdgen.com - INFO - ✓ VALIDATION PASSED: https://crowdgen.com/jigglypuff-mt-mt: All validations passed
2026-02-27 20:44:38 - scraper.crowdgen.com - INFO - ✓ SUCCESS: https://crowdgen.com/jigglypuff-mt-mt | Status: 200 | Size: 623347 bytes
2026-02-27 20:44:39 - scraper.crowdgen.com - INFO - Starting scrape: https://crowdgen.com/pro-construction
2026-02-27 20:44:39 - scraper.crowdgen.com - WARNING - 429 on https://crowdgen.com/pro-construction — waiting 30s before retry
2026-02-27 20:45:15 - scraper.crowdgen.com - INFO - ✓ VALIDATION PASSED: https://crowdgen.com/pro-construction: All validations passed
2026-02-27 20:45:15 - scraper.crowdgen.com - INFO - ✓ SUCCESS: https://crowdgen.com/pro-construction | Status: 200 | Size: 527454 bytes
2026-02-27 20:45:15 - scraper.crowdgen.com - INFO - Starting scrape: https://crowdgen.com/avatara-2025-push
2026-02-27 20:45:16 - scraper.crowdgen.com - WARNING - 429 on https://crowdgen.com/avatara-2025-push — waiting 30s before retry
2026-02-27 20:45:52 - scraper.crowdgen.com - INFO - ✓ VALIDATION PASSED: https://crowdgen.com/avatara-2025-push: All validations passed
2026-02-27 20:45:52 - scraper.crowdgen.com - INFO - ✓ SUCCESS: https://crowdgen.com/avatara-2025-push | Status: 200 | Size: 624536 bytes
2026-02-27 20:45:53 - scraper.crowdgen.com - INFO - Starting scrape: https://crowdgen.com/a11169-et-ee-english
2026-02-27 20:45:53 - scraper.crowdgen.com - WARNING - 429 on https://crowdgen.com/a11169-et-ee-english — waiting 30s before retry
2026-02-27 20:46:29 - scraper.crowdgen.com - INFO - ✓ VALIDATION PASSED: https://crowdgen.com/a11169-et-ee-english: All validations passed
2026-02-27 20:46:29 - scraper.crowdgen.com - INFO - ✓ SUCCESS: https://crowdgen.com/a11169-et-ee-english | Status: 200 | Size: 622215 bytes
2026-02-27 20:46:29 - scraper.crowdgen.com - INFO - Starting scrape: https://crowdgen.com/garrus-sv-se-push
2026-02-27 20:46:30 - scraper.crowdgen.com - WARNING - 429 on https://crowdgen.com/garrus-sv-se-push — waiting 30s before retry
2026-02-27 20:47:06 - scraper.crowdgen.com - INFO - ✓ VALIDATION PASSED: https://crowdgen.com/garrus-sv-se-push: All validations passed
2026-02-27 20:47:06 - scraper.crowdgen.com - INFO - ✓ SUCCESS: https://crowdgen.com/garrus-sv-se-push | Status: 200 | Size: 623120 bytes
2026-02-27 20:47:06 - scraper.crowdgen.com - INFO - Starting scrape: https://crowdgen.com/remote-jobs-for-taiwanese
2026-02-27 20:47:07 - scraper.crowdgen.com - WARNING - 429 on https://crowdgen.com/remote-jobs-for-taiwanese — waiting 30s before retry
2026-02-27 20:47:42 - scraper.crowdgen.com - INFO - ✓ VALIDATION PASSED: https://crowdgen.com/remote-jobs-for-taiwanese: All validations passed
2026-02-27 20:47:42 - scraper.crowdgen.com - INFO - ✓ SUCCESS: https://crowdgen.com/remote-jobs-for-taiwanese | Status: 200 | Size: 682995 bytes
2026-02-27 20:47:42 - scraper.crowdgen.com - INFO - Starting scrape: https://crowdgen.com/aristotle-physics-en-us
2026-02-27 20:47:43 - scraper.crowdgen.com - WARNING - 429 on https://crowdgen.com/aristotle-physics-en-us — waiting 30s before retry
2026-02-27 20:48:13 - scraper.crowdgen.com - WARNING - 429 on https://crowdgen.com/aristotle-physics-en-us — waiting 60s before retry
2026-02-27 20:49:20 - scraper.crowdgen.com - INFO - ✓ VALIDATION PASSED: https://crowdgen.com/aristotle-physics-en-us: All validations passed
2026-02-27 20:49:20 - scraper.crowdgen.com - INFO - ✓ SUCCESS: https://crowdgen.com/aristotle-physics-en-us | Status: 200 | Size: 613839 bytes
2026-02-27 20:49:21 - scraper.crowdgen.com - INFO - Starting scrape: https://crowdgen.com/babel-dutch-b
2026-02-27 20:49:21 - scraper.crowdgen.com - WARNING - 429 on https://crowdgen.com/babel-dutch-b — waiting 30s before retry
2026-02-27 20:49:58 - scraper.crowdgen.com - INFO - ✓ VALIDATION PASSED: https://crowdgen.com/babel-dutch-b: All validations passed
2026-02-27 20:49:58 - scraper.crowdgen.com - INFO - ✓ SUCCESS: https://crowdgen.com/babel-dutch-b | Status: 200 | Size: 601708 bytes
2026-02-27 20:49:58 - scraper.crowdgen.com - INFO - Starting scrape: https://crowdgen.com/jigglypuff-ne-np
2026-02-27 20:49:59 - scraper.crowdgen.com - WARNING - 429 on https://crowdgen.com/jigglypuff-ne-np — waiting 30s before retry
2026-02-27 20:50:29 - scraper.crowdgen.com - WARNING - 429 on https://crowdgen.com/jigglypuff-ne-np — waiting 60s before retry
2026-02-27 20:51:37 - scraper.crowdgen.com - INFO - ✓ VALIDATION PASSED: https://crowdgen.com/jigglypuff-ne-np: All validations passed
2026-02-27 20:51:37 - scraper.crowdgen.com - INFO - ✓ SUCCESS: https://crowdgen.com/jigglypuff-ne-np | Status: 200 | Size: 629151 bytes
2026-02-27 20:51:37 - scraper.crowdgen.com - INFO - Starting scrape: https://crowdgen.com/fireweed-es-hn-translated
2026-02-27 20:51:37 - scraper.crowdgen.com - WARNING - 429 on https://crowdgen.com/fireweed-es-hn-translated — waiting 30s before retry
2026-02-27 20:52:08 - scraper.crowdgen.com - WARNING - 429 on https://crowdgen.com/fireweed-es-hn-translated — waiting 60s before retry
2026-02-27 20:53:16 - scraper.crowdgen.com - INFO - ✓ VALIDATION PASSED: https://crowdgen.com/fireweed-es-hn-translated: All validations passed
2026-02-27 20:53:16 - scraper.crowdgen.com - INFO - ✓ SUCCESS: https://crowdgen.com/fireweed-es-hn-translated | Status: 200 | Size: 615827 bytes
2026-02-27 20:53:16 - scraper.crowdgen.com - INFO - Starting scrape: https://crowdgen.com/docs/general-onboarding/language-guide/when-i-go-to-select-another-language-i-speak-there-are-many-displayed-how-do-i-choose-the-correct-ones
2026-02-27 20:53:17 - scraper.crowdgen.com - WARNING - 429 on https://crowdgen.com/docs/general-onboarding/language-guide/when-i-go-to-select-another-language-i-speak-there-are-many-displayed-how-do-i-choose-the-correct-ones — waiting 30s before retry
2026-02-27 20:53:52 - scraper.crowdgen.com - INFO - ✓ VALIDATION PASSED: https://crowdgen.com/docs/general-onboarding/language-guide/when-i-go-to-select-another-language-i-speak-there-are-many-displayed-how-do-i-choose-the-correct-ones: All validations passed
2026-02-27 20:53:52 - scraper.crowdgen.com - INFO - ✓ SUCCESS: https://crowdgen.com/docs/general-onboarding/language-guide/when-i-go-to-select-another-language-i-speak-there-are-many-displayed-how-do-i-choose-the-correct-ones | Status: 200 | Size: 211761 bytes
2026-02-27 20:53:52 - scraper.crowdgen.com - INFO - Starting scrape: https://crowdgen.com/mint-physics-c
2026-02-27 20:53:53 - scraper.crowdgen.com - WARNING - 429 on https://crowdgen.com/mint-physics-c — waiting 30s before retry
2026-02-27 20:54:30 - scraper.crowdgen.com - INFO - ✓ VALIDATION PASSED: https://crowdgen.com/mint-physics-c: All validations passed
2026-02-27 20:54:30 - scraper.crowdgen.com - INFO - ✓ SUCCESS: https://crowdgen.com/mint-physics-c | Status: 403 | Size: 613542 bytes
2026-02-27 20:54:30 - scraper.crowdgen.com - INFO - Starting scrape: https://crowdgen.com/fireweed-es-mx
2026-02-27 20:54:31 - scraper.crowdgen.com - WARNING - 429 on https://crowdgen.com/fireweed-es-mx — waiting 30s before retry
2026-02-27 20:55:07 - scraper.crowdgen.com - INFO - ✓ VALIDATION PASSED: https://crowdgen.com/fireweed-es-mx: All validations passed
2026-02-27 20:55:07 - scraper.crowdgen.com - INFO - ✓ SUCCESS: https://crowdgen.com/fireweed-es-mx | Status: 200 | Size: 614753 bytes
2026-02-27 20:55:07 - scraper.crowdgen.com - INFO - Starting scrape: https://crowdgen.com/fireweed-es-do-translated
2026-02-27 20:55:08 - scraper.crowdgen.com - WARNING - 429 on https://crowdgen.com/fireweed-es-do-translated — waiting 30s before retry
2026-02-27 20:55:43 - scraper.crowdgen.com - INFO - ✓ VALIDATION PASSED: https://crowdgen.com/fireweed-es-do-translated: All validations passed
2026-02-27 20:55:43 - scraper.crowdgen.com - INFO - ✓ SUCCESS: https://crowdgen.com/fireweed-es-do-translated | Status: 200 | Size: 616144 bytes
2026-02-27 20:55:44 - scraper.crowdgen.com - INFO - Starting scrape: https://crowdgen.com/docs/contact-us
2026-02-27 20:55:44 - scraper.crowdgen.com - WARNING - 429 on https://crowdgen.com/docs/contact-us — waiting 30s before retry
2026-02-27 20:56:21 - scraper.crowdgen.com - INFO - ✓ VALIDATION PASSED: https://crowdgen.com/docs/contact-us: All validations passed
2026-02-27 20:56:21 - scraper.crowdgen.com - INFO - ✓ SUCCESS: https://crowdgen.com/docs/contact-us | Status: 200 | Size: 200662 bytes
2026-02-27 20:56:21 - scraper.crowdgen.com - INFO - Starting scrape: https://crowdgen.com/bable-is-is
2026-02-27 20:56:21 - scraper.crowdgen.com - WARNING - 429 on https://crowdgen.com/bable-is-is — waiting 30s before retry
2026-02-27 20:56:57 - scraper.crowdgen.com - INFO - ✓ VALIDATION PASSED: https://crowdgen.com/bable-is-is: All validations passed
2026-02-27 20:56:57 - scraper.crowdgen.com - INFO - ✓ SUCCESS: https://crowdgen.com/bable-is-is | Status: 200 | Size: 602004 bytes
2026-02-27 20:56:57 - scraper.crowdgen.com - INFO - Starting scrape: https://crowdgen.com/fireweed-de-de-localised-push
2026-02-27 20:56:58 - scraper.crowdgen.com - WARNING - 429 on https://crowdgen.com/fireweed-de-de-localised-push — waiting 30s before retry
2026-02-27 20:57:36 - scraper.crowdgen.com - INFO - ✓ VALIDATION PASSED: https://crowdgen.com/fireweed-de-de-localised-push: All validations passed
2026-02-27 20:57:36 - scraper.crowdgen.com - INFO - ✓ SUCCESS: https://crowdgen.com/fireweed-de-de-localised-push | Status: 200 | Size: 626191 bytes
2026-02-27 20:57:36 - scraper.crowdgen.com - INFO - Starting scrape: https://crowdgen.com/fireweed-hebrew-remote
2026-02-27 20:57:37 - scraper.crowdgen.com - WARNING - 429 on https://crowdgen.com/fireweed-hebrew-remote — waiting 30s before retry
2026-02-27 20:58:13 - scraper.crowdgen.com - INFO - ✓ VALIDATION PASSED: https://crowdgen.com/fireweed-hebrew-remote: All validations passed
2026-02-27 20:58:13 - scraper.crowdgen.com - INFO - ✓ SUCCESS: https://crowdgen.com/fireweed-hebrew-remote | Status: 200 | Size: 624263 bytes
2026-02-27 20:58:13 - scraper.crowdgen.com - INFO - Starting scrape: https://crowdgen.com/aristotle-puzzles-en-ca
2026-02-27 20:58:14 - scraper.crowdgen.com - WARNING - 429 on https://crowdgen.com/aristotle-puzzles-en-ca — waiting 30s before retry
2026-02-27 20:58:51 - scraper.crowdgen.com - INFO - ✓ VALIDATION PASSED: https://crowdgen.com/aristotle-puzzles-en-ca: All validations passed
2026-02-27 20:58:51 - scraper.crowdgen.com - INFO - ✓ SUCCESS: https://crowdgen.com/aristotle-puzzles-en-ca | Status: 200 | Size: 614660 bytes
2026-02-27 20:58:52 - scraper.crowdgen.com - INFO - Starting scrape: https://crowdgen.com/docs/project-faq/project-qualifications/why-should-i-become-qualified-on-new-projects
2026-02-27 20:58:52 - scraper.crowdgen.com - WARNING - 429 on https://crowdgen.com/docs/project-faq/project-qualifications/why-should-i-become-qualified-on-new-projects — waiting 30s before retry
2026-02-27 20:59:27 - scraper.crowdgen.com - INFO - ✓ VALIDATION PASSED: https://crowdgen.com/docs/project-faq/project-qualifications/why-should-i-become-qualified-on-new-projects: All validations passed
2026-02-27 20:59:27 - scraper.crowdgen.com - INFO - ✓ SUCCESS: https://crowdgen.com/docs/project-faq/project-qualifications/why-should-i-become-qualified-on-new-projects | Status: 200 | Size: 206408 bytes
2026-02-27 20:59:27 - scraper.crowdgen.com - INFO - Starting scrape: https://crowdgen.com/aristoxenus-biology-vi-vn
2026-02-27 20:59:28 - scraper.crowdgen.com - WARNING - 429 on https://crowdgen.com/aristoxenus-biology-vi-vn — waiting 30s before retry
2026-02-27 21:00:06 - scraper.crowdgen.com - INFO - ✓ VALIDATION PASSED: https://crowdgen.com/aristoxenus-biology-vi-vn: All validations passed
2026-02-27 21:00:06 - scraper.crowdgen.com - INFO - ✓ SUCCESS: https://crowdgen.com/aristoxenus-biology-vi-vn | Status: 200 | Size: 623049 bytes
2026-02-27 21:00:06 - scraper.crowdgen.com - INFO - Starting scrape: https://crowdgen.com/mint-french-physics-b
2026-02-27 21:00:07 - scraper.crowdgen.com - WARNING - 429 on https://crowdgen.com/mint-french-physics-b — waiting 30s before retry
2026-02-27 21:00:44 - scraper.crowdgen.com - INFO - ✓ VALIDATION PASSED: https://crowdgen.com/mint-french-physics-b: All validations passed
2026-02-27 21:00:44 - scraper.crowdgen.com - INFO - ✓ SUCCESS: https://crowdgen.com/mint-french-physics-b | Status: 200 | Size: 613683 bytes
2026-02-27 21:00:44 - scraper.crowdgen.com - INFO - Starting scrape: https://crowdgen.com/docs/account-faq/updating-profile-information
2026-02-27 21:00:49 - scraper.crowdgen.com - INFO - ✓ VALIDATION PASSED: https://crowdgen.com/docs/account-faq/updating-profile-information: All validations passed
2026-02-27 21:00:49 - scraper.crowdgen.com - INFO - ✓ SUCCESS: https://crowdgen.com/docs/account-faq/updating-profile-information | Status: 200 | Size: 204249 bytes
2026-02-27 21:00:49 - scraper.crowdgen.com - INFO - Starting scrape: https://crowdgen.com/mint-french-biology-b
2026-02-27 21:00:50 - scraper.crowdgen.com - WARNING - 429 on https://crowdgen.com/mint-french-biology-b — waiting 30s before retry
2026-02-27 21:01:26 - scraper.crowdgen.com - INFO - ✓ VALIDATION PASSED: https://crowdgen.com/mint-french-biology-b: All validations passed
2026-02-27 21:01:26 - scraper.crowdgen.com - INFO - ✓ SUCCESS: https://crowdgen.com/mint-french-biology-b | Status: 200 | Size: 613711 bytes
2026-02-27 21:01:26 - scraper.crowdgen.com - INFO - Starting scrape: https://crowdgen.com/fireweed-ru-by
2026-02-27 21:01:27 - scraper.crowdgen.com - WARNING - 429 on https://crowdgen.com/fireweed-ru-by — waiting 30s before retry
2026-02-27 21:02:02 - scraper.crowdgen.com - INFO - ✓ VALIDATION PASSED: https://crowdgen.com/fireweed-ru-by: All validations passed
2026-02-27 21:02:02 - scraper.crowdgen.com - INFO - ✓ SUCCESS: https://crowdgen.com/fireweed-ru-by | Status: 200 | Size: 614778 bytes
2026-02-27 21:02:02 - scraper.crowdgen.com - INFO - Starting scrape: https://crowdgen.com/mint-french-biology-c
2026-02-27 21:02:03 - scraper.crowdgen.com - WARNING - 429 on https://crowdgen.com/mint-french-biology-c — waiting 30s before retry
2026-02-27 21:02:39 - scraper.crowdgen.com - INFO - ✓ VALIDATION PASSED: https://crowdgen.com/mint-french-biology-c: All validations passed
2026-02-27 21:02:39 - scraper.crowdgen.com - INFO - ✓ SUCCESS: https://crowdgen.com/mint-french-biology-c | Status: 200 | Size: 613782 bytes
2026-02-27 21:02:39 - scraper.crowdgen.com - INFO - Starting scrape: https://crowdgen.com/terms-of-service
2026-02-27 21:02:40 - scraper.crowdgen.com - WARNING - 429 on https://crowdgen.com/terms-of-service — waiting 30s before retry
2026-02-27 21:03:16 - scraper.crowdgen.com - INFO - ✓ VALIDATION PASSED: https://crowdgen.com/terms-of-service: All validations passed
2026-02-27 21:03:16 - scraper.crowdgen.com - INFO - ✓ SUCCESS: https://crowdgen.com/terms-of-service | Status: 200 | Size: 569175 bytes
2026-02-27 21:03:16 - scraper.crowdgen.com - INFO - Starting scrape: https://crowdgen.com/jigglypuff-nb-no
2026-02-27 21:03:17 - scraper.crowdgen.com - WARNING - 429 on https://crowdgen.com/jigglypuff-nb-no — waiting 30s before retry
2026-02-27 21:03:47 - scraper.crowdgen.com - WARNING - 429 on https://crowdgen.com/jigglypuff-nb-no — waiting 60s before retry
2026-02-27 21:04:53 - scraper.crowdgen.com - INFO - ✓ VALIDATION PASSED: https://crowdgen.com/jigglypuff-nb-no: All validations passed
2026-02-27 21:04:53 - scraper.crowdgen.com - INFO - ✓ SUCCESS: https://crowdgen.com/jigglypuff-nb-no | Status: 200 | Size: 622267 bytes
2026-02-27 21:04:54 - scraper.crowdgen.com - INFO - Starting scrape: https://crowdgen.com/a11956-vi-de-push
2026-02-27 21:04:54 - scraper.crowdgen.com - WARNING - 429 on https://crowdgen.com/a11956-vi-de-push — waiting 30s before retry
2026-02-27 21:05:30 - scraper.crowdgen.com - INFO - ✓ VALIDATION PASSED: https://crowdgen.com/a11956-vi-de-push: All validations passed
2026-02-27 21:05:30 - scraper.crowdgen.com - INFO - ✓ SUCCESS: https://crowdgen.com/a11956-vi-de-push | Status: 200 | Size: 625386 bytes
2026-02-27 21:05:30 - scraper.crowdgen.com - INFO - Starting scrape: https://crowdgen.com/docs/general-onboarding/getting-started/crowdgen-contributor-standards-what-crowdgen-expects-from-you
2026-02-27 21:05:35 - scraper.crowdgen.com - INFO - ✓ VALIDATION PASSED: https://crowdgen.com/docs/general-onboarding/getting-started/crowdgen-contributor-standards-what-crowdgen-expects-from-you: All validations passed
2026-02-27 21:05:35 - scraper.crowdgen.com - INFO - ✓ SUCCESS: https://crowdgen.com/docs/general-onboarding/getting-started/crowdgen-contributor-standards-what-crowdgen-expects-from-you | Status: 200 | Size: 209439 bytes
2026-02-27 21:05:35 - scraper.crowdgen.com - INFO - Starting scrape: https://crowdgen.com/fireweed-czech-remote
2026-02-27 21:05:36 - scraper.crowdgen.com - WARNING - 429 on https://crowdgen.com/fireweed-czech-remote — waiting 30s before retry
2026-02-27 21:06:12 - scraper.crowdgen.com - INFO - ✓ VALIDATION PASSED: https://crowdgen.com/fireweed-czech-remote: All validations passed
2026-02-27 21:06:12 - scraper.crowdgen.com - INFO - ✓ SUCCESS: https://crowdgen.com/fireweed-czech-remote | Status: 200 | Size: 640056 bytes
2026-02-27 21:06:12 - scraper.crowdgen.com - INFO - Starting scrape: https://crowdgen.com/fireweed-es-sv-localised-push
2026-02-27 21:06:13 - scraper.crowdgen.com - WARNING - 429 on https://crowdgen.com/fireweed-es-sv-localised-push — waiting 30s before retry
2026-02-27 21:06:44 - scraper.crowdgen.com - WARNING - 429 on https://crowdgen.com/fireweed-es-sv-localised-push — waiting 60s before retry
2026-02-27 21:07:50 - scraper.crowdgen.com - INFO - ✓ VALIDATION PASSED: https://crowdgen.com/fireweed-es-sv-localised-push: All validations passed
2026-02-27 21:07:50 - scraper.crowdgen.com - INFO - ✓ SUCCESS: https://crowdgen.com/fireweed-es-sv-localised-push | Status: 200 | Size: 615922 bytes
2026-02-27 21:07:50 - scraper.crowdgen.com - INFO - Starting scrape: https://crowdgen.com/dashboard
2026-02-27 21:07:54 - scraper.crowdgen.com - WARNING - ✗ VALIDATION FAILED: https://crowdgen.com/dashboard: Content too short (9 chars, minimum 50)
2026-02-27 21:07:54 - scraper.crowdgen.com - WARNING - Validation failed for https://crowdgen.com/dashboard: Content too short (9 chars, minimum 50)
2026-02-27 21:07:54 - scraper.crowdgen.com - INFO - Starting scrape: https://crowdgen.com/fireweed-de-remote-push
2026-02-27 21:07:55 - scraper.crowdgen.com - WARNING - 429 on https://crowdgen.com/fireweed-de-remote-push — waiting 30s before retry
2026-02-27 21:08:32 - scraper.crowdgen.com - INFO - ✓ VALIDATION PASSED: https://crowdgen.com/fireweed-de-remote-push: All validations passed
2026-02-27 21:08:32 - scraper.crowdgen.com - INFO - ✓ SUCCESS: https://crowdgen.com/fireweed-de-remote-push | Status: 200 | Size: 614854 bytes
2026-02-27 21:08:32 - scraper.crowdgen.com - INFO - Starting scrape: https://crowdgen.com/pro-community-hub
2026-02-27 21:08:32 - scraper.crowdgen.com - WARNING - 429 on https://crowdgen.com/pro-community-hub — waiting 30s before retry
2026-02-27 21:09:09 - scraper.crowdgen.com - INFO - ✓ VALIDATION PASSED: https://crowdgen.com/pro-community-hub: All validations passed
2026-02-27 21:09:09 - scraper.crowdgen.com - INFO - ✓ SUCCESS: https://crowdgen.com/pro-community-hub | Status: 200 | Size: 512326 bytes
2026-02-27 21:09:09 - scraper.crowdgen.com - INFO - Starting scrape: https://crowdgen.com/mint-german-biology-push
2026-02-27 21:09:09 - scraper.crowdgen.com - WARNING - 429 on https://crowdgen.com/mint-german-biology-push — waiting 30s before retry
2026-02-27 21:09:46 - scraper.crowdgen.com - INFO - ✓ VALIDATION PASSED: https://crowdgen.com/mint-german-biology-push: All validations passed
2026-02-27 21:09:46 - scraper.crowdgen.com - INFO - ✓ SUCCESS: https://crowdgen.com/mint-german-biology-push | Status: 200 | Size: 614635 bytes
2026-02-27 21:09:46 - scraper.crowdgen.com - INFO - Starting scrape: https://crowdgen.com/docs/payments/general-payments-faq/payout-options-and-fees
2026-02-27 21:09:52 - scraper.crowdgen.com - INFO - ✓ VALIDATION PASSED: https://crowdgen.com/docs/payments/general-payments-faq/payout-options-and-fees: All validations passed
2026-02-27 21:09:52 - scraper.crowdgen.com - INFO - ✓ SUCCESS: https://crowdgen.com/docs/payments/general-payments-faq/payout-options-and-fees | Status: 200 | Size: 229766 bytes
2026-02-27 21:09:52 - scraper.crowdgen.com - INFO - Starting scrape: https://crowdgen.com/babel-italian-push
2026-02-27 21:09:53 - scraper.crowdgen.com - WARNING - 429 on https://crowdgen.com/babel-italian-push — waiting 30s before retry
2026-02-27 21:10:28 - scraper.crowdgen.com - INFO - ✓ VALIDATION PASSED: https://crowdgen.com/babel-italian-push: All validations passed
2026-02-27 21:10:28 - scraper.crowdgen.com - INFO - ✓ SUCCESS: https://crowdgen.com/babel-italian-push | Status: 200 | Size: 601998 bytes
2026-02-27 21:10:28 - scraper.crowdgen.com - INFO - Starting scrape: https://crowdgen.com/fireweed-es-ni-translated
2026-02-27 21:10:29 - scraper.crowdgen.com - WARNING - 429 on https://crowdgen.com/fireweed-es-ni-translated — waiting 30s before retry
2026-02-27 21:11:06 - scraper.crowdgen.com - INFO - ✓ VALIDATION PASSED: https://crowdgen.com/fireweed-es-ni-translated: All validations passed
2026-02-27 21:11:06 - scraper.crowdgen.com - INFO - ✓ SUCCESS: https://crowdgen.com/fireweed-es-ni-translated | Status: 200 | Size: 615942 bytes
2026-02-27 21:11:06 - scraper.crowdgen.com - INFO - Starting scrape: https://crowdgen.com/remote-jobs-for-taiwanese-push-v2
2026-02-27 21:11:07 - scraper.crowdgen.com - WARNING - 429 on https://crowdgen.com/remote-jobs-for-taiwanese-push-v2 — waiting 30s before retry
2026-02-27 21:11:44 - scraper.crowdgen.com - INFO - ✓ VALIDATION PASSED: https://crowdgen.com/remote-jobs-for-taiwanese-push-v2: All validations passed
2026-02-27 21:11:44 - scraper.crowdgen.com - INFO - ✓ SUCCESS: https://crowdgen.com/remote-jobs-for-taiwanese-push-v2 | Status: 200 | Size: 673067 bytes
2026-02-27 21:11:44 - scraper.crowdgen.com - INFO - Starting scrape: https://crowdgen.com/docs/trust-and-safety/online-safety/how-do-i-report-harmful-content-seen-in-projects
2026-02-27 21:11:49 - scraper.crowdgen.com - INFO - ✓ VALIDATION PASSED: https://crowdgen.com/docs/trust-and-safety/online-safety/how-do-i-report-harmful-content-seen-in-projects: All validations passed
2026-02-27 21:11:49 - scraper.crowdgen.com - INFO - ✓ SUCCESS: https://crowdgen.com/docs/trust-and-safety/online-safety/how-do-i-report-harmful-content-seen-in-projects | Status: 200 | Size: 205898 bytes
2026-02-27 21:11:49 - scraper.crowdgen.com - INFO - Starting scrape: https://crowdgen.com/jigglypuff-fi-fi
2026-02-27 21:11:50 - scraper.crowdgen.com - WARNING - 429 on https://crowdgen.com/jigglypuff-fi-fi — waiting 30s before retry
2026-02-27 21:12:27 - scraper.crowdgen.com - INFO - ✓ VALIDATION PASSED: https://crowdgen.com/jigglypuff-fi-fi: All validations passed
2026-02-27 21:12:27 - scraper.crowdgen.com - INFO - ✓ SUCCESS: https://crowdgen.com/jigglypuff-fi-fi | Status: 200 | Size: 622465 bytes
2026-02-27 21:12:27 - scraper.crowdgen.com - INFO - Starting scrape: https://crowdgen.com/aristotle-mathematics-english-push
2026-02-27 21:12:28 - scraper.crowdgen.com - WARNING - 429 on https://crowdgen.com/aristotle-mathematics-english-push — waiting 30s before retry
2026-02-27 21:13:04 - scraper.crowdgen.com - INFO - ✓ VALIDATION PASSED: https://crowdgen.com/aristotle-mathematics-english-push: All validations passed
2026-02-27 21:13:04 - scraper.crowdgen.com - INFO - ✓ SUCCESS: https://crowdgen.com/aristotle-mathematics-english-push | Status: 200 | Size: 614110 bytes
2026-02-27 21:13:04 - scraper.crowdgen.com - INFO - Starting scrape: https://crowdgen.com/a11956-vietnamese
2026-02-27 21:13:05 - scraper.crowdgen.com - WARNING - 429 on https://crowdgen.com/a11956-vietnamese — waiting 30s before retry
2026-02-27 21:13:41 - scraper.crowdgen.com - INFO - ✓ VALIDATION PASSED: https://crowdgen.com/a11956-vietnamese: All validations passed
2026-02-27 21:13:41 - scraper.crowdgen.com - INFO - ✓ SUCCESS: https://crowdgen.com/a11956-vietnamese | Status: 200 | Size: 622536 bytes
2026-02-27 21:13:41 - scraper.crowdgen.com - INFO - Starting scrape: https://crowdgen.com/docs/account-faq/logins/can-more-than-one-person-work-under-an-account-at-the-same-time
2026-02-27 21:13:42 - scraper.crowdgen.com - WARNING - 429 on https://crowdgen.com/docs/account-faq/logins/can-more-than-one-person-work-under-an-account-at-the-same-time — waiting 30s before retry
2026-02-27 21:14:18 - scraper.crowdgen.com - INFO - ✓ VALIDATION PASSED: https://crowdgen.com/docs/account-faq/logins/can-more-than-one-person-work-under-an-account-at-the-same-time: All validations passed
2026-02-27 21:14:18 - scraper.crowdgen.com - INFO - ✓ SUCCESS: https://crowdgen.com/docs/account-faq/logins/can-more-than-one-person-work-under-an-account-at-the-same-time | Status: 200 | Size: 205034 bytes
2026-02-27 21:14:18 - scraper.crowdgen.com - INFO - Starting scrape: https://crowdgen.com/hawthorn-zh-tw
2026-02-27 21:14:19 - scraper.crowdgen.com - WARNING - 429 on https://crowdgen.com/hawthorn-zh-tw — waiting 30s before retry
2026-02-27 21:14:55 - scraper.crowdgen.com - INFO - ✓ VALIDATION PASSED: https://crowdgen.com/hawthorn-zh-tw: All validations passed
2026-02-27 21:14:55 - scraper.crowdgen.com - INFO - ✓ SUCCESS: https://crowdgen.com/hawthorn-zh-tw | Status: 200 | Size: 622369 bytes
2026-02-27 21:14:56 - scraper.crowdgen.com - INFO - Starting scrape: https://crowdgen.com/profile-survey
2026-02-27 21:14:56 - scraper.crowdgen.com - WARNING - 429 on https://crowdgen.com/profile-survey — waiting 30s before retry
2026-02-27 21:15:31 - scraper.crowdgen.com - INFO - ✓ VALIDATION PASSED: https://crowdgen.com/profile-survey: All validations passed
2026-02-27 21:15:31 - scraper.crowdgen.com - INFO - ✓ SUCCESS: https://crowdgen.com/profile-survey | Status: 200 | Size: 602780 bytes
2026-02-27 21:15:31 - scraper.crowdgen.com - INFO - Starting scrape: https://crowdgen.com/payments-update
2026-02-27 21:15:32 - scraper.crowdgen.com - WARNING - 429 on https://crowdgen.com/payments-update — waiting 30s before retry
2026-02-27 21:16:08 - scraper.crowdgen.com - INFO - ✓ VALIDATION PASSED: https://crowdgen.com/payments-update: All validations passed
2026-02-27 21:16:08 - scraper.crowdgen.com - INFO - ✓ SUCCESS: https://crowdgen.com/payments-update | Status: 200 | Size: 542558 bytes
2026-02-27 21:16:08 - scraper.crowdgen.com - INFO - Starting scrape: https://crowdgen.com/babel-general
2026-02-27 21:16:14 - scraper.crowdgen.com - INFO - ✓ VALIDATION PASSED: https://crowdgen.com/babel-general: All validations passed
2026-02-27 21:16:14 - scraper.crowdgen.com - INFO - ✓ SUCCESS: https://crowdgen.com/babel-general | Status: 200 | Size: 617381 bytes
2026-02-27 21:16:14 - scraper.crowdgen.com - INFO - Starting scrape: https://crowdgen.com/aristotle-biology-en-nz
2026-02-27 21:16:15 - scraper.crowdgen.com - WARNING - 429 on https://crowdgen.com/aristotle-biology-en-nz — waiting 30s before retry
2026-02-27 21:16:51 - scraper.crowdgen.com - INFO - ✓ VALIDATION PASSED: https://crowdgen.com/aristotle-biology-en-nz: All validations passed
2026-02-27 21:16:51 - scraper.crowdgen.com - INFO - ✓ SUCCESS: https://crowdgen.com/aristotle-biology-en-nz | Status: 200 | Size: 614127 bytes
2026-02-27 21:16:51 - scraper.crowdgen.com - INFO - Starting scrape: https://crowdgen.com/docs/general-onboarding/language-guide/what-does-locale-mean
2026-02-27 21:16:52 - scraper.crowdgen.com - WARNING - 429 on https://crowdgen.com/docs/general-onboarding/language-guide/what-does-locale-mean — waiting 30s before retry
2026-02-27 21:17:27 - scraper.crowdgen.com - INFO - ✓ VALIDATION PASSED: https://crowdgen.com/docs/general-onboarding/language-guide/what-does-locale-mean: All validations passed
2026-02-27 21:17:27 - scraper.crowdgen.com - INFO - ✓ SUCCESS: https://crowdgen.com/docs/general-onboarding/language-guide/what-does-locale-mean | Status: 200 | Size: 206148 bytes
2026-02-27 21:17:27 - scraper.crowdgen.com - INFO - Starting scrape: https://crowdgen.com/mint-french-chemistry-push
2026-02-27 21:17:28 - scraper.crowdgen.com - WARNING - 429 on https://crowdgen.com/mint-french-chemistry-push — waiting 30s before retry
2026-02-27 21:18:04 - scraper.crowdgen.com - INFO - ✓ VALIDATION PASSED: https://crowdgen.com/mint-french-chemistry-push: All validations passed
2026-02-27 21:18:04 - scraper.crowdgen.com - INFO - ✓ SUCCESS: https://crowdgen.com/mint-french-chemistry-push | Status: 200 | Size: 613809 bytes
2026-02-27 21:18:04 - scraper.crowdgen.com - INFO - Starting scrape: https://crowdgen.com/pro-coding-old-old
2026-02-27 21:18:05 - scraper.crowdgen.com - WARNING - 429 on https://crowdgen.com/pro-coding-old-old — waiting 30s before retry
2026-02-27 21:18:41 - scraper.crowdgen.com - INFO - ✓ VALIDATION PASSED: https://crowdgen.com/pro-coding-old-old: All validations passed
2026-02-27 21:18:41 - scraper.crowdgen.com - INFO - ✓ SUCCESS: https://crowdgen.com/pro-coding-old-old | Status: 200 | Size: 532943 bytes
2026-02-27 21:18:41 - scraper.crowdgen.com - INFO - Starting scrape: https://crowdgen.com/fireweed-yue-zh-hk
2026-02-27 21:18:42 - scraper.crowdgen.com - WARNING - 429 on https://crowdgen.com/fireweed-yue-zh-hk — waiting 30s before retry
2026-02-27 21:19:18 - scraper.crowdgen.com - INFO - ✓ VALIDATION PASSED: https://crowdgen.com/fireweed-yue-zh-hk: All validations passed
2026-02-27 21:19:18 - scraper.crowdgen.com - INFO - ✓ SUCCESS: https://crowdgen.com/fireweed-yue-zh-hk | Status: 200 | Size: 615232 bytes
2026-02-27 21:19:19 - scraper.crowdgen.com - INFO - Starting scrape: https://crowdgen.com/babel-ca-es-push
2026-02-27 21:19:19 - scraper.crowdgen.com - WARNING - 429 on https://crowdgen.com/babel-ca-es-push — waiting 30s before retry
2026-02-27 21:19:55 - scraper.crowdgen.com - INFO - ✓ VALIDATION PASSED: https://crowdgen.com/babel-ca-es-push: All validations passed
2026-02-27 21:19:55 - scraper.crowdgen.com - INFO - ✓ SUCCESS: https://crowdgen.com/babel-ca-es-push | Status: 200 | Size: 602141 bytes
2026-02-27 21:19:55 - scraper.crowdgen.com - INFO - Starting scrape: https://crowdgen.com/mint-french-physics-c
2026-02-27 21:19:55 - scraper.crowdgen.com - WARNING - 429 on https://crowdgen.com/mint-french-physics-c — waiting 30s before retry
2026-02-27 21:20:31 - scraper.crowdgen.com - INFO - ✓ VALIDATION PASSED: https://crowdgen.com/mint-french-physics-c: All validations passed
2026-02-27 21:20:31 - scraper.crowdgen.com - INFO - ✓ SUCCESS: https://crowdgen.com/mint-french-physics-c | Status: 200 | Size: 613756 bytes
2026-02-27 21:20:31 - scraper.crowdgen.com - INFO - Starting scrape: https://crowdgen.com/aristoxenus-mathematics-vi-vn
2026-02-27 21:20:32 - scraper.crowdgen.com - WARNING - 429 on https://crowdgen.com/aristoxenus-mathematics-vi-vn — waiting 30s before retry
2026-02-27 21:21:07 - scraper.crowdgen.com - INFO - ✓ VALIDATION PASSED: https://crowdgen.com/aristoxenus-mathematics-vi-vn: All validations passed
2026-02-27 21:21:07 - scraper.crowdgen.com - INFO - ✓ SUCCESS: https://crowdgen.com/aristoxenus-mathematics-vi-vn | Status: 200 | Size: 622859 bytes
2026-02-27 21:21:08 - scraper.crowdgen.com - INFO - Starting scrape: https://crowdgen.com/babel-danish-push
2026-02-27 21:21:08 - scraper.crowdgen.com - WARNING - 429 on https://crowdgen.com/babel-danish-push — waiting 30s before retry
2026-02-27 21:21:44 - scraper.crowdgen.com - INFO - ✓ VALIDATION PASSED: https://crowdgen.com/babel-danish-push: All validations passed
2026-02-27 21:21:44 - scraper.crowdgen.com - INFO - ✓ SUCCESS: https://crowdgen.com/babel-danish-push | Status: 200 | Size: 601912 bytes
2026-02-27 21:21:44 - scraper.crowdgen.com - INFO - Starting scrape: https://crowdgen.com/aristotle-legal-en-gb
2026-02-27 21:21:45 - scraper.crowdgen.com - WARNING - 429 on https://crowdgen.com/aristotle-legal-en-gb — waiting 30s before retry
2026-02-27 21:22:15 - scraper.crowdgen.com - WARNING - 429 on https://crowdgen.com/aristotle-legal-en-gb — waiting 60s before retry
2026-02-27 21:23:22 - scraper.crowdgen.com - INFO - ✓ VALIDATION PASSED: https://crowdgen.com/aristotle-legal-en-gb: All validations passed
2026-02-27 21:23:22 - scraper.crowdgen.com - INFO - ✓ SUCCESS: https://crowdgen.com/aristotle-legal-en-gb | Status: 200 | Size: 614301 bytes
2026-02-27 21:23:22 - scraper.crowdgen.com - INFO - Starting scrape: https://crowdgen.com/aristotle-history-english-push
2026-02-27 21:23:22 - scraper.crowdgen.com - WARNING - 429 on https://crowdgen.com/aristotle-history-english-push — waiting 30s before retry
2026-02-27 21:23:59 - scraper.crowdgen.com - INFO - ✓ VALIDATION PASSED: https://crowdgen.com/aristotle-history-english-push: All validations passed
2026-02-27 21:23:59 - scraper.crowdgen.com - INFO - ✓ SUCCESS: https://crowdgen.com/aristotle-history-english-push | Status: 200 | Size: 614144 bytes
2026-02-27 21:23:59 - scraper.crowdgen.com - INFO - Starting scrape: https://crowdgen.com/mint-german-biology-c
2026-02-27 21:23:59 - scraper.crowdgen.com - WARNING - 429 on https://crowdgen.com/mint-german-biology-c — waiting 30s before retry
2026-02-27 21:24:37 - scraper.crowdgen.com - INFO - ✓ VALIDATION PASSED: https://crowdgen.com/mint-german-biology-c: All validations passed
2026-02-27 21:24:37 - scraper.crowdgen.com - INFO - ✓ SUCCESS: https://crowdgen.com/mint-german-biology-c | Status: 200 | Size: 613780 bytes
2026-02-27 21:24:37 - scraper.crowdgen.com - INFO - Starting scrape: https://crowdgen.com/a11169-lt-lt
2026-02-27 21:24:37 - scraper.crowdgen.com - WARNING - 429 on https://crowdgen.com/a11169-lt-lt — waiting 30s before retry
2026-02-27 21:25:13 - scraper.crowdgen.com - INFO - ✓ VALIDATION PASSED: https://crowdgen.com/a11169-lt-lt: All validations passed
2026-02-27 21:25:13 - scraper.crowdgen.com - INFO - ✓ SUCCESS: https://crowdgen.com/a11169-lt-lt | Status: 200 | Size: 623312 bytes
2026-02-27 21:25:13 - scraper.crowdgen.com - INFO - Starting scrape: https://crowdgen.com/jigglypuff-mn-mn
2026-02-27 21:25:13 - scraper.crowdgen.com - WARNING - 429 on https://crowdgen.com/jigglypuff-mn-mn — waiting 30s before retry
2026-02-27 21:25:44 - scraper.crowdgen.com - WARNING - 429 on https://crowdgen.com/jigglypuff-mn-mn — waiting 60s before retry
2026-02-27 21:26:51 - scraper.crowdgen.com - INFO - ✓ VALIDATION PASSED: https://crowdgen.com/jigglypuff-mn-mn: All validations passed
2026-02-27 21:26:51 - scraper.crowdgen.com - INFO - ✓ SUCCESS: https://crowdgen.com/jigglypuff-mn-mn | Status: 200 | Size: 628694 bytes
2026-02-27 21:26:51 - scraper.crowdgen.com - INFO - Starting scrape: https://crowdgen.com/profile
2026-02-27 21:26:57 - scraper.crowdgen.com - WARNING - ✗ VALIDATION FAILED: https://crowdgen.com/profile: Content too short (7 chars, minimum 50)
2026-02-27 21:26:57 - scraper.crowdgen.com - WARNING - Validation failed for https://crowdgen.com/profile: Content too short (7 chars, minimum 50)
2026-02-27 21:26:57 - scraper.crowdgen.com - INFO - Starting scrape: https://crowdgen.com/aristotle-math-en-ca
2026-02-27 21:26:58 - scraper.crowdgen.com - WARNING - 429 on https://crowdgen.com/aristotle-math-en-ca — waiting 30s before retry
2026-02-27 21:27:34 - scraper.crowdgen.com - INFO - ✓ VALIDATION PASSED: https://crowdgen.com/aristotle-math-en-ca: All validations passed
2026-02-27 21:27:34 - scraper.crowdgen.com - INFO - ✓ SUCCESS: https://crowdgen.com/aristotle-math-en-ca | Status: 200 | Size: 613674 bytes
2026-02-27 21:27:34 - scraper.crowdgen.com - INFO - Starting scrape: https://crowdgen.com/mint-italy-biology-c
2026-02-27 21:27:35 - scraper.crowdgen.com - WARNING - 429 on https://crowdgen.com/mint-italy-biology-c — waiting 30s before retry
2026-02-27 21:28:13 - scraper.crowdgen.com - INFO - ✓ VALIDATION PASSED: https://crowdgen.com/mint-italy-biology-c: All validations passed
2026-02-27 21:28:13 - scraper.crowdgen.com - INFO - ✓ SUCCESS: https://crowdgen.com/mint-italy-biology-c | Status: 200 | Size: 622360 bytes
2026-02-27 21:28:13 - scraper.crowdgen.com - INFO - Starting scrape: https://crowdgen.com/babel-dutch-a
2026-02-27 21:28:14 - scraper.crowdgen.com - WARNING - 429 on https://crowdgen.com/babel-dutch-a — waiting 30s before retry
2026-02-27 21:28:50 - scraper.crowdgen.com - INFO - ✓ VALIDATION PASSED: https://crowdgen.com/babel-dutch-a: All validations passed
2026-02-27 21:28:50 - scraper.crowdgen.com - INFO - ✓ SUCCESS: https://crowdgen.com/babel-dutch-a | Status: 200 | Size: 601700 bytes
2026-02-27 21:28:50 - scraper.crowdgen.com - INFO - Starting scrape: https://crowdgen.com/fireweed-malay-remote-push
2026-02-27 21:28:51 - scraper.crowdgen.com - WARNING - 429 on https://crowdgen.com/fireweed-malay-remote-push — waiting 30s before retry
2026-02-27 21:29:21 - scraper.crowdgen.com - WARNING - 429 on https://crowdgen.com/fireweed-malay-remote-push — waiting 60s before retry
2026-02-27 21:30:29 - scraper.crowdgen.com - INFO - ✓ VALIDATION PASSED: https://crowdgen.com/fireweed-malay-remote-push: All validations passed
2026-02-27 21:30:29 - scraper.crowdgen.com - INFO - ✓ SUCCESS: https://crowdgen.com/fireweed-malay-remote-push | Status: 200 | Size: 639152 bytes
2026-02-27 21:30:29 - scraper.crowdgen.com - INFO - Starting scrape: https://crowdgen.com/instructor-registration
2026-02-27 21:30:30 - scraper.crowdgen.com - WARNING - 429 on https://crowdgen.com/instructor-registration — waiting 30s before retry
2026-02-27 21:31:06 - scraper.crowdgen.com - INFO - ✓ VALIDATION PASSED: https://crowdgen.com/instructor-registration: All validations passed
2026-02-27 21:31:06 - scraper.crowdgen.com - INFO - ✓ SUCCESS: https://crowdgen.com/instructor-registration | Status: 200 | Size: 533218 bytes
2026-02-27 21:31:06 - scraper.crowdgen.com - INFO - Starting scrape: https://crowdgen.com/fireweed-es-gt-translated
2026-02-27 21:31:12 - scraper.crowdgen.com - INFO - ✓ VALIDATION PASSED: https://crowdgen.com/fireweed-es-gt-translated: All validations passed
2026-02-27 21:31:12 - scraper.crowdgen.com - INFO - ✓ SUCCESS: https://crowdgen.com/fireweed-es-gt-translated | Status: 200 | Size: 631459 bytes
2026-02-27 21:31:12 - scraper.crowdgen.com - INFO - Starting scrape: https://crowdgen.com/docs/trust-and-safety
2026-02-27 21:31:13 - scraper.crowdgen.com - WARNING - 429 on https://crowdgen.com/docs/trust-and-safety — waiting 30s before retry
2026-02-27 21:31:48 - scraper.crowdgen.com - INFO - ✓ VALIDATION PASSED: https://crowdgen.com/docs/trust-and-safety: All validations passed
2026-02-27 21:31:48 - scraper.crowdgen.com - INFO - ✓ SUCCESS: https://crowdgen.com/docs/trust-and-safety | Status: 200 | Size: 201776 bytes
2026-02-27 21:31:48 - scraper.crowdgen.com - INFO - Starting scrape: https://crowdgen.com/jigglypuff-zh-my
2026-02-27 21:31:49 - scraper.crowdgen.com - WARNING - 429 on https://crowdgen.com/jigglypuff-zh-my — waiting 30s before retry
2026-02-27 21:32:26 - scraper.crowdgen.com - INFO - ✓ VALIDATION PASSED: https://crowdgen.com/jigglypuff-zh-my: All validations passed
2026-02-27 21:32:26 - scraper.crowdgen.com - INFO - ✓ SUCCESS: https://crowdgen.com/jigglypuff-zh-my | Status: 200 | Size: 620637 bytes
2026-02-27 21:32:26 - scraper.crowdgen.com - INFO - Starting scrape: https://crowdgen.com/mint-italy-chemistry-b
2026-02-27 21:32:27 - scraper.crowdgen.com - WARNING - 429 on https://crowdgen.com/mint-italy-chemistry-b — waiting 30s before retry
2026-02-27 21:33:02 - scraper.crowdgen.com - INFO - ✓ VALIDATION PASSED: https://crowdgen.com/mint-italy-chemistry-b: All validations passed
2026-02-27 21:33:02 - scraper.crowdgen.com - INFO - ✓ SUCCESS: https://crowdgen.com/mint-italy-chemistry-b | Status: 200 | Size: 613694 bytes
2026-02-27 21:33:02 - scraper.crowdgen.com - INFO - Starting scrape: https://crowdgen.com/aristoxenus-biology-vi-vn-push
2026-02-27 21:33:03 - scraper.crowdgen.com - WARNING - 429 on https://crowdgen.com/aristoxenus-biology-vi-vn-push — waiting 30s before retry
2026-02-27 21:33:40 - scraper.crowdgen.com - INFO - ✓ VALIDATION PASSED: https://crowdgen.com/aristoxenus-biology-vi-vn-push: All validations passed
2026-02-27 21:33:40 - scraper.crowdgen.com - INFO - ✓ SUCCESS: https://crowdgen.com/aristoxenus-biology-vi-vn-push | Status: 200 | Size: 623213 bytes
2026-02-27 21:33:40 - scraper.crowdgen.com - INFO - Starting scrape: https://crowdgen.com/mint-italy-chemistry-push
2026-02-27 21:33:41 - scraper.crowdgen.com - WARNING - 429 on https://crowdgen.com/mint-italy-chemistry-push — waiting 30s before retry
2026-02-27 21:34:17 - scraper.crowdgen.com - INFO - ✓ VALIDATION PASSED: https://crowdgen.com/mint-italy-chemistry-push: All validations passed
2026-02-27 21:34:17 - scraper.crowdgen.com - INFO - ✓ SUCCESS: https://crowdgen.com/mint-italy-chemistry-push | Status: 200 | Size: 613828 bytes
2026-02-27 21:34:17 - scraper.crowdgen.com - INFO - Starting scrape: https://crowdgen.com/aristotle-biology-en-gb
2026-02-27 21:34:18 - scraper.crowdgen.com - WARNING - 429 on https://crowdgen.com/aristotle-biology-en-gb — waiting 30s before retry
2026-02-27 21:34:53 - scraper.crowdgen.com - INFO - ✓ VALIDATION PASSED: https://crowdgen.com/aristotle-biology-en-gb: All validations passed
2026-02-27 21:34:53 - scraper.crowdgen.com - INFO - ✓ SUCCESS: https://crowdgen.com/aristotle-biology-en-gb | Status: 200 | Size: 614151 bytes
2026-02-27 21:34:53 - scraper.crowdgen.com - INFO - Starting scrape: https://crowdgen.com/docs/general-onboarding/getting-started/what-you-can-expect-from-crowdgen
2026-02-27 21:34:54 - scraper.crowdgen.com - WARNING - 429 on https://crowdgen.com/docs/general-onboarding/getting-started/what-you-can-expect-from-crowdgen — waiting 30s before retry
2026-02-27 21:35:30 - scraper.crowdgen.com - INFO - ✓ VALIDATION PASSED: https://crowdgen.com/docs/general-onboarding/getting-started/what-you-can-expect-from-crowdgen: All validations passed
2026-02-27 21:35:30 - scraper.crowdgen.com - INFO - ✓ SUCCESS: https://crowdgen.com/docs/general-onboarding/getting-started/what-you-can-expect-from-crowdgen | Status: 200 | Size: 211340 bytes
2026-02-27 21:35:30 - scraper.crowdgen.com - INFO - Starting scrape: https://crowdgen.com/docs/project-faq
2026-02-27 21:35:31 - scraper.crowdgen.com - WARNING - 429 on https://crowdgen.com/docs/project-faq — waiting 30s before retry
2026-02-27 21:36:08 - scraper.crowdgen.com - INFO - ✓ VALIDATION PASSED: https://crowdgen.com/docs/project-faq: All validations passed
2026-02-27 21:36:08 - scraper.crowdgen.com - INFO - ✓ SUCCESS: https://crowdgen.com/docs/project-faq | Status: 200 | Size: 207648 bytes
2026-02-27 21:36:08 - scraper.crowdgen.com - INFO - Starting scrape: https://crowdgen.com/hyperion-birmingham-romanian-push
2026-02-27 21:36:09 - scraper.crowdgen.com - WARNING - 429 on https://crowdgen.com/hyperion-birmingham-romanian-push — waiting 30s before retry
2026-02-27 21:36:46 - scraper.crowdgen.com - INFO - ✓ VALIDATION PASSED: https://crowdgen.com/hyperion-birmingham-romanian-push: All validations passed
2026-02-27 21:36:46 - scraper.crowdgen.com - INFO - ✓ SUCCESS: https://crowdgen.com/hyperion-birmingham-romanian-push | Status: 200 | Size: 614794 bytes
2026-02-27 21:36:46 - scraper.crowdgen.com - INFO - Starting scrape: https://crowdgen.com/docs/project-faq/general-project-faq/how-do-i-avoid-work-rejection-and-non-payment
2026-02-27 21:36:46 - scraper.crowdgen.com - WARNING - 429 on https://crowdgen.com/docs/project-faq/general-project-faq/how-do-i-avoid-work-rejection-and-non-payment — waiting 30s before retry
2026-02-27 21:37:22 - scraper.crowdgen.com - INFO - ✓ VALIDATION PASSED: https://crowdgen.com/docs/project-faq/general-project-faq/how-do-i-avoid-work-rejection-and-non-payment: All validations passed
2026-02-27 21:37:22 - scraper.crowdgen.com - INFO - ✓ SUCCESS: https://crowdgen.com/docs/project-faq/general-project-faq/how-do-i-avoid-work-rejection-and-non-payment | Status: 200 | Size: 212118 bytes
2026-02-27 21:37:23 - scraper.crowdgen.com - INFO - Starting scrape: https://crowdgen.com/babel-dutch-c
2026-02-27 21:37:23 - scraper.crowdgen.com - WARNING - 429 on https://crowdgen.com/babel-dutch-c — waiting 30s before retry
2026-02-27 21:37:54 - scraper.crowdgen.com - WARNING - 429 on https://crowdgen.com/babel-dutch-c — waiting 60s before retry
2026-02-27 21:38:59 - scraper.crowdgen.com - INFO - ✓ VALIDATION PASSED: https://crowdgen.com/babel-dutch-c: All validations passed
2026-02-27 21:38:59 - scraper.crowdgen.com - INFO - ✓ SUCCESS: https://crowdgen.com/babel-dutch-c | Status: 200 | Size: 601722 bytes
2026-02-27 21:38:59 - scraper.crowdgen.com - INFO - Starting scrape: https://crowdgen.com/a12863-ps-ae
2026-02-27 21:39:00 - scraper.crowdgen.com - WARNING - 429 on https://crowdgen.com/a12863-ps-ae — waiting 30s before retry
2026-02-27 21:39:37 - scraper.crowdgen.com - INFO - ✓ VALIDATION PASSED: https://crowdgen.com/a12863-ps-ae: All validations passed
2026-02-27 21:39:37 - scraper.crowdgen.com - INFO - ✓ SUCCESS: https://crowdgen.com/a12863-ps-ae | Status: 200 | Size: 630798 bytes
2026-02-27 21:39:37 - scraper.crowdgen.com - INFO - Starting scrape: https://crowdgen.com/jigglypuff-tr-tr
2026-02-27 21:39:38 - scraper.crowdgen.com - WARNING - 429 on https://crowdgen.com/jigglypuff-tr-tr — waiting 30s before retry
2026-02-27 21:40:13 - scraper.crowdgen.com - INFO - ✓ VALIDATION PASSED: https://crowdgen.com/jigglypuff-tr-tr: All validations passed
2026-02-27 21:40:13 - scraper.crowdgen.com - INFO - ✓ SUCCESS: https://crowdgen.com/jigglypuff-tr-tr | Status: 200 | Size: 623608 bytes
2026-02-27 21:40:13 - scraper.crowdgen.com - INFO - Starting scrape: https://crowdgen.com/test
2026-02-27 21:40:14 - scraper.crowdgen.com - WARNING - 429 on https://crowdgen.com/test — waiting 30s before retry
2026-02-27 21:40:44 - scraper.crowdgen.com - WARNING - 429 on https://crowdgen.com/test — waiting 60s before retry
2026-02-27 21:42:03 - scraper.crowdgen.com - INFO - ✓ VALIDATION PASSED: https://crowdgen.com/test: All validations passed
2026-02-27 21:42:03 - scraper.crowdgen.com - INFO - ✓ SUCCESS: https://crowdgen.com/test | Status: 200 | Size: 565680 bytes
2026-02-27 21:42:03 - scraper.crowdgen.com - INFO - Starting scrape: https://crowdgen.com/internal-initial-screening
2026-02-27 21:42:04 - scraper.crowdgen.com - WARNING - 429 on https://crowdgen.com/internal-initial-screening — waiting 30s before retry
2026-02-27 21:42:40 - scraper.crowdgen.com - INFO - ✓ VALIDATION PASSED: https://crowdgen.com/internal-initial-screening: All validations passed
2026-02-27 21:42:40 - scraper.crowdgen.com - INFO - ✓ SUCCESS: https://crowdgen.com/internal-initial-screening | Status: 200 | Size: 518283 bytes
2026-02-27 21:42:40 - scraper.crowdgen.com - INFO - Starting scrape: https://crowdgen.com/coffee-en-gb
2026-02-27 21:42:41 - scraper.crowdgen.com - WARNING - 429 on https://crowdgen.com/coffee-en-gb — waiting 30s before retry
2026-02-27 21:43:16 - scraper.crowdgen.com - INFO - ✓ VALIDATION PASSED: https://crowdgen.com/coffee-en-gb: All validations passed
2026-02-27 21:43:16 - scraper.crowdgen.com - INFO - ✓ SUCCESS: https://crowdgen.com/coffee-en-gb | Status: 200 | Size: 622102 bytes
2026-02-27 21:43:16 - scraper.crowdgen.com - INFO - Starting scrape: https://crowdgen.com/docs/payments/general-payments-faq/register-an-existing-payoneer-account-in-crowdgen
2026-02-27 21:43:23 - scraper.crowdgen.com - INFO - ✓ VALIDATION PASSED: https://crowdgen.com/docs/payments/general-payments-faq/register-an-existing-payoneer-account-in-crowdgen: All validations passed
2026-02-27 21:43:23 - scraper.crowdgen.com - INFO - ✓ SUCCESS: https://crowdgen.com/docs/payments/general-payments-faq/register-an-existing-payoneer-account-in-crowdgen | Status: 200 | Size: 222377 bytes
2026-02-27 21:43:23 - scraper.crowdgen.com - INFO - Starting scrape: https://crowdgen.com/remote-work
2026-02-27 21:43:29 - scraper.crowdgen.com - INFO - ✓ VALIDATION PASSED: https://crowdgen.com/remote-work: All validations passed
2026-02-27 21:43:29 - scraper.crowdgen.com - INFO - ✓ SUCCESS: https://crowdgen.com/remote-work | Status: 200 | Size: 613688 bytes
2026-02-27 21:43:29 - scraper.crowdgen.com - INFO - Starting scrape: https://crowdgen.com/mavena-yue-hk
2026-02-27 21:43:29 - scraper.crowdgen.com - WARNING - 429 on https://crowdgen.com/mavena-yue-hk — waiting 30s before retry
2026-02-27 21:44:06 - scraper.crowdgen.com - INFO - ✓ VALIDATION PASSED: https://crowdgen.com/mavena-yue-hk: All validations passed
2026-02-27 21:44:06 - scraper.crowdgen.com - INFO - ✓ SUCCESS: https://crowdgen.com/mavena-yue-hk | Status: 200 | Size: 621468 bytes
2026-02-27 21:44:06 - scraper.crowdgen.com - INFO - Starting scrape: https://crowdgen.com/pro-old
2026-02-27 21:44:07 - scraper.crowdgen.com - WARNING - 429 on https://crowdgen.com/pro-old — waiting 30s before retry
2026-02-27 21:44:41 - scraper.crowdgen.com - INFO - ✓ VALIDATION PASSED: https://crowdgen.com/pro-old: All validations passed
2026-02-27 21:44:41 - scraper.crowdgen.com - INFO - ✓ SUCCESS: https://crowdgen.com/pro-old | Status: 200 | Size: 532988 bytes
2026-02-27 21:44:42 - scraper.crowdgen.com - INFO - Starting scrape: https://crowdgen.com/babel-german-b
2026-02-27 21:44:43 - scraper.crowdgen.com - WARNING - 429 on https://crowdgen.com/babel-german-b — waiting 30s before retry
2026-02-27 21:45:19 - scraper.crowdgen.com - INFO - ✓ VALIDATION PASSED: https://crowdgen.com/babel-german-b: All validations passed
2026-02-27 21:45:19 - scraper.crowdgen.com - INFO - ✓ SUCCESS: https://crowdgen.com/babel-german-b | Status: 200 | Size: 601695 bytes
2026-02-27 21:45:19 - scraper.crowdgen.com - INFO - Starting scrape: https://crowdgen.com/pro-mathematics-testimonials
2026-02-27 21:45:19 - scraper.crowdgen.com - WARNING - 429 on https://crowdgen.com/pro-mathematics-testimonials — waiting 30s before retry
2026-02-27 21:45:50 - scraper.crowdgen.com - WARNING - 429 on https://crowdgen.com/pro-mathematics-testimonials — waiting 60s before retry
2026-02-27 21:46:56 - scraper.crowdgen.com - INFO - ✓ VALIDATION PASSED: https://crowdgen.com/pro-mathematics-testimonials: All validations passed
2026-02-27 21:46:56 - scraper.crowdgen.com - INFO - ✓ SUCCESS: https://crowdgen.com/pro-mathematics-testimonials | Status: 200 | Size: 533327 bytes
2026-02-27 21:46:56 - scraper.crowdgen.com - INFO - Starting scrape: https://crowdgen.com/a11169-et-ee
2026-02-27 21:46:57 - scraper.crowdgen.com - WARNING - 429 on https://crowdgen.com/a11169-et-ee — waiting 30s before retry
2026-02-27 21:47:32 - scraper.crowdgen.com - INFO - ✓ VALIDATION PASSED: https://crowdgen.com/a11169-et-ee: All validations passed
2026-02-27 21:47:32 - scraper.crowdgen.com - INFO - ✓ SUCCESS: https://crowdgen.com/a11169-et-ee | Status: 200 | Size: 622496 bytes
2026-02-27 21:47:33 - scraper.crowdgen.com - INFO - Starting scrape: https://crowdgen.com/fireweed-ru-kz-push
2026-02-27 21:47:33 - scraper.crowdgen.com - WARNING - 429 on https://crowdgen.com/fireweed-ru-kz-push — waiting 30s before retry
2026-02-27 21:48:09 - scraper.crowdgen.com - INFO - ✓ VALIDATION PASSED: https://crowdgen.com/fireweed-ru-kz-push: All validations passed
2026-02-27 21:48:09 - scraper.crowdgen.com - INFO - ✓ SUCCESS: https://crowdgen.com/fireweed-ru-kz-push | Status: 200 | Size: 615057 bytes
2026-02-27 21:48:09 - scraper.crowdgen.com - INFO - Starting scrape: https://crowdgen.com/babel-slovak-c
2026-02-27 21:48:10 - scraper.crowdgen.com - WARNING - 429 on https://crowdgen.com/babel-slovak-c — waiting 30s before retry
2026-02-27 21:48:47 - scraper.crowdgen.com - INFO - ✓ VALIDATION PASSED: https://crowdgen.com/babel-slovak-c: All validations passed
2026-02-27 21:48:47 - scraper.crowdgen.com - INFO - ✓ SUCCESS: https://crowdgen.com/babel-slovak-c | Status: 200 | Size: 601730 bytes
2026-02-27 21:48:47 - scraper.crowdgen.com - INFO - Starting scrape: https://crowdgen.com/mint-french-chemistry-a
2026-02-27 21:48:48 - scraper.crowdgen.com - WARNING - 429 on https://crowdgen.com/mint-french-chemistry-a — waiting 30s before retry
2026-02-27 21:49:18 - scraper.crowdgen.com - WARNING - 429 on https://crowdgen.com/mint-french-chemistry-a — waiting 60s before retry
2026-02-27 21:50:24 - scraper.crowdgen.com - INFO - ✓ VALIDATION PASSED: https://crowdgen.com/mint-french-chemistry-a: All validations passed
2026-02-27 21:50:24 - scraper.crowdgen.com - INFO - ✓ SUCCESS: https://crowdgen.com/mint-french-chemistry-a | Status: 200 | Size: 613692 bytes
2026-02-27 21:50:24 - scraper.crowdgen.com - INFO - Starting scrape: https://crowdgen.com/fireweed-korean-remote-push
2026-02-27 21:50:25 - scraper.crowdgen.com - WARNING - 429 on https://crowdgen.com/fireweed-korean-remote-push — waiting 30s before retry
2026-02-27 21:51:03 - scraper.crowdgen.com - INFO - ✓ VALIDATION PASSED: https://crowdgen.com/fireweed-korean-remote-push: All validations passed
2026-02-27 21:51:03 - scraper.crowdgen.com - INFO - ✓ SUCCESS: https://crowdgen.com/fireweed-korean-remote-push | Status: 200 | Size: 661576 bytes
2026-02-27 21:51:03 - scraper.crowdgen.com - INFO - Starting scrape: https://crowdgen.com/fireweed-thai-remote-push
2026-02-27 21:51:04 - scraper.crowdgen.com - WARNING - 429 on https://crowdgen.com/fireweed-thai-remote-push — waiting 30s before retry
2026-02-27 21:51:40 - scraper.crowdgen.com - INFO - ✓ VALIDATION PASSED: https://crowdgen.com/fireweed-thai-remote-push: All validations passed
2026-02-27 21:51:40 - scraper.crowdgen.com - INFO - ✓ SUCCESS: https://crowdgen.com/fireweed-thai-remote-push | Status: 200 | Size: 649767 bytes
2026-02-27 21:51:40 - scraper.crowdgen.com - INFO - Starting scrape: https://crowdgen.com/aristoxenus-mathematics-hi-in
2026-02-27 21:51:40 - scraper.crowdgen.com - WARNING - 429 on https://crowdgen.com/aristoxenus-mathematics-hi-in — waiting 30s before retry
2026-02-27 21:52:17 - scraper.crowdgen.com - INFO - ✓ VALIDATION PASSED: https://crowdgen.com/aristoxenus-mathematics-hi-in: All validations passed
2026-02-27 21:52:17 - scraper.crowdgen.com - INFO - ✓ SUCCESS: https://crowdgen.com/aristoxenus-mathematics-hi-in | Status: 200 | Size: 631584 bytes
2026-02-27 21:52:17 - scraper.crowdgen.com - INFO - Starting scrape: https://crowdgen.com/aristotle-physics-en-gb
2026-02-27 21:52:18 - scraper.crowdgen.com - WARNING - 429 on https://crowdgen.com/aristotle-physics-en-gb — waiting 30s before retry
2026-02-27 21:52:54 - scraper.crowdgen.com - INFO - ✓ VALIDATION PASSED: https://crowdgen.com/aristotle-physics-en-gb: All validations passed
2026-02-27 21:52:54 - scraper.crowdgen.com - INFO - ✓ SUCCESS: https://crowdgen.com/aristotle-physics-en-gb | Status: 200 | Size: 613945 bytes
2026-02-27 21:52:54 - scraper.crowdgen.com - INFO - Starting scrape: https://crowdgen.com/registration
2026-02-27 21:52:59 - scraper.crowdgen.com - INFO - ✓ VALIDATION PASSED: https://crowdgen.com/registration: All validations passed
2026-02-27 21:52:59 - scraper.crowdgen.com - INFO - ✓ SUCCESS: https://crowdgen.com/registration | Status: 200 | Size: 534584 bytes
2026-02-27 21:52:59 - scraper.crowdgen.com - INFO - Starting scrape: https://crowdgen.com/jigglypuff-ru-kz
2026-02-27 21:53:00 - scraper.crowdgen.com - WARNING - 429 on https://crowdgen.com/jigglypuff-ru-kz — waiting 30s before retry
2026-02-27 21:53:36 - scraper.crowdgen.com - INFO - ✓ VALIDATION PASSED: https://crowdgen.com/jigglypuff-ru-kz: All validations passed
2026-02-27 21:53:36 - scraper.crowdgen.com - INFO - ✓ SUCCESS: https://crowdgen.com/jigglypuff-ru-kz | Status: 200 | Size: 627929 bytes
2026-02-27 21:53:36 - scraper.crowdgen.com - INFO - Starting scrape: https://crowdgen.com/coffee-en-ca
2026-02-27 21:53:37 - scraper.crowdgen.com - WARNING - 429 on https://crowdgen.com/coffee-en-ca — waiting 30s before retry
2026-02-27 21:54:12 - scraper.crowdgen.com - INFO - ✓ VALIDATION PASSED: https://crowdgen.com/coffee-en-ca: All validations passed
2026-02-27 21:54:12 - scraper.crowdgen.com - INFO - ✓ SUCCESS: https://crowdgen.com/coffee-en-ca | Status: 200 | Size: 622178 bytes
2026-02-27 21:54:13 - scraper.crowdgen.com - INFO - Starting scrape: https://crowdgen.com/aristotle-history-en-gb
2026-02-27 21:54:13 - scraper.crowdgen.com - WARNING - 429 on https://crowdgen.com/aristotle-history-en-gb — waiting 30s before retry
2026-02-27 21:54:50 - scraper.crowdgen.com - INFO - ✓ VALIDATION PASSED: https://crowdgen.com/aristotle-history-en-gb: All validations passed
2026-02-27 21:54:50 - scraper.crowdgen.com - INFO - ✓ SUCCESS: https://crowdgen.com/aristotle-history-en-gb | Status: 403 | Size: 613804 bytes
2026-02-27 21:54:50 - scraper.crowdgen.com - INFO - Starting scrape: https://crowdgen.com/babel-canadian-french-c
2026-02-27 21:54:51 - scraper.crowdgen.com - WARNING - 429 on https://crowdgen.com/babel-canadian-french-c — waiting 30s before retry
2026-02-27 21:55:29 - scraper.crowdgen.com - INFO - ✓ VALIDATION PASSED: https://crowdgen.com/babel-canadian-french-c: All validations passed
2026-02-27 21:55:29 - scraper.crowdgen.com - INFO - ✓ SUCCESS: https://crowdgen.com/babel-canadian-french-c | Status: 200 | Size: 601922 bytes
2026-02-27 21:55:29 - scraper.crowdgen.com - INFO - Starting scrape: https://crowdgen.com/aristotle-puzzles-en-us
2026-02-27 21:55:30 - scraper.crowdgen.com - WARNING - 429 on https://crowdgen.com/aristotle-puzzles-en-us — waiting 30s before retry
2026-02-27 21:56:07 - scraper.crowdgen.com - INFO - ✓ VALIDATION PASSED: https://crowdgen.com/aristotle-puzzles-en-us: All validations passed
2026-02-27 21:56:07 - scraper.crowdgen.com - INFO - ✓ SUCCESS: https://crowdgen.com/aristotle-puzzles-en-us | Status: 200 | Size: 614690 bytes
2026-02-27 21:56:07 - scraper.crowdgen.com - INFO - Starting scrape: https://crowdgen.com/heather-fr-fr-push
2026-02-27 21:56:08 - scraper.crowdgen.com - WARNING - 429 on https://crowdgen.com/heather-fr-fr-push — waiting 30s before retry
2026-02-27 21:56:44 - scraper.crowdgen.com - INFO - ✓ VALIDATION PASSED: https://crowdgen.com/heather-fr-fr-push: All validations passed
2026-02-27 21:56:44 - scraper.crowdgen.com - INFO - ✓ SUCCESS: https://crowdgen.com/heather-fr-fr-push | Status: 200 | Size: 606318 bytes
2026-02-27 21:56:44 - scraper.crowdgen.com - INFO - Starting scrape: https://crowdgen.com/pro-friedrich
2026-02-27 21:56:45 - scraper.crowdgen.com - WARNING - 429 on https://crowdgen.com/pro-friedrich — waiting 30s before retry
2026-02-27 21:57:22 - scraper.crowdgen.com - INFO - ✓ VALIDATION PASSED: https://crowdgen.com/pro-friedrich: All validations passed
2026-02-27 21:57:22 - scraper.crowdgen.com - INFO - ✓ SUCCESS: https://crowdgen.com/pro-friedrich | Status: 200 | Size: 532953 bytes
2026-02-27 21:57:22 - scraper.crowdgen.com - INFO - Starting scrape: https://crowdgen.com/docs/general-onboarding/getting-started/how-do-i-start-working-at-crowdgen
2026-02-27 21:57:27 - scraper.crowdgen.com - INFO - ✓ VALIDATION PASSED: https://crowdgen.com/docs/general-onboarding/getting-started/how-do-i-start-working-at-crowdgen: All validations passed
2026-02-27 21:57:27 - scraper.crowdgen.com - INFO - ✓ SUCCESS: https://crowdgen.com/docs/general-onboarding/getting-started/how-do-i-start-working-at-crowdgen | Status: 200 | Size: 207396 bytes
2026-02-27 21:57:27 - scraper.crowdgen.com - INFO - Starting scrape: https://crowdgen.com/aristotle-legal-english-push
2026-02-27 21:57:28 - scraper.crowdgen.com - WARNING - 429 on https://crowdgen.com/aristotle-legal-english-push — waiting 30s before retry
2026-02-27 21:58:04 - scraper.crowdgen.com - INFO - ✓ VALIDATION PASSED: https://crowdgen.com/aristotle-legal-english-push: All validations passed
2026-02-27 21:58:04 - scraper.crowdgen.com - INFO - ✓ SUCCESS: https://crowdgen.com/aristotle-legal-english-push | Status: 200 | Size: 614175 bytes
2026-02-27 21:58:04 - scraper.crowdgen.com - INFO - Starting scrape: https://crowdgen.com/hermes-b
2026-02-27 21:58:05 - scraper.crowdgen.com - WARNING - 429 on https://crowdgen.com/hermes-b — waiting 30s before retry
2026-02-27 21:58:40 - scraper.crowdgen.com - INFO - ✓ VALIDATION PASSED: https://crowdgen.com/hermes-b: All validations passed
2026-02-27 21:58:40 - scraper.crowdgen.com - INFO - ✓ SUCCESS: https://crowdgen.com/hermes-b | Status: 200 | Size: 622141 bytes
2026-02-27 21:58:40 - scraper.crowdgen.com - INFO - Starting scrape: https://crowdgen.com/mint-french-biology-a
2026-02-27 21:58:41 - scraper.crowdgen.com - WARNING - 429 on https://crowdgen.com/mint-french-biology-a — waiting 30s before retry
2026-02-27 21:59:17 - scraper.crowdgen.com - INFO - ✓ VALIDATION PASSED: https://crowdgen.com/mint-french-biology-a: All validations passed
2026-02-27 21:59:17 - scraper.crowdgen.com - INFO - ✓ SUCCESS: https://crowdgen.com/mint-french-biology-a | Status: 200 | Size: 614513 bytes
2026-02-27 21:59:17 - scraper.crowdgen.com - INFO - Starting scrape: https://crowdgen.com/collection-transcription-haitian
2026-02-27 21:59:18 - scraper.crowdgen.com - WARNING - 429 on https://crowdgen.com/collection-transcription-haitian — waiting 30s before retry
2026-02-27 21:59:53 - scraper.crowdgen.com - INFO - ✓ VALIDATION PASSED: https://crowdgen.com/collection-transcription-haitian: All validations passed
2026-02-27 21:59:53 - scraper.crowdgen.com - INFO - ✓ SUCCESS: https://crowdgen.com/collection-transcription-haitian | Status: 200 | Size: 624223 bytes
2026-02-27 21:59:53 - scraper.crowdgen.com - INFO - Starting scrape: https://crowdgen.com/a12735-km-kh
2026-02-27 21:59:54 - scraper.crowdgen.com - WARNING - 429 on https://crowdgen.com/a12735-km-kh — waiting 30s before retry
2026-02-27 22:00:30 - scraper.crowdgen.com - INFO - ✓ VALIDATION PASSED: https://crowdgen.com/a12735-km-kh: All validations passed
2026-02-27 22:00:30 - scraper.crowdgen.com - INFO - ✓ SUCCESS: https://crowdgen.com/a12735-km-kh | Status: 200 | Size: 630589 bytes
2026-02-27 22:00:30 - scraper.crowdgen.com - INFO - Starting scrape: https://crowdgen.com/docs
2026-02-27 22:00:37 - scraper.crowdgen.com - INFO - ✓ VALIDATION PASSED: https://crowdgen.com/docs: All validations passed
2026-02-27 22:00:37 - scraper.crowdgen.com - INFO - ✓ SUCCESS: https://crowdgen.com/docs | Status: 200 | Size: 441609 bytes
2026-02-27 22:00:37 - scraper.crowdgen.com - INFO - Starting scrape: https://crowdgen.com/fireweed-zh-hk
2026-02-27 22:00:38 - scraper.crowdgen.com - WARNING - 429 on https://crowdgen.com/fireweed-zh-hk — waiting 30s before retry
2026-02-27 22:01:14 - scraper.crowdgen.com - INFO - ✓ VALIDATION PASSED: https://crowdgen.com/fireweed-zh-hk: All validations passed
2026-02-27 22:01:14 - scraper.crowdgen.com - INFO - ✓ SUCCESS: https://crowdgen.com/fireweed-zh-hk | Status: 200 | Size: 614847 bytes
2026-02-27 22:01:14 - scraper.crowdgen.com - INFO - Starting scrape: https://crowdgen.com/fireweed-swedish-remote-push
2026-02-27 22:01:15 - scraper.crowdgen.com - WARNING - 429 on https://crowdgen.com/fireweed-swedish-remote-push — waiting 30s before retry
2026-02-27 22:01:52 - scraper.crowdgen.com - INFO - ✓ VALIDATION PASSED: https://crowdgen.com/fireweed-swedish-remote-push: All validations passed
2026-02-27 22:01:52 - scraper.crowdgen.com - INFO - ✓ SUCCESS: https://crowdgen.com/fireweed-swedish-remote-push | Status: 200 | Size: 623313 bytes
2026-02-27 22:01:52 - scraper.crowdgen.com - INFO - Starting scrape: https://crowdgen.com/jigglypuff-hy-am
2026-02-27 22:01:53 - scraper.crowdgen.com - WARNING - 429 on https://crowdgen.com/jigglypuff-hy-am — waiting 30s before retry
2026-02-27 22:02:30 - scraper.crowdgen.com - INFO - ✓ VALIDATION PASSED: https://crowdgen.com/jigglypuff-hy-am: All validations passed
2026-02-27 22:02:30 - scraper.crowdgen.com - INFO - ✓ SUCCESS: https://crowdgen.com/jigglypuff-hy-am | Status: 200 | Size: 629286 bytes
2026-02-27 22:02:30 - scraper.crowdgen.com - INFO - Starting scrape: https://crowdgen.com/docs/project-faq/quality-control/how-will-my-work-be-judged
2026-02-27 22:02:31 - scraper.crowdgen.com - WARNING - 429 on https://crowdgen.com/docs/project-faq/quality-control/how-will-my-work-be-judged — waiting 30s before retry
2026-02-27 22:03:06 - scraper.crowdgen.com - INFO - ✓ VALIDATION PASSED: https://crowdgen.com/docs/project-faq/quality-control/how-will-my-work-be-judged: All validations passed
2026-02-27 22:03:06 - scraper.crowdgen.com - INFO - ✓ SUCCESS: https://crowdgen.com/docs/project-faq/quality-control/how-will-my-work-be-judged | Status: 200 | Size: 206439 bytes
2026-02-27 22:03:06 - scraper.crowdgen.com - INFO - Starting scrape: https://crowdgen.com/aristotle-games-en-nz
2026-02-27 22:03:07 - scraper.crowdgen.com - WARNING - 429 on https://crowdgen.com/aristotle-games-en-nz — waiting 30s before retry
2026-02-27 22:03:44 - scraper.crowdgen.com - INFO - ✓ VALIDATION PASSED: https://crowdgen.com/aristotle-games-en-nz: All validations passed
2026-02-27 22:03:44 - scraper.crowdgen.com - INFO - ✓ SUCCESS: https://crowdgen.com/aristotle-games-en-nz | Status: 200 | Size: 614341 bytes
2026-02-27 22:03:44 - scraper.crowdgen.com - INFO - Starting scrape: https://crowdgen.com/docs/project-faq/general-project-faq/project-allocation-criteria
2026-02-27 22:03:45 - scraper.crowdgen.com - WARNING - 429 on https://crowdgen.com/docs/project-faq/general-project-faq/project-allocation-criteria — waiting 30s before retry
2026-02-27 22:04:21 - scraper.crowdgen.com - INFO - ✓ VALIDATION PASSED: https://crowdgen.com/docs/project-faq/general-project-faq/project-allocation-criteria: All validations passed
2026-02-27 22:04:21 - scraper.crowdgen.com - INFO - ✓ SUCCESS: https://crowdgen.com/docs/project-faq/general-project-faq/project-allocation-criteria | Status: 200 | Size: 208384 bytes
2026-02-27 22:04:21 - scraper.crowdgen.com - INFO - Starting scrape: https://crowdgen.com/babel-dutch-push
2026-02-27 22:04:22 - scraper.crowdgen.com - WARNING - 429 on https://crowdgen.com/babel-dutch-push — waiting 30s before retry
2026-02-27 22:04:58 - scraper.crowdgen.com - INFO - ✓ VALIDATION PASSED: https://crowdgen.com/babel-dutch-push: All validations passed
2026-02-27 22:04:58 - scraper.crowdgen.com - INFO - ✓ SUCCESS: https://crowdgen.com/babel-dutch-push | Status: 200 | Size: 602014 bytes
2026-02-27 22:04:58 - scraper.crowdgen.com - INFO - Starting scrape: https://crowdgen.com/jigglypuff-is-is
2026-02-27 22:04:59 - scraper.crowdgen.com - WARNING - 429 on https://crowdgen.com/jigglypuff-is-is — waiting 30s before retry
2026-02-27 22:05:35 - scraper.crowdgen.com - INFO - ✓ VALIDATION PASSED: https://crowdgen.com/jigglypuff-is-is: All validations passed
2026-02-27 22:05:35 - scraper.crowdgen.com - INFO - ✓ SUCCESS: https://crowdgen.com/jigglypuff-is-is | Status: 200 | Size: 623367 bytes
2026-02-27 22:05:35 - scraper.crowdgen.com - INFO - Starting scrape: https://crowdgen.com/a11956-vi-ca
2026-02-27 22:05:36 - scraper.crowdgen.com - WARNING - 429 on https://crowdgen.com/a11956-vi-ca — waiting 30s before retry
2026-02-27 22:06:12 - scraper.crowdgen.com - INFO - ✓ VALIDATION PASSED: https://crowdgen.com/a11956-vi-ca: All validations passed
2026-02-27 22:06:12 - scraper.crowdgen.com - INFO - ✓ SUCCESS: https://crowdgen.com/a11956-vi-ca | Status: 200 | Size: 625291 bytes
2026-02-27 22:06:13 - scraper.crowdgen.com - INFO - Starting scrape: https://crowdgen.com/docs/project-faq/general-project-faq/some-projects-have-additional-project-pages-instructions-and-policies-on-crowdgen-others-do-not-why-is-that
2026-02-27 22:06:14 - scraper.crowdgen.com - WARNING - 429 on https://crowdgen.com/docs/project-faq/general-project-faq/some-projects-have-additional-project-pages-instructions-and-policies-on-crowdgen-others-do-not-why-is-that — waiting 30s before retry
2026-02-27 22:06:48 - scraper.crowdgen.com - INFO - ✓ VALIDATION PASSED: https://crowdgen.com/docs/project-faq/general-project-faq/some-projects-have-additional-project-pages-instructions-and-policies-on-crowdgen-others-do-not-why-is-that: All validations passed
2026-02-27 22:06:48 - scraper.crowdgen.com - INFO - ✓ SUCCESS: https://crowdgen.com/docs/project-faq/general-project-faq/some-projects-have-additional-project-pages-instructions-and-policies-on-crowdgen-others-do-not-why-is-that | Status: 200 | Size: 208400 bytes
2026-02-27 22:06:48 - scraper.crowdgen.com - INFO - Starting scrape: https://crowdgen.com/jigglypuff-sk-sk
2026-02-27 22:06:49 - scraper.crowdgen.com - WARNING - 429 on https://crowdgen.com/jigglypuff-sk-sk — waiting 30s before retry
2026-02-27 22:07:25 - scraper.crowdgen.com - INFO - ✓ VALIDATION PASSED: https://crowdgen.com/jigglypuff-sk-sk: All validations passed
2026-02-27 22:07:25 - scraper.crowdgen.com - INFO - ✓ SUCCESS: https://crowdgen.com/jigglypuff-sk-sk | Status: 200 | Size: 623110 bytes
2026-02-27 22:07:26 - scraper.crowdgen.com - INFO - Starting scrape: https://crowdgen.com/a11350-yue-my-en
2026-02-27 22:07:26 - scraper.crowdgen.com - WARNING - 429 on https://crowdgen.com/a11350-yue-my-en — waiting 30s before retry
2026-02-27 22:07:56 - scraper.crowdgen.com - WARNING - 429 on https://crowdgen.com/a11350-yue-my-en — waiting 60s before retry
2026-02-27 22:09:04 - scraper.crowdgen.com - INFO - ✓ VALIDATION PASSED: https://crowdgen.com/a11350-yue-my-en: All validations passed
2026-02-27 22:09:04 - scraper.crowdgen.com - INFO - ✓ SUCCESS: https://crowdgen.com/a11350-yue-my-en | Status: 200 | Size: 622231 bytes
2026-02-27 22:09:04 - scraper.crowdgen.com - INFO - Starting scrape: https://crowdgen.com/mint-mathematics-a
2026-02-27 22:09:05 - scraper.crowdgen.com - WARNING - 429 on https://crowdgen.com/mint-mathematics-a — waiting 30s before retry
2026-02-27 22:09:41 - scraper.crowdgen.com - INFO - ✓ VALIDATION PASSED: https://crowdgen.com/mint-mathematics-a: All validations passed
2026-02-27 22:09:41 - scraper.crowdgen.com - INFO - ✓ SUCCESS: https://crowdgen.com/mint-mathematics-a | Status: 200 | Size: 613464 bytes
2026-02-27 22:09:41 - scraper.crowdgen.com - INFO - Starting scrape: https://crowdgen.com/babel-slovene-push
2026-02-27 22:09:42 - scraper.crowdgen.com - WARNING - 429 on https://crowdgen.com/babel-slovene-push — waiting 30s before retry
2026-02-27 22:10:18 - scraper.crowdgen.com - INFO - ✓ VALIDATION PASSED: https://crowdgen.com/babel-slovene-push: All validations passed
2026-02-27 22:10:18 - scraper.crowdgen.com - INFO - ✓ SUCCESS: https://crowdgen.com/babel-slovene-push | Status: 200 | Size: 601940 bytes
2026-02-27 22:10:18 - scraper.crowdgen.com - INFO - Starting scrape: https://crowdgen.com/hyperion-birmingham
2026-02-27 22:10:26 - scraper.crowdgen.com - INFO - ✓ VALIDATION PASSED: https://crowdgen.com/hyperion-birmingham: All validations passed
2026-02-27 22:10:26 - scraper.crowdgen.com - INFO - ✓ SUCCESS: https://crowdgen.com/hyperion-birmingham | Status: 200 | Size: 330206 bytes
2026-02-27 22:10:26 - scraper.crowdgen.com - INFO - Starting scrape: https://crowdgen.com/aristotle-physics-en-au
2026-02-27 22:10:26 - scraper.crowdgen.com - WARNING - 429 on https://crowdgen.com/aristotle-physics-en-au — waiting 30s before retry
2026-02-27 22:11:02 - scraper.crowdgen.com - INFO - ✓ VALIDATION PASSED: https://crowdgen.com/aristotle-physics-en-au: All validations passed
2026-02-27 22:11:02 - scraper.crowdgen.com - INFO - ✓ SUCCESS: https://crowdgen.com/aristotle-physics-en-au | Status: 200 | Size: 624000 bytes
2026-02-27 22:11:02 - scraper.crowdgen.com - INFO - Starting scrape: https://crowdgen.com/babel-german-a
2026-02-27 22:11:03 - scraper.crowdgen.com - WARNING - 429 on https://crowdgen.com/babel-german-a — waiting 30s before retry
2026-02-27 22:11:38 - scraper.crowdgen.com - INFO - ✓ VALIDATION PASSED: https://crowdgen.com/babel-german-a: All validations passed
2026-02-27 22:11:38 - scraper.crowdgen.com - INFO - ✓ SUCCESS: https://crowdgen.com/babel-german-a | Status: 200 | Size: 601687 bytes
2026-02-27 22:11:38 - scraper.crowdgen.com - INFO - Starting scrape: https://crowdgen.com/babel-slovak-b
2026-02-27 22:11:39 - scraper.crowdgen.com - WARNING - 429 on https://crowdgen.com/babel-slovak-b — waiting 30s before retry
2026-02-27 22:12:14 - scraper.crowdgen.com - INFO - ✓ VALIDATION PASSED: https://crowdgen.com/babel-slovak-b: All validations passed
2026-02-27 22:12:14 - scraper.crowdgen.com - INFO - ✓ SUCCESS: https://crowdgen.com/babel-slovak-b | Status: 200 | Size: 601712 bytes
2026-02-27 22:12:14 - scraper.crowdgen.com - INFO - Starting scrape: https://crowdgen.com/fireweed-javanese-remote
2026-02-27 22:12:15 - scraper.crowdgen.com - WARNING - 429 on https://crowdgen.com/fireweed-javanese-remote — waiting 30s before retry
2026-02-27 22:12:50 - scraper.crowdgen.com - INFO - ✓ VALIDATION PASSED: https://crowdgen.com/fireweed-javanese-remote: All validations passed
2026-02-27 22:12:50 - scraper.crowdgen.com - INFO - ✓ SUCCESS: https://crowdgen.com/fireweed-javanese-remote | Status: 200 | Size: 616974 bytes
2026-02-27 22:12:50 - scraper.crowdgen.com - INFO - Starting scrape: https://crowdgen.com/jigglypuff-nb-no-2
2026-02-27 22:12:51 - scraper.crowdgen.com - WARNING - 429 on https://crowdgen.com/jigglypuff-nb-no-2 — waiting 30s before retry
2026-02-27 22:13:28 - scraper.crowdgen.com - INFO - ✓ VALIDATION PASSED: https://crowdgen.com/jigglypuff-nb-no-2: All validations passed
2026-02-27 22:13:28 - scraper.crowdgen.com - INFO - ✓ SUCCESS: https://crowdgen.com/jigglypuff-nb-no-2 | Status: 200 | Size: 622749 bytes
2026-02-27 22:13:28 - scraper.crowdgen.com - INFO - Starting scrape: https://crowdgen.com/docs/project-faq/project-qualifications/is-the-time-spent-preparing-for-and-completing-qualification-tasks-billable
2026-02-27 22:13:33 - scraper.crowdgen.com - INFO - ✓ VALIDATION PASSED: https://crowdgen.com/docs/project-faq/project-qualifications/is-the-time-spent-preparing-for-and-completing-qualification-tasks-billable: All validations passed
2026-02-27 22:13:33 - scraper.crowdgen.com - INFO - ✓ SUCCESS: https://crowdgen.com/docs/project-faq/project-qualifications/is-the-time-spent-preparing-for-and-completing-qualification-tasks-billable | Status: 200 | Size: 208245 bytes
2026-02-27 22:13:33 - scraper.crowdgen.com - INFO - Starting scrape: https://crowdgen.com/mavena-yue-my
2026-02-27 22:13:33 - scraper.crowdgen.com - WARNING - 429 on https://crowdgen.com/mavena-yue-my — waiting 30s before retry
2026-02-27 22:14:09 - scraper.crowdgen.com - INFO - ✓ VALIDATION PASSED: https://crowdgen.com/mavena-yue-my: All validations passed
2026-02-27 22:14:09 - scraper.crowdgen.com - INFO - ✓ SUCCESS: https://crowdgen.com/mavena-yue-my | Status: 200 | Size: 621079 bytes
2026-02-27 22:14:09 - scraper.crowdgen.com - INFO - Starting scrape: https://crowdgen.com/garrus-nl-be-b
2026-02-27 22:14:10 - scraper.crowdgen.com - WARNING - 429 on https://crowdgen.com/garrus-nl-be-b — waiting 30s before retry
2026-02-27 22:14:47 - scraper.crowdgen.com - INFO - ✓ VALIDATION PASSED: https://crowdgen.com/garrus-nl-be-b: All validations passed
2026-02-27 22:14:47 - scraper.crowdgen.com - INFO - ✓ SUCCESS: https://crowdgen.com/garrus-nl-be-b | Status: 200 | Size: 621715 bytes
2026-02-27 22:14:48 - scraper.crowdgen.com - INFO - Starting scrape: https://crowdgen.com/uhrs
2026-02-27 22:14:53 - scraper.crowdgen.com - INFO - ✓ VALIDATION PASSED: https://crowdgen.com/uhrs: All validations passed
2026-02-27 22:14:53 - scraper.crowdgen.com - INFO - ✓ SUCCESS: https://crowdgen.com/uhrs | Status: 200 | Size: 629465 bytes
2026-02-27 22:14:53 - scraper.crowdgen.com - INFO - Starting scrape: https://crowdgen.com/fireweed-bahasa-remote
2026-02-27 22:14:54 - scraper.crowdgen.com - WARNING - 429 on https://crowdgen.com/fireweed-bahasa-remote — waiting 30s before retry
2026-02-27 22:15:29 - scraper.crowdgen.com - INFO - ✓ VALIDATION PASSED: https://crowdgen.com/fireweed-bahasa-remote: All validations passed
2026-02-27 22:15:29 - scraper.crowdgen.com - INFO - ✓ SUCCESS: https://crowdgen.com/fireweed-bahasa-remote | Status: 200 | Size: 617232 bytes
2026-02-27 22:15:29 - scraper.crowdgen.com - INFO - Starting scrape: https://crowdgen.com/fireweed-es-gt-localised-push
2026-02-27 22:15:30 - scraper.crowdgen.com - WARNING - 429 on https://crowdgen.com/fireweed-es-gt-localised-push — waiting 30s before retry
2026-02-27 22:16:00 - scraper.crowdgen.com - WARNING - 429 on https://crowdgen.com/fireweed-es-gt-localised-push — waiting 60s before retry
2026-02-27 22:17:07 - scraper.crowdgen.com - INFO - ✓ VALIDATION PASSED: https://crowdgen.com/fireweed-es-gt-localised-push: All validations passed
2026-02-27 22:17:07 - scraper.crowdgen.com - INFO - ✓ SUCCESS: https://crowdgen.com/fireweed-es-gt-localised-push | Status: 200 | Size: 615875 bytes
2026-02-27 22:17:07 - scraper.crowdgen.com - INFO - Starting scrape: https://crowdgen.com/docs/contact-us/how-do-i-contact-crowdgen
2026-02-27 22:17:08 - scraper.crowdgen.com - WARNING - 429 on https://crowdgen.com/docs/contact-us/how-do-i-contact-crowdgen — waiting 30s before retry
2026-02-27 22:17:38 - scraper.crowdgen.com - WARNING - 429 on https://crowdgen.com/docs/contact-us/how-do-i-contact-crowdgen — waiting 60s before retry
2026-02-27 22:18:44 - scraper.crowdgen.com - INFO - ✓ VALIDATION PASSED: https://crowdgen.com/docs/contact-us/how-do-i-contact-crowdgen: All validations passed
2026-02-27 22:18:44 - scraper.crowdgen.com - INFO - ✓ SUCCESS: https://crowdgen.com/docs/contact-us/how-do-i-contact-crowdgen | Status: 200 | Size: 202004 bytes
2026-02-27 22:18:44 - scraper.crowdgen.com - INFO - Starting scrape: https://crowdgen.com/payments
2026-02-27 22:18:52 - scraper.crowdgen.com - INFO - ✓ VALIDATION PASSED: https://crowdgen.com/payments: All validations passed
2026-02-27 22:18:52 - scraper.crowdgen.com - INFO - ✓ SUCCESS: https://crowdgen.com/payments | Status: 200 | Size: 598674 bytes
2026-02-27 22:18:52 - scraper.crowdgen.com - INFO - Starting scrape: https://crowdgen.com/aristotle-physics-en-nz
2026-02-27 22:18:53 - scraper.crowdgen.com - WARNING - 429 on https://crowdgen.com/aristotle-physics-en-nz — waiting 30s before retry
2026-02-27 22:19:29 - scraper.crowdgen.com - INFO - ✓ VALIDATION PASSED: https://crowdgen.com/aristotle-physics-en-nz: All validations passed
2026-02-27 22:19:29 - scraper.crowdgen.com - INFO - ✓ SUCCESS: https://crowdgen.com/aristotle-physics-en-nz | Status: 200 | Size: 613821 bytes
2026-02-27 22:19:29 - scraper.crowdgen.com - INFO - Starting scrape: https://crowdgen.com/hawthorn-zh-tw-push
2026-02-27 22:19:30 - scraper.crowdgen.com - WARNING - 429 on https://crowdgen.com/hawthorn-zh-tw-push — waiting 30s before retry
2026-02-27 22:20:10 - scraper.crowdgen.com - INFO - ✓ VALIDATION PASSED: https://crowdgen.com/hawthorn-zh-tw-push: All validations passed
2026-02-27 22:20:10 - scraper.crowdgen.com - INFO - ✓ SUCCESS: https://crowdgen.com/hawthorn-zh-tw-push | Status: 200 | Size: 622671 bytes
2026-02-27 22:20:10 - scraper.crowdgen.com - INFO - Starting scrape: https://crowdgen.com/aristotle-physics-english-push
2026-02-27 22:20:11 - scraper.crowdgen.com - WARNING - 429 on https://crowdgen.com/aristotle-physics-english-push — waiting 30s before retry
2026-02-27 22:20:46 - scraper.crowdgen.com - INFO - ✓ VALIDATION PASSED: https://crowdgen.com/aristotle-physics-english-push: All validations passed
2026-02-27 22:20:46 - scraper.crowdgen.com - INFO - ✓ SUCCESS: https://crowdgen.com/aristotle-physics-english-push | Status: 200 | Size: 614265 bytes
2026-02-27 22:20:46 - scraper.crowdgen.com - INFO - Starting scrape: https://crowdgen.com/fireweed-korean-remote
2026-02-27 22:20:47 - scraper.crowdgen.com - WARNING - 429 on https://crowdgen.com/fireweed-korean-remote — waiting 30s before retry
2026-02-27 22:21:24 - scraper.crowdgen.com - INFO - ✓ VALIDATION PASSED: https://crowdgen.com/fireweed-korean-remote: All validations passed
2026-02-27 22:21:24 - scraper.crowdgen.com - INFO - ✓ SUCCESS: https://crowdgen.com/fireweed-korean-remote | Status: 200 | Size: 661417 bytes
2026-02-27 22:21:24 - scraper.crowdgen.com - INFO - Starting scrape: https://crowdgen.com/mint-chemistry-a
2026-02-27 22:21:25 - scraper.crowdgen.com - WARNING - 429 on https://crowdgen.com/mint-chemistry-a — waiting 30s before retry
2026-02-27 22:22:01 - scraper.crowdgen.com - INFO - ✓ VALIDATION PASSED: https://crowdgen.com/mint-chemistry-a: All validations passed
2026-02-27 22:22:01 - scraper.crowdgen.com - INFO - ✓ SUCCESS: https://crowdgen.com/mint-chemistry-a | Status: 200 | Size: 613632 bytes
2026-02-27 22:22:01 - scraper.crowdgen.com - INFO - Starting scrape: https://crowdgen.com/fireweed-nepali-remote
2026-02-27 22:22:02 - scraper.crowdgen.com - WARNING - 429 on https://crowdgen.com/fireweed-nepali-remote — waiting 30s before retry
2026-02-27 22:22:39 - scraper.crowdgen.com - INFO - ✓ VALIDATION PASSED: https://crowdgen.com/fireweed-nepali-remote: All validations passed
2026-02-27 22:22:39 - scraper.crowdgen.com - INFO - ✓ SUCCESS: https://crowdgen.com/fireweed-nepali-remote | Status: 200 | Size: 681623 bytes
2026-02-27 22:22:39 - scraper.crowdgen.com - INFO - Starting scrape: https://crowdgen.com/jigglypuff-cy-gb
2026-02-27 22:22:40 - scraper.crowdgen.com - WARNING - 429 on https://crowdgen.com/jigglypuff-cy-gb — waiting 30s before retry
2026-02-27 22:23:16 - scraper.crowdgen.com - INFO - ✓ VALIDATION PASSED: https://crowdgen.com/jigglypuff-cy-gb: All validations passed
2026-02-27 22:23:16 - scraper.crowdgen.com - INFO - ✓ SUCCESS: https://crowdgen.com/jigglypuff-cy-gb | Status: 200 | Size: 623181 bytes
2026-02-27 22:23:16 - scraper.crowdgen.com - INFO - Starting scrape: https://crowdgen.com/fireweed
2026-02-27 22:23:21 - scraper.crowdgen.com - INFO - ✓ VALIDATION PASSED: https://crowdgen.com/fireweed: All validations passed
2026-02-27 22:23:21 - scraper.crowdgen.com - INFO - ✓ SUCCESS: https://crowdgen.com/fireweed | Status: 200 | Size: 603469 bytes
2026-02-27 22:23:21 - scraper.crowdgen.com - INFO - Starting scrape: https://crowdgen.com/aristotle-math-en-us
2026-02-27 22:23:22 - scraper.crowdgen.com - WARNING - 429 on https://crowdgen.com/aristotle-math-en-us — waiting 30s before retry
2026-02-27 22:23:58 - scraper.crowdgen.com - INFO - ✓ VALIDATION PASSED: https://crowdgen.com/aristotle-math-en-us: All validations passed
2026-02-27 22:23:58 - scraper.crowdgen.com - INFO - ✓ SUCCESS: https://crowdgen.com/aristotle-math-en-us | Status: 200 | Size: 613711 bytes
2026-02-27 22:23:58 - scraper.crowdgen.com - INFO - Starting scrape: https://crowdgen.com/coffee-en-ie
2026-02-27 22:24:03 - scraper.crowdgen.com - INFO - ✓ VALIDATION PASSED: https://crowdgen.com/coffee-en-ie: All validations passed
2026-02-27 22:24:03 - scraper.crowdgen.com - INFO - ✓ SUCCESS: https://crowdgen.com/coffee-en-ie | Status: 200 | Size: 622126 bytes
2026-02-27 22:24:03 - scraper.crowdgen.com - INFO - Starting scrape: https://crowdgen.com/collection-transcription-flemish
2026-02-27 22:24:04 - scraper.crowdgen.com - WARNING - 429 on https://crowdgen.com/collection-transcription-flemish — waiting 30s before retry
2026-02-27 22:24:39 - scraper.crowdgen.com - INFO - ✓ VALIDATION PASSED: https://crowdgen.com/collection-transcription-flemish: All validations passed
2026-02-27 22:24:39 - scraper.crowdgen.com - INFO - ✓ SUCCESS: https://crowdgen.com/collection-transcription-flemish | Status: 200 | Size: 617550 bytes
2026-02-27 22:24:39 - scraper.crowdgen.com - INFO - Starting scrape: https://crowdgen.com/fireweed-croatian-remote
2026-02-27 22:24:40 - scraper.crowdgen.com - WARNING - 429 on https://crowdgen.com/fireweed-croatian-remote — waiting 30s before retry
2026-02-27 22:25:19 - scraper.crowdgen.com - INFO - ✓ VALIDATION PASSED: https://crowdgen.com/fireweed-croatian-remote: All validations passed
2026-02-27 22:25:19 - scraper.crowdgen.com - INFO - ✓ SUCCESS: https://crowdgen.com/fireweed-croatian-remote | Status: 200 | Size: 637588 bytes
2026-02-27 22:25:19 - scraper.crowdgen.com - INFO - Starting scrape: https://crowdgen.com/fireweed-de-de-translated
2026-02-27 22:25:19 - scraper.crowdgen.com - WARNING - 429 on https://crowdgen.com/fireweed-de-de-translated — waiting 30s before retry
2026-02-27 22:25:56 - scraper.crowdgen.com - INFO - ✓ VALIDATION PASSED: https://crowdgen.com/fireweed-de-de-translated: All validations passed
2026-02-27 22:25:56 - scraper.crowdgen.com - INFO - ✓ SUCCESS: https://crowdgen.com/fireweed-de-de-translated | Status: 200 | Size: 626128 bytes
2026-02-27 22:25:56 - scraper.crowdgen.com - INFO - Starting scrape: https://crowdgen.com/heather-it-it
2026-02-27 22:25:56 - scraper.crowdgen.com - WARNING - 429 on https://crowdgen.com/heather-it-it — waiting 30s before retry
2026-02-27 22:26:35 - scraper.crowdgen.com - INFO - ✓ VALIDATION PASSED: https://crowdgen.com/heather-it-it: All validations passed
2026-02-27 22:26:35 - scraper.crowdgen.com - INFO - ✓ SUCCESS: https://crowdgen.com/heather-it-it | Status: 200 | Size: 605703 bytes
2026-02-27 22:26:35 - scraper.crowdgen.com - INFO - Starting scrape: https://crowdgen.com/fireweed-zh-yue-hk-translated
2026-02-27 22:26:36 - scraper.crowdgen.com - WARNING - 429 on https://crowdgen.com/fireweed-zh-yue-hk-translated — waiting 30s before retry
2026-02-27 22:27:11 - scraper.crowdgen.com - INFO - ✓ VALIDATION PASSED: https://crowdgen.com/fireweed-zh-yue-hk-translated: All validations passed
2026-02-27 22:27:11 - scraper.crowdgen.com - INFO - ✓ SUCCESS: https://crowdgen.com/fireweed-zh-yue-hk-translated | Status: 200 | Size: 623393 bytes
2026-02-27 22:27:11 - scraper.crowdgen.com - INFO - Starting scrape: https://crowdgen.com/aristotle-chemistry-english
2026-02-27 22:27:12 - scraper.crowdgen.com - WARNING - 429 on https://crowdgen.com/aristotle-chemistry-english — waiting 30s before retry
2026-02-27 22:27:47 - scraper.crowdgen.com - INFO - ✓ VALIDATION PASSED: https://crowdgen.com/aristotle-chemistry-english: All validations passed
2026-02-27 22:27:47 - scraper.crowdgen.com - INFO - ✓ SUCCESS: https://crowdgen.com/aristotle-chemistry-english | Status: 200 | Size: 614388 bytes
2026-02-27 22:27:47 - scraper.crowdgen.com - INFO - Starting scrape: https://crowdgen.com/aristoxenus-mathematics-hi-in-push
2026-02-27 22:27:48 - scraper.crowdgen.com - WARNING - 429 on https://crowdgen.com/aristoxenus-mathematics-hi-in-push — waiting 30s before retry
2026-02-27 22:28:24 - scraper.crowdgen.com - INFO - ✓ VALIDATION PASSED: https://crowdgen.com/aristoxenus-mathematics-hi-in-push: All validations passed
2026-02-27 22:28:24 - scraper.crowdgen.com - INFO - ✓ SUCCESS: https://crowdgen.com/aristoxenus-mathematics-hi-in-push | Status: 200 | Size: 631803 bytes
2026-02-27 22:28:24 - scraper.crowdgen.com - INFO - Starting scrape: https://crowdgen.com/fireweed-ru-kz-localised-push
2026-02-27 22:28:25 - scraper.crowdgen.com - WARNING - 429 on https://crowdgen.com/fireweed-ru-kz-localised-push — waiting 30s before retry
2026-02-27 22:29:00 - scraper.crowdgen.com - INFO - ✓ VALIDATION PASSED: https://crowdgen.com/fireweed-ru-kz-localised-push: All validations passed
2026-02-27 22:29:00 - scraper.crowdgen.com - INFO - ✓ SUCCESS: https://crowdgen.com/fireweed-ru-kz-localised-push | Status: 200 | Size: 638585 bytes
2026-02-27 22:29:00 - scraper.crowdgen.com - INFO - Starting scrape: https://crowdgen.com/docs/trust-and-safety/online-safety/how-do-i-know-if-something-is-a-scam
2026-02-27 22:29:01 - scraper.crowdgen.com - WARNING - 429 on https://crowdgen.com/docs/trust-and-safety/online-safety/how-do-i-know-if-something-is-a-scam — waiting 30s before retry
2026-02-27 22:29:38 - scraper.crowdgen.com - INFO - ✓ VALIDATION PASSED: https://crowdgen.com/docs/trust-and-safety/online-safety/how-do-i-know-if-something-is-a-scam: All validations passed
2026-02-27 22:29:38 - scraper.crowdgen.com - INFO - ✓ SUCCESS: https://crowdgen.com/docs/trust-and-safety/online-safety/how-do-i-know-if-something-is-a-scam | Status: 200 | Size: 206879 bytes
2026-02-27 22:29:38 - scraper.crowdgen.com - INFO - Starting scrape: https://crowdgen.com/avatara-refer-a-friend
2026-02-27 22:29:39 - scraper.crowdgen.com - WARNING - 429 on https://crowdgen.com/avatara-refer-a-friend — waiting 30s before retry
2026-02-27 22:30:15 - scraper.crowdgen.com - INFO - ✓ VALIDATION PASSED: https://crowdgen.com/avatara-refer-a-friend: All validations passed
2026-02-27 22:30:15 - scraper.crowdgen.com - INFO - ✓ SUCCESS: https://crowdgen.com/avatara-refer-a-friend | Status: 200 | Size: 569191 bytes
2026-02-27 22:30:15 - scraper.crowdgen.com - INFO - Starting scrape: https://crowdgen.com/jigglypuff-lv-lv
2026-02-27 22:30:16 - scraper.crowdgen.com - WARNING - 429 on https://crowdgen.com/jigglypuff-lv-lv — waiting 30s before retry
2026-02-27 22:30:51 - scraper.crowdgen.com - INFO - ✓ VALIDATION PASSED: https://crowdgen.com/jigglypuff-lv-lv: All validations passed
2026-02-27 22:30:51 - scraper.crowdgen.com - INFO - ✓ SUCCESS: https://crowdgen.com/jigglypuff-lv-lv | Status: 200 | Size: 622537 bytes
2026-02-27 22:30:51 - scraper.crowdgen.com - INFO - Starting scrape: https://crowdgen.com/mint-german-biology-a
2026-02-27 22:30:52 - scraper.crowdgen.com - WARNING - 429 on https://crowdgen.com/mint-german-biology-a — waiting 30s before retry
2026-02-27 22:31:28 - scraper.crowdgen.com - INFO - ✓ VALIDATION PASSED: https://crowdgen.com/mint-german-biology-a: All validations passed
2026-02-27 22:31:28 - scraper.crowdgen.com - INFO - ✓ SUCCESS: https://crowdgen.com/mint-german-biology-a | Status: 200 | Size: 614518 bytes
2026-02-27 22:31:28 - scraper.crowdgen.com - INFO - Starting scrape: https://crowdgen.com/istone-ca-fr-thanks
2026-02-27 22:31:29 - scraper.crowdgen.com - WARNING - 429 on https://crowdgen.com/istone-ca-fr-thanks — waiting 30s before retry
2026-02-27 22:32:05 - scraper.crowdgen.com - INFO - ✓ VALIDATION PASSED: https://crowdgen.com/istone-ca-fr-thanks: All validations passed
2026-02-27 22:32:05 - scraper.crowdgen.com - INFO - ✓ SUCCESS: https://crowdgen.com/istone-ca-fr-thanks | Status: 200 | Size: 542119 bytes
2026-02-27 22:32:05 - scraper.crowdgen.com - INFO - Starting scrape: https://crowdgen.com/docs/project-faq/general-project-faq/didnt-receive-your-project-invite-what-to-do-next
2026-02-27 22:32:09 - scraper.crowdgen.com - INFO - ✓ VALIDATION PASSED: https://crowdgen.com/docs/project-faq/general-project-faq/didnt-receive-your-project-invite-what-to-do-next: All validations passed
2026-02-27 22:32:09 - scraper.crowdgen.com - INFO - ✓ SUCCESS: https://crowdgen.com/docs/project-faq/general-project-faq/didnt-receive-your-project-invite-what-to-do-next | Status: 200 | Size: 207931 bytes
2026-02-27 22:32:09 - scraper.crowdgen.com - INFO - Starting scrape: https://crowdgen.com/fireweed-dutch-remote
2026-02-27 22:32:10 - scraper.crowdgen.com - WARNING - 429 on https://crowdgen.com/fireweed-dutch-remote — waiting 30s before retry
2026-02-27 22:32:46 - scraper.crowdgen.com - INFO - ✓ VALIDATION PASSED: https://crowdgen.com/fireweed-dutch-remote: All validations passed
2026-02-27 22:32:46 - scraper.crowdgen.com - INFO - ✓ SUCCESS: https://crowdgen.com/fireweed-dutch-remote | Status: 200 | Size: 639076 bytes
2026-02-27 22:32:46 - scraper.crowdgen.com - INFO - Starting scrape: https://crowdgen.com/babel-canadian-french-push
2026-02-27 22:32:47 - scraper.crowdgen.com - WARNING - 429 on https://crowdgen.com/babel-canadian-french-push — waiting 30s before retry
2026-02-27 22:33:23 - scraper.crowdgen.com - INFO - ✓ VALIDATION PASSED: https://crowdgen.com/babel-canadian-french-push: All validations passed
2026-02-27 22:33:23 - scraper.crowdgen.com - INFO - ✓ SUCCESS: https://crowdgen.com/babel-canadian-french-push | Status: 200 | Size: 602100 bytes
2026-02-27 22:33:23 - scraper.crowdgen.com - INFO - Starting scrape: https://crowdgen.com/fireweed-es-hn-localised-push
2026-02-27 22:33:24 - scraper.crowdgen.com - WARNING - 429 on https://crowdgen.com/fireweed-es-hn-localised-push — waiting 30s before retry
2026-02-27 22:34:00 - scraper.crowdgen.com - INFO - ✓ VALIDATION PASSED: https://crowdgen.com/fireweed-es-hn-localised-push: All validations passed
2026-02-27 22:34:00 - scraper.crowdgen.com - INFO - ✓ SUCCESS: https://crowdgen.com/fireweed-es-hn-localised-push | Status: 200 | Size: 615888 bytes
2026-02-27 22:34:00 - scraper.crowdgen.com - INFO - Starting scrape: https://crowdgen.com/jigglypuff-az-az
2026-02-27 22:34:01 - scraper.crowdgen.com - WARNING - 429 on https://crowdgen.com/jigglypuff-az-az — waiting 30s before retry
2026-02-27 22:34:39 - scraper.crowdgen.com - INFO - ✓ VALIDATION PASSED: https://crowdgen.com/jigglypuff-az-az: All validations passed
2026-02-27 22:34:39 - scraper.crowdgen.com - INFO - ✓ SUCCESS: https://crowdgen.com/jigglypuff-az-az | Status: 200 | Size: 624241 bytes
2026-02-27 22:34:39 - scraper.crowdgen.com - INFO - Starting scrape: https://crowdgen.com/fireweed-malayalam-remote
2026-02-27 22:34:40 - scraper.crowdgen.com - WARNING - 429 on https://crowdgen.com/fireweed-malayalam-remote — waiting 30s before retry
2026-02-27 22:35:18 - scraper.crowdgen.com - INFO - ✓ VALIDATION PASSED: https://crowdgen.com/fireweed-malayalam-remote: All validations passed
2026-02-27 22:35:18 - scraper.crowdgen.com - INFO - ✓ SUCCESS: https://crowdgen.com/fireweed-malayalam-remote | Status: 200 | Size: 689525 bytes
2026-02-27 22:35:18 - scraper.crowdgen.com - INFO - Starting scrape: https://crowdgen.com/code-test-frank
2026-02-27 22:35:19 - scraper.crowdgen.com - WARNING - 429 on https://crowdgen.com/code-test-frank — waiting 30s before retry
2026-02-27 22:36:07 - scraper.crowdgen.com - INFO - ✓ VALIDATION PASSED: https://crowdgen.com/code-test-frank: All validations passed
2026-02-27 22:36:07 - scraper.crowdgen.com - INFO - ✓ SUCCESS: https://crowdgen.com/code-test-frank | Status: 200 | Size: 580710 bytes
2026-02-27 22:36:07 - scraper.crowdgen.com - INFO - Starting scrape: https://crowdgen.com/avatara-registration
2026-02-27 22:36:14 - scraper.crowdgen.com - INFO - ✓ VALIDATION PASSED: https://crowdgen.com/avatara-registration: All validations passed
2026-02-27 22:36:14 - scraper.crowdgen.com - INFO - ✓ SUCCESS: https://crowdgen.com/avatara-registration | Status: 200 | Size: 558937 bytes
2026-02-27 22:36:14 - scraper.crowdgen.com - INFO - Starting scrape: https://crowdgen.com/docs/i-received-an-email-with-feedback-on-my-quality-how-can-i-improve
2026-02-27 22:36:19 - scraper.crowdgen.com - INFO - ✓ VALIDATION PASSED: https://crowdgen.com/docs/i-received-an-email-with-feedback-on-my-quality-how-can-i-improve: All validations passed
2026-02-27 22:36:19 - scraper.crowdgen.com - INFO - ✓ SUCCESS: https://crowdgen.com/docs/i-received-an-email-with-feedback-on-my-quality-how-can-i-improve | Status: 200 | Size: 207324 bytes
2026-02-27 22:36:20 - scraper.crowdgen.com - INFO - Starting scrape: https://crowdgen.com/garrus-fr-ca-b
2026-02-27 22:36:21 - scraper.crowdgen.com - WARNING - 429 on https://crowdgen.com/garrus-fr-ca-b — waiting 30s before retry
2026-02-27 22:36:57 - scraper.crowdgen.com - INFO - ✓ VALIDATION PASSED: https://crowdgen.com/garrus-fr-ca-b: All validations passed
2026-02-27 22:36:57 - scraper.crowdgen.com - INFO - ✓ SUCCESS: https://crowdgen.com/garrus-fr-ca-b | Status: 200 | Size: 621755 bytes
2026-02-27 22:36:57 - scraper.crowdgen.com - INFO - Starting scrape: https://crowdgen.com/docs/payments/general-payments-faq/setup-account-for-payments
2026-02-27 22:37:01 - scraper.crowdgen.com - INFO - ✓ VALIDATION PASSED: https://crowdgen.com/docs/payments/general-payments-faq/setup-account-for-payments: All validations passed
2026-02-27 22:37:01 - scraper.crowdgen.com - INFO - ✓ SUCCESS: https://crowdgen.com/docs/payments/general-payments-faq/setup-account-for-payments | Status: 200 | Size: 230487 bytes
2026-02-27 22:37:02 - scraper.crowdgen.com - INFO - Starting scrape: https://crowdgen.com/mint-physics-b
2026-02-27 22:37:03 - scraper.crowdgen.com - WARNING - 429 on https://crowdgen.com/mint-physics-b — waiting 30s before retry
2026-02-27 22:39:01 - scraper.crowdgen.com - ERROR - ✗ ERROR: https://crowdgen.com/mint-physics-b | Page.goto: Timeout 30000ms exceeded.
Call log:
  - navigating to "https://crowdgen.com/mint-physics-b", waiting until "load"

2026-02-27 22:39:01 - scraper.crowdgen.com - INFO - Retrying https://crowdgen.com/mint-physics-b (attempt 3/3)
2026-02-27 22:39:35 - scraper.crowdgen.com - ERROR - ✗ ERROR: https://crowdgen.com/mint-physics-b | Page.goto: Timeout 30000ms exceeded.
Call log:
  - navigating to "https://crowdgen.com/mint-physics-b", waiting until "load"

2026-02-27 22:39:35 - scraper.crowdgen.com - INFO - Starting scrape: https://crowdgen.com/jigglypuff-ka-ge
2026-02-27 22:39:36 - scraper.crowdgen.com - WARNING - 429 on https://crowdgen.com/jigglypuff-ka-ge — waiting 30s before retry
2026-02-27 22:40:13 - scraper.crowdgen.com - INFO - ✓ VALIDATION PASSED: https://crowdgen.com/jigglypuff-ka-ge: All validations passed
2026-02-27 22:40:13 - scraper.crowdgen.com - INFO - ✓ SUCCESS: https://crowdgen.com/jigglypuff-ka-ge | Status: 200 | Size: 629653 bytes
2026-02-27 22:40:13 - scraper.crowdgen.com - INFO - Starting scrape: https://crowdgen.com/docs/project-faq/quality-control
2026-02-27 22:40:14 - scraper.crowdgen.com - WARNING - 429 on https://crowdgen.com/docs/project-faq/quality-control — waiting 30s before retry
2026-02-27 22:44:37 - scraper.crowdgen.com - INFO - ✓ VALIDATION PASSED: https://crowdgen.com/docs/project-faq/quality-control: All validations passed
2026-02-27 22:44:37 - scraper.crowdgen.com - INFO - ✓ SUCCESS: https://crowdgen.com/docs/project-faq/quality-control | Status: 200 | Size: 205039 bytes
2026-02-27 22:44:37 - scraper.crowdgen.com - INFO - Starting scrape: https://crowdgen.com/remote-jobs-for-taiwanese-push
2026-02-27 22:44:38 - scraper.crowdgen.com - WARNING - 429 on https://crowdgen.com/remote-jobs-for-taiwanese-push — waiting 30s before retry
2026-02-27 22:45:13 - scraper.crowdgen.com - INFO - ✓ VALIDATION PASSED: https://crowdgen.com/remote-jobs-for-taiwanese-push: All validations passed
2026-02-27 22:45:13 - scraper.crowdgen.com - INFO - ✓ SUCCESS: https://crowdgen.com/remote-jobs-for-taiwanese-push | Status: 200 | Size: 622214 bytes
2026-02-27 22:45:13 - scraper.crowdgen.com - INFO - Starting scrape: https://crowdgen.com/fireweed-hebrew-remote-push
2026-02-27 22:49:01 - scraper.crowdgen.com - ERROR - ✗ ERROR: https://crowdgen.com/fireweed-hebrew-remote-push | Page.goto: Timeout 30000ms exceeded.
Call log:
  - navigating to "https://crowdgen.com/fireweed-hebrew-remote-push", waiting until "load"

2026-02-27 22:49:01 - scraper.crowdgen.com - INFO - Retrying https://crowdgen.com/fireweed-hebrew-remote-push (attempt 2/3)
2026-02-27 22:49:10 - scraper.crowdgen.com - INFO - ✓ VALIDATION PASSED: https://crowdgen.com/fireweed-hebrew-remote-push: All validations passed
2026-02-27 22:49:10 - scraper.crowdgen.com - INFO - ✓ SUCCESS: https://crowdgen.com/fireweed-hebrew-remote-push | Status: 200 | Size: 624215 bytes
2026-02-27 22:49:10 - scraper.crowdgen.com - INFO - Starting scrape: https://crowdgen.com/babel-slovene-a
2026-02-27 22:49:10 - scraper.crowdgen.com - WARNING - 429 on https://crowdgen.com/babel-slovene-a — waiting 30s before retry
2026-02-27 22:49:46 - scraper.crowdgen.com - INFO - ✓ VALIDATION PASSED: https://crowdgen.com/babel-slovene-a: All validations passed
2026-02-27 22:49:46 - scraper.crowdgen.com - INFO - ✓ SUCCESS: https://crowdgen.com/babel-slovene-a | Status: 200 | Size: 601754 bytes
2026-02-27 22:49:46 - scraper.crowdgen.com - INFO - Starting scrape: https://crowdgen.com/jigglypuff-bs-ba
2026-02-27 22:49:47 - scraper.crowdgen.com - WARNING - 429 on https://crowdgen.com/jigglypuff-bs-ba — waiting 30s before retry
2026-02-27 22:54:02 - scraper.crowdgen.com - WARNING - 429 on https://crowdgen.com/jigglypuff-bs-ba — waiting 60s before retry
2026-02-27 22:55:09 - scraper.crowdgen.com - INFO - ✓ VALIDATION PASSED: https://crowdgen.com/jigglypuff-bs-ba: All validations passed
2026-02-27 22:55:09 - scraper.crowdgen.com - INFO - ✓ SUCCESS: https://crowdgen.com/jigglypuff-bs-ba | Status: 403 | Size: 622412 bytes
2026-02-27 22:55:09 - scraper.crowdgen.com - INFO - Starting scrape: https://crowdgen.com/mint-french-physics-a
2026-02-27 22:55:10 - scraper.crowdgen.com - WARNING - 429 on https://crowdgen.com/mint-french-physics-a — waiting 30s before retry
2026-02-27 22:59:32 - scraper.crowdgen.com - INFO - ✓ VALIDATION PASSED: https://crowdgen.com/mint-french-physics-a: All validations passed
2026-02-27 22:59:32 - scraper.crowdgen.com - INFO - ✓ SUCCESS: https://crowdgen.com/mint-french-physics-a | Status: 200 | Size: 614485 bytes
2026-02-27 22:59:32 - scraper.crowdgen.com - INFO - Starting scrape: https://crowdgen.com/babel-danish-a
2026-02-27 22:59:33 - scraper.crowdgen.com - WARNING - 429 on https://crowdgen.com/babel-danish-a — waiting 30s before retry
2026-02-27 23:00:09 - scraper.crowdgen.com - INFO - ✓ VALIDATION PASSED: https://crowdgen.com/babel-danish-a: All validations passed
2026-02-27 23:00:09 - scraper.crowdgen.com - INFO - ✓ SUCCESS: https://crowdgen.com/babel-danish-a | Status: 200 | Size: 601718 bytes
2026-02-27 23:00:10 - scraper.crowdgen.com - INFO - Starting scrape: https://crowdgen.com/aristotle-philosophy-en-nz
2026-02-27 23:00:10 - scraper.crowdgen.com - WARNING - 429 on https://crowdgen.com/aristotle-philosophy-en-nz — waiting 30s before retry
2026-02-27 23:17:25 - scraper.crowdgen.com - INFO - ✓ VALIDATION PASSED: https://crowdgen.com/aristotle-philosophy-en-nz: All validations passed
2026-02-27 23:17:25 - scraper.crowdgen.com - INFO - ✓ SUCCESS: https://crowdgen.com/aristotle-philosophy-en-nz | Status: 200 | Size: 614298 bytes
2026-02-27 23:17:25 - scraper.crowdgen.com - INFO - Starting scrape: https://crowdgen.com/babel-chinese-singapore-a
2026-02-27 23:17:26 - scraper.crowdgen.com - WARNING - 429 on https://crowdgen.com/babel-chinese-singapore-a — waiting 30s before retry
2026-02-27 23:18:02 - scraper.crowdgen.com - INFO - ✓ VALIDATION PASSED: https://crowdgen.com/babel-chinese-singapore-a: All validations passed
2026-02-27 23:18:02 - scraper.crowdgen.com - INFO - ✓ SUCCESS: https://crowdgen.com/babel-chinese-singapore-a | Status: 200 | Size: 602801 bytes
2026-02-27 23:18:02 - scraper.crowdgen.com - INFO - Starting scrape: https://crowdgen.com/babel-en-ee-push
2026-02-27 23:18:03 - scraper.crowdgen.com - WARNING - 429 on https://crowdgen.com/babel-en-ee-push — waiting 30s before retry
2026-02-27 23:35:05 - scraper.crowdgen.com - INFO - ✓ VALIDATION PASSED: https://crowdgen.com/babel-en-ee-push: All validations passed
2026-02-27 23:35:05 - scraper.crowdgen.com - INFO - ✓ SUCCESS: https://crowdgen.com/babel-en-ee-push | Status: 200 | Size: 602118 bytes
2026-02-27 23:35:05 - scraper.crowdgen.com - INFO - Starting scrape: https://crowdgen.com/heather-it-it-push
2026-02-27 23:35:05 - scraper.crowdgen.com - WARNING - 429 on https://crowdgen.com/heather-it-it-push — waiting 30s before retry
2026-02-27 23:35:41 - scraper.crowdgen.com - INFO - ✓ VALIDATION PASSED: https://crowdgen.com/heather-it-it-push: All validations passed
2026-02-27 23:35:41 - scraper.crowdgen.com - INFO - ✓ SUCCESS: https://crowdgen.com/heather-it-it-push | Status: 200 | Size: 605796 bytes
2026-02-27 23:35:41 - scraper.crowdgen.com - INFO - Starting scrape: https://crowdgen.com/a11350-yue-my-push
2026-02-27 23:35:41 - scraper.crowdgen.com - WARNING - 429 on https://crowdgen.com/a11350-yue-my-push — waiting 30s before retry
2026-02-27 23:51:08 - scraper.crowdgen.com - INFO - ✓ VALIDATION PASSED: https://crowdgen.com/a11350-yue-my-push: All validations passed
2026-02-27 23:51:08 - scraper.crowdgen.com - INFO - ✓ SUCCESS: https://crowdgen.com/a11350-yue-my-push | Status: 200 | Size: 620816 bytes
2026-02-27 23:51:08 - scraper.crowdgen.com - INFO - Starting scrape: https://crowdgen.com/docs/project-faq/project-qualifications/what-are-project-qualifications
2026-02-27 23:51:13 - scraper.crowdgen.com - INFO - ✓ VALIDATION PASSED: https://crowdgen.com/docs/project-faq/project-qualifications/what-are-project-qualifications: All validations passed
2026-02-27 23:51:13 - scraper.crowdgen.com - INFO - ✓ SUCCESS: https://crowdgen.com/docs/project-faq/project-qualifications/what-are-project-qualifications | Status: 200 | Size: 206148 bytes
2026-02-27 23:51:13 - scraper.crowdgen.com - INFO - Starting scrape: https://crowdgen.com/voice-collection-kurmanji-push
2026-02-27 23:51:14 - scraper.crowdgen.com - WARNING - 429 on https://crowdgen.com/voice-collection-kurmanji-push — waiting 30s before retry
2026-02-27 23:51:49 - scraper.crowdgen.com - INFO - ✓ VALIDATION PASSED: https://crowdgen.com/voice-collection-kurmanji-push: All validations passed
2026-02-27 23:51:49 - scraper.crowdgen.com - INFO - ✓ SUCCESS: https://crowdgen.com/voice-collection-kurmanji-push | Status: 200 | Size: 608539 bytes
2026-02-27 23:51:49 - scraper.crowdgen.com - INFO - Starting scrape: https://crowdgen.com/fireweed-zh-tw-push
2026-02-27 23:51:50 - scraper.crowdgen.com - WARNING - 429 on https://crowdgen.com/fireweed-zh-tw-push — waiting 30s before retry
2026-02-28 00:07:35 - scraper.crowdgen.com - INFO - ✓ VALIDATION PASSED: https://crowdgen.com/fireweed-zh-tw-push: All validations passed
2026-02-28 00:07:35 - scraper.crowdgen.com - INFO - ✓ SUCCESS: https://crowdgen.com/fireweed-zh-tw-push | Status: 403 | Size: 614860 bytes
2026-02-28 00:07:35 - scraper.crowdgen.com - INFO - Starting scrape: https://crowdgen.com/pro
2026-02-28 00:07:42 - scraper.crowdgen.com - INFO - ✓ VALIDATION PASSED: https://crowdgen.com/pro: All validations passed
2026-02-28 00:07:42 - scraper.crowdgen.com - INFO - ✓ SUCCESS: https://crowdgen.com/pro | Status: 200 | Size: 628143 bytes
2026-02-28 00:07:42 - scraper.crowdgen.com - INFO - Starting scrape: https://crowdgen.com/docs/general-onboarding/getting-started/what-is-the-purpose-of-the-annotated-transcribed-collected-data
2026-02-28 00:07:43 - scraper.crowdgen.com - WARNING - 429 on https://crowdgen.com/docs/general-onboarding/getting-started/what-is-the-purpose-of-the-annotated-transcribed-collected-data — waiting 30s before retry
2026-02-28 00:08:18 - scraper.crowdgen.com - INFO - ✓ VALIDATION PASSED: https://crowdgen.com/docs/general-onboarding/getting-started/what-is-the-purpose-of-the-annotated-transcribed-collected-data: All validations passed
2026-02-28 00:08:18 - scraper.crowdgen.com - INFO - ✓ SUCCESS: https://crowdgen.com/docs/general-onboarding/getting-started/what-is-the-purpose-of-the-annotated-transcribed-collected-data | Status: 200 | Size: 207695 bytes
2026-02-28 00:08:19 - scraper.crowdgen.com - INFO - Starting scrape: https://crowdgen.com/millettia-referral
2026-02-28 00:08:19 - scraper.crowdgen.com - WARNING - 429 on https://crowdgen.com/millettia-referral — waiting 30s before retry
2026-02-28 00:24:19 - scraper.crowdgen.com - INFO - ✓ VALIDATION PASSED: https://crowdgen.com/millettia-referral: All validations passed
2026-02-28 00:24:19 - scraper.crowdgen.com - INFO - ✓ SUCCESS: https://crowdgen.com/millettia-referral | Status: 200 | Size: 588356 bytes
2026-02-28 00:24:20 - scraper.crowdgen.com - INFO - Starting scrape: https://crowdgen.com/babel-slovak-a
2026-02-28 00:24:20 - scraper.crowdgen.com - WARNING - 429 on https://crowdgen.com/babel-slovak-a — waiting 30s before retry
2026-02-28 00:24:56 - scraper.crowdgen.com - INFO - ✓ VALIDATION PASSED: https://crowdgen.com/babel-slovak-a: All validations passed
2026-02-28 00:24:56 - scraper.crowdgen.com - INFO - ✓ SUCCESS: https://crowdgen.com/babel-slovak-a | Status: 200 | Size: 601782 bytes
2026-02-28 00:24:56 - scraper.crowdgen.com - INFO - Starting scrape: https://crowdgen.com/mint-french-general
2026-02-28 00:24:57 - scraper.crowdgen.com - WARNING - 429 on https://crowdgen.com/mint-french-general — waiting 30s before retry
2026-02-28 00:37:31 - scraper.crowdgen.com - INFO - ✓ VALIDATION PASSED: https://crowdgen.com/mint-french-general: All validations passed
2026-02-28 00:37:31 - scraper.crowdgen.com - INFO - ✓ SUCCESS: https://crowdgen.com/mint-french-general | Status: 200 | Size: 614017 bytes
2026-02-28 00:37:31 - scraper.crowdgen.com - INFO - Starting scrape: https://crowdgen.com/hazel-yue-my
2026-02-28 00:37:32 - scraper.crowdgen.com - WARNING - 429 on https://crowdgen.com/hazel-yue-my — waiting 30s before retry
2026-02-28 00:38:09 - scraper.crowdgen.com - INFO - ✓ VALIDATION PASSED: https://crowdgen.com/hazel-yue-my: All validations passed
2026-02-28 00:38:09 - scraper.crowdgen.com - INFO - ✓ SUCCESS: https://crowdgen.com/hazel-yue-my | Status: 200 | Size: 620647 bytes
2026-02-28 00:38:09 - scraper.crowdgen.com - INFO - Starting scrape: https://crowdgen.com/babel-chinese-malaysia-c
2026-02-28 00:38:10 - scraper.crowdgen.com - WARNING - 429 on https://crowdgen.com/babel-chinese-malaysia-c — waiting 30s before retry
2026-02-28 00:54:27 - scraper.crowdgen.com - INFO - ✓ VALIDATION PASSED: https://crowdgen.com/babel-chinese-malaysia-c: All validations passed
2026-02-28 00:54:27 - scraper.crowdgen.com - INFO - ✓ SUCCESS: https://crowdgen.com/babel-chinese-malaysia-c | Status: 200 | Size: 602288 bytes
2026-02-28 00:54:27 - scraper.crowdgen.com - INFO - Starting scrape: https://crowdgen.com/jigglypuff-pl-pl
2026-02-28 00:54:28 - scraper.crowdgen.com - WARNING - 429 on https://crowdgen.com/jigglypuff-pl-pl — waiting 30s before retry
2026-02-28 00:55:03 - scraper.crowdgen.com - INFO - ✓ VALIDATION PASSED: https://crowdgen.com/jigglypuff-pl-pl: All validations passed
2026-02-28 00:55:03 - scraper.crowdgen.com - INFO - ✓ SUCCESS: https://crowdgen.com/jigglypuff-pl-pl | Status: 200 | Size: 623149 bytes
2026-02-28 00:55:04 - scraper.crowdgen.com - INFO - Starting scrape: https://crowdgen.com/aristotle-physics-en-ca
2026-02-28 00:55:04 - scraper.crowdgen.com - WARNING - 429 on https://crowdgen.com/aristotle-physics-en-ca — waiting 30s before retry
2026-02-28 00:55:40 - scraper.crowdgen.com - INFO - ✓ VALIDATION PASSED: https://crowdgen.com/aristotle-physics-en-ca: All validations passed
2026-02-28 00:55:40 - scraper.crowdgen.com - INFO - ✓ SUCCESS: https://crowdgen.com/aristotle-physics-en-ca | Status: 200 | Size: 613804 bytes
2026-02-28 00:55:40 - scraper.crowdgen.com - INFO - Starting scrape: https://crowdgen.com/docs/payments/invoicing
2026-02-28 00:55:40 - scraper.crowdgen.com - WARNING - 429 on https://crowdgen.com/docs/payments/invoicing — waiting 30s before retry
2026-02-28 01:11:15 - scraper.crowdgen.com - INFO - ✓ VALIDATION PASSED: https://crowdgen.com/docs/payments/invoicing: All validations passed
2026-02-28 01:11:15 - scraper.crowdgen.com - INFO - ✓ SUCCESS: https://crowdgen.com/docs/payments/invoicing | Status: 403 | Size: 202421 bytes
2026-02-28 01:11:15 - scraper.crowdgen.com - INFO - Starting scrape: https://crowdgen.com/aristotle-philosophy-english-push
2026-02-28 01:11:16 - scraper.crowdgen.com - WARNING - 429 on https://crowdgen.com/aristotle-philosophy-english-push — waiting 30s before retry
2026-02-28 01:11:52 - scraper.crowdgen.com - INFO - ✓ VALIDATION PASSED: https://crowdgen.com/aristotle-philosophy-english-push: All validations passed
2026-02-28 01:11:52 - scraper.crowdgen.com - INFO - ✓ SUCCESS: https://crowdgen.com/aristotle-philosophy-english-push | Status: 200 | Size: 614486 bytes
2026-02-28 01:11:52 - scraper.crowdgen.com - INFO - Starting scrape: https://crowdgen.com/twingate
2026-02-28 01:11:53 - scraper.crowdgen.com - WARNING - 429 on https://crowdgen.com/twingate — waiting 30s before retry
2026-02-28 01:12:31 - scraper.crowdgen.com - INFO - ✓ VALIDATION PASSED: https://crowdgen.com/twingate: All validations passed
2026-02-28 01:12:31 - scraper.crowdgen.com - INFO - ✓ SUCCESS: https://crowdgen.com/twingate | Status: 200 | Size: 532507 bytes
2026-02-28 01:12:31 - scraper.crowdgen.com - INFO - Starting scrape: https://crowdgen.com/docs/project-faq/general-project-faq/dont-see-any-tasks-here-is-why
2026-02-28 01:12:31 - scraper.crowdgen.com - WARNING - 429 on https://crowdgen.com/docs/project-faq/general-project-faq/dont-see-any-tasks-here-is-why — waiting 30s before retry
2026-02-28 01:13:07 - scraper.crowdgen.com - INFO - ✓ VALIDATION PASSED: https://crowdgen.com/docs/project-faq/general-project-faq/dont-see-any-tasks-here-is-why: All validations passed
2026-02-28 01:13:07 - scraper.crowdgen.com - INFO - ✓ SUCCESS: https://crowdgen.com/docs/project-faq/general-project-faq/dont-see-any-tasks-here-is-why | Status: 200 | Size: 208378 bytes
2026-02-28 01:13:07 - scraper.crowdgen.com - INFO - Starting scrape: https://crowdgen.com/a13061-kk-kz
2026-02-28 01:13:08 - scraper.crowdgen.com - WARNING - 429 on https://crowdgen.com/a13061-kk-kz — waiting 30s before retry
2026-02-28 01:13:45 - scraper.crowdgen.com - INFO - ✓ VALIDATION PASSED: https://crowdgen.com/a13061-kk-kz: All validations passed
2026-02-28 01:13:45 - scraper.crowdgen.com - INFO - ✓ SUCCESS: https://crowdgen.com/a13061-kk-kz | Status: 200 | Size: 627746 bytes
2026-02-28 01:13:45 - scraper.crowdgen.com - INFO - Starting scrape: https://crowdgen.com/experts
2026-02-28 01:13:45 - scraper.crowdgen.com - WARNING - 429 on https://crowdgen.com/experts — waiting 30s before retry
2026-02-28 01:14:16 - scraper.crowdgen.com - WARNING - 429 on https://crowdgen.com/experts — waiting 60s before retry
2026-02-28 01:15:24 - scraper.crowdgen.com - INFO - ✓ VALIDATION PASSED: https://crowdgen.com/experts: All validations passed
2026-02-28 01:15:24 - scraper.crowdgen.com - INFO - ✓ SUCCESS: https://crowdgen.com/experts | Status: 200 | Size: 688656 bytes
2026-02-28 01:15:24 - scraper.crowdgen.com - INFO - Starting scrape: https://crowdgen.com/aristotle-games-en-au
2026-02-28 01:15:24 - scraper.crowdgen.com - WARNING - 429 on https://crowdgen.com/aristotle-games-en-au — waiting 30s before retry
2026-02-28 01:15:54 - scraper.crowdgen.com - WARNING - 429 on https://crowdgen.com/aristotle-games-en-au — waiting 60s before retry
2026-02-28 01:16:55 - scraper.crowdgen.com - WARNING - 429 on https://crowdgen.com/aristotle-games-en-au — waiting 120s before retry
2026-02-28 01:18:55 - scraper.crowdgen.com - INFO - Starting scrape: https://crowdgen.com/babel-danish-c
2026-02-28 01:18:56 - scraper.crowdgen.com - WARNING - 429 on https://crowdgen.com/babel-danish-c — waiting 30s before retry
2026-02-28 01:19:31 - scraper.crowdgen.com - INFO - ✓ VALIDATION PASSED: https://crowdgen.com/babel-danish-c: All validations passed
2026-02-28 01:19:31 - scraper.crowdgen.com - INFO - ✓ SUCCESS: https://crowdgen.com/babel-danish-c | Status: 200 | Size: 601740 bytes
2026-02-28 01:19:31 - scraper.crowdgen.com - INFO - Starting scrape: https://crowdgen.com/fireweed-dutch-remote-push
2026-02-28 01:19:32 - scraper.crowdgen.com - WARNING - 429 on https://crowdgen.com/fireweed-dutch-remote-push — waiting 30s before retry
2026-02-28 01:20:02 - scraper.crowdgen.com - WARNING - 429 on https://crowdgen.com/fireweed-dutch-remote-push — waiting 60s before retry
2026-02-28 01:21:08 - scraper.crowdgen.com - INFO - ✓ VALIDATION PASSED: https://crowdgen.com/fireweed-dutch-remote-push: All validations passed
2026-02-28 01:21:08 - scraper.crowdgen.com - INFO - ✓ SUCCESS: https://crowdgen.com/fireweed-dutch-remote-push | Status: 200 | Size: 639153 bytes
2026-02-28 01:21:08 - scraper.crowdgen.com - INFO - Starting scrape: https://crowdgen.com/a13061-kk-kz-english
2026-02-28 01:21:09 - scraper.crowdgen.com - WARNING - 429 on https://crowdgen.com/a13061-kk-kz-english — waiting 30s before retry
2026-02-28 01:21:46 - scraper.crowdgen.com - INFO - ✓ VALIDATION PASSED: https://crowdgen.com/a13061-kk-kz-english: All validations passed
2026-02-28 01:21:46 - scraper.crowdgen.com - INFO - ✓ SUCCESS: https://crowdgen.com/a13061-kk-kz-english | Status: 200 | Size: 622172 bytes
2026-02-28 01:21:46 - scraper.crowdgen.com - INFO - Starting scrape: https://crowdgen.com/aristotle-general
2026-02-28 01:21:46 - scraper.crowdgen.com - WARNING - 429 on https://crowdgen.com/aristotle-general — waiting 30s before retry
2026-02-28 01:22:17 - scraper.crowdgen.com - WARNING - 429 on https://crowdgen.com/aristotle-general — waiting 60s before retry
2026-02-28 01:23:17 - scraper.crowdgen.com - WARNING - 429 on https://crowdgen.com/aristotle-general — waiting 120s before retry
2026-02-28 01:25:17 - scraper.crowdgen.com - INFO - Starting scrape: https://crowdgen.com/calathea-zh-tw-push
2026-02-28 01:25:17 - scraper.crowdgen.com - WARNING - 429 on https://crowdgen.com/calathea-zh-tw-push — waiting 30s before retry
2026-02-28 01:25:47 - scraper.crowdgen.com - WARNING - 429 on https://crowdgen.com/calathea-zh-tw-push — waiting 60s before retry
2026-02-28 01:26:48 - scraper.crowdgen.com - WARNING - 429 on https://crowdgen.com/calathea-zh-tw-push — waiting 120s before retry
2026-02-28 01:28:48 - scraper.crowdgen.com - INFO - Starting scrape: https://crowdgen.com/fireweed-ukrainian-remote
2026-02-28 01:28:49 - scraper.crowdgen.com - WARNING - 429 on https://crowdgen.com/fireweed-ukrainian-remote — waiting 30s before retry
2026-02-28 01:29:26 - scraper.crowdgen.com - INFO - ✓ VALIDATION PASSED: https://crowdgen.com/fireweed-ukrainian-remote: All validations passed
2026-02-28 01:29:26 - scraper.crowdgen.com - INFO - ✓ SUCCESS: https://crowdgen.com/fireweed-ukrainian-remote | Status: 200 | Size: 649717 bytes
2026-02-28 01:29:26 - scraper.crowdgen.com - INFO - Starting scrape: https://crowdgen.com/fireweed-ru-kg
2026-02-28 01:29:26 - scraper.crowdgen.com - WARNING - 429 on https://crowdgen.com/fireweed-ru-kg — waiting 30s before retry
2026-02-28 01:29:57 - scraper.crowdgen.com - WARNING - 429 on https://crowdgen.com/fireweed-ru-kg — waiting 60s before retry
2026-02-28 01:31:03 - scraper.crowdgen.com - INFO - ✓ VALIDATION PASSED: https://crowdgen.com/fireweed-ru-kg: All validations passed
2026-02-28 01:31:03 - scraper.crowdgen.com - INFO - ✓ SUCCESS: https://crowdgen.com/fireweed-ru-kg | Status: 200 | Size: 614960 bytes
2026-02-28 01:31:03 - scraper.crowdgen.com - INFO - Starting scrape: https://crowdgen.com/babel-chinese-malaysia-push
2026-02-28 01:31:03 - scraper.crowdgen.com - WARNING - 429 on https://crowdgen.com/babel-chinese-malaysia-push — waiting 30s before retry
2026-02-28 01:31:34 - scraper.crowdgen.com - WARNING - 429 on https://crowdgen.com/babel-chinese-malaysia-push — waiting 60s before retry
2026-02-28 01:32:41 - scraper.crowdgen.com - INFO - ✓ VALIDATION PASSED: https://crowdgen.com/babel-chinese-malaysia-push: All validations passed
2026-02-28 01:32:41 - scraper.crowdgen.com - INFO - ✓ SUCCESS: https://crowdgen.com/babel-chinese-malaysia-push | Status: 200 | Size: 602487 bytes
2026-02-28 01:32:41 - scraper.crowdgen.com - INFO - Starting scrape: https://crowdgen.com/fireweed-zh-cn-localised-push
2026-02-28 01:32:41 - scraper.crowdgen.com - WARNING - 429 on https://crowdgen.com/fireweed-zh-cn-localised-push — waiting 30s before retry
2026-02-28 01:33:18 - scraper.crowdgen.com - INFO - ✓ VALIDATION PASSED: https://crowdgen.com/fireweed-zh-cn-localised-push: All validations passed
2026-02-28 01:33:18 - scraper.crowdgen.com - INFO - ✓ SUCCESS: https://crowdgen.com/fireweed-zh-cn-localised-push | Status: 200 | Size: 650848 bytes
2026-02-28 01:33:18 - scraper.crowdgen.com - INFO - Starting scrape: https://crowdgen.com/babel-italian-a
2026-02-28 01:33:18 - scraper.crowdgen.com - WARNING - 429 on https://crowdgen.com/babel-italian-a — waiting 30s before retry
2026-02-28 01:33:55 - scraper.crowdgen.com - INFO - ✓ VALIDATION PASSED: https://crowdgen.com/babel-italian-a: All validations passed
2026-02-28 01:33:55 - scraper.crowdgen.com - INFO - ✓ SUCCESS: https://crowdgen.com/babel-italian-a | Status: 200 | Size: 601773 bytes
2026-02-28 01:33:55 - scraper.crowdgen.com - INFO - Starting scrape: https://crowdgen.com/avatara-en-us-push
2026-02-28 01:33:55 - scraper.crowdgen.com - WARNING - 429 on https://crowdgen.com/avatara-en-us-push — waiting 30s before retry
2026-02-28 01:34:30 - scraper.crowdgen.com - INFO - ✓ VALIDATION PASSED: https://crowdgen.com/avatara-en-us-push: All validations passed
2026-02-28 01:34:30 - scraper.crowdgen.com - INFO - ✓ SUCCESS: https://crowdgen.com/avatara-en-us-push | Status: 200 | Size: 606252 bytes
2026-02-28 01:34:31 - scraper.crowdgen.com - INFO - Starting scrape: https://crowdgen.com/fireweed-ru-by-push
2026-02-28 01:34:31 - scraper.crowdgen.com - WARNING - 429 on https://crowdgen.com/fireweed-ru-by-push — waiting 30s before retry
2026-02-28 01:35:08 - scraper.crowdgen.com - INFO - ✓ VALIDATION PASSED: https://crowdgen.com/fireweed-ru-by-push: All validations passed
2026-02-28 01:35:08 - scraper.crowdgen.com - INFO - ✓ SUCCESS: https://crowdgen.com/fireweed-ru-by-push | Status: 200 | Size: 614872 bytes
2026-02-28 01:35:08 - scraper.crowdgen.com - INFO - Starting scrape: https://crowdgen.com/docs/project-faq/project-allocation-criteria
2026-02-28 01:35:14 - scraper.crowdgen.com - INFO - ✓ VALIDATION PASSED: https://crowdgen.com/docs/project-faq/project-allocation-criteria: All validations passed
2026-02-28 01:35:14 - scraper.crowdgen.com - INFO - ✓ SUCCESS: https://crowdgen.com/docs/project-faq/project-allocation-criteria | Status: 200 | Size: 208385 bytes
2026-02-28 01:35:14 - scraper.crowdgen.com - INFO - Starting scrape: https://crowdgen.com/hermes-a
2026-02-28 01:35:15 - scraper.crowdgen.com - WARNING - 429 on https://crowdgen.com/hermes-a — waiting 30s before retry
2026-02-28 01:35:52 - scraper.crowdgen.com - INFO - ✓ VALIDATION PASSED: https://crowdgen.com/hermes-a: All validations passed
2026-02-28 01:35:52 - scraper.crowdgen.com - INFO - ✓ SUCCESS: https://crowdgen.com/hermes-a | Status: 200 | Size: 622041 bytes
2026-02-28 01:35:52 - scraper.crowdgen.com - INFO - Starting scrape: https://crowdgen.com/aristotle-games-en-us
2026-02-28 01:35:53 - scraper.crowdgen.com - WARNING - 429 on https://crowdgen.com/aristotle-games-en-us — waiting 30s before retry
2026-02-28 01:36:30 - scraper.crowdgen.com - INFO - ✓ VALIDATION PASSED: https://crowdgen.com/aristotle-games-en-us: All validations passed
2026-02-28 01:36:30 - scraper.crowdgen.com - INFO - ✓ SUCCESS: https://crowdgen.com/aristotle-games-en-us | Status: 200 | Size: 614375 bytes
2026-02-28 01:36:30 - scraper.crowdgen.com - INFO - Starting scrape: https://crowdgen.com/aristotle-biology-en-ca
2026-02-28 01:36:30 - scraper.crowdgen.com - WARNING - 429 on https://crowdgen.com/aristotle-biology-en-ca — waiting 30s before retry
2026-02-28 01:37:06 - scraper.crowdgen.com - INFO - ✓ VALIDATION PASSED: https://crowdgen.com/aristotle-biology-en-ca: All validations passed
2026-02-28 01:37:06 - scraper.crowdgen.com - INFO - ✓ SUCCESS: https://crowdgen.com/aristotle-biology-en-ca | Status: 200 | Size: 614202 bytes
2026-02-28 01:37:06 - scraper.crowdgen.com - INFO - Starting scrape: https://crowdgen.com/hazel-da-dk
2026-02-28 01:37:06 - scraper.crowdgen.com - WARNING - 429 on https://crowdgen.com/hazel-da-dk — waiting 30s before retry
2026-02-28 01:37:36 - scraper.crowdgen.com - WARNING - 429 on https://crowdgen.com/hazel-da-dk — waiting 60s before retry
2026-02-28 01:38:37 - scraper.crowdgen.com - WARNING - 429 on https://crowdgen.com/hazel-da-dk — waiting 120s before retry
2026-02-28 01:40:37 - scraper.crowdgen.com - INFO - Starting scrape: https://crowdgen.com/project-jigglypuff-podcast-transcription-english-main
2026-02-28 01:40:38 - scraper.crowdgen.com - WARNING - 429 on https://crowdgen.com/project-jigglypuff-podcast-transcription-english-main — waiting 30s before retry
2026-02-28 01:41:13 - scraper.crowdgen.com - INFO - ✓ VALIDATION PASSED: https://crowdgen.com/project-jigglypuff-podcast-transcription-english-main: All validations passed
2026-02-28 01:41:13 - scraper.crowdgen.com - INFO - ✓ SUCCESS: https://crowdgen.com/project-jigglypuff-podcast-transcription-english-main | Status: 200 | Size: 622530 bytes
2026-02-28 01:41:13 - scraper.crowdgen.com - INFO - Starting scrape: https://crowdgen.com/fireweed-croatian-remote-push
2026-02-28 01:41:13 - scraper.crowdgen.com - WARNING - 429 on https://crowdgen.com/fireweed-croatian-remote-push — waiting 30s before retry
2026-02-28 01:41:44 - scraper.crowdgen.com - WARNING - 429 on https://crowdgen.com/fireweed-croatian-remote-push — waiting 60s before retry
2026-02-28 01:42:49 - scraper.crowdgen.com - INFO - ✓ VALIDATION PASSED: https://crowdgen.com/fireweed-croatian-remote-push: All validations passed
2026-02-28 01:42:49 - scraper.crowdgen.com - INFO - ✓ SUCCESS: https://crowdgen.com/fireweed-croatian-remote-push | Status: 200 | Size: 637592 bytes
2026-02-28 01:42:49 - scraper.crowdgen.com - INFO - Starting scrape: https://crowdgen.com/aristotle-philosophy-en-us
2026-02-28 01:42:49 - scraper.crowdgen.com - WARNING - 429 on https://crowdgen.com/aristotle-philosophy-en-us — waiting 30s before retry
2026-02-28 01:43:20 - scraper.crowdgen.com - WARNING - 429 on https://crowdgen.com/aristotle-philosophy-en-us — waiting 60s before retry
2026-02-28 01:44:27 - scraper.crowdgen.com - INFO - ✓ VALIDATION PASSED: https://crowdgen.com/aristotle-philosophy-en-us: All validations passed
2026-02-28 01:44:27 - scraper.crowdgen.com - INFO - ✓ SUCCESS: https://crowdgen.com/aristotle-philosophy-en-us | Status: 200 | Size: 614615 bytes
2026-02-28 01:44:27 - scraper.crowdgen.com - INFO - Starting scrape: https://crowdgen.com/docs/general-onboarding/language-guide
2026-02-28 01:44:27 - scraper.crowdgen.com - WARNING - 429 on https://crowdgen.com/docs/general-onboarding/language-guide — waiting 30s before retry
2026-02-28 01:45:02 - scraper.crowdgen.com - INFO - ✓ VALIDATION PASSED: https://crowdgen.com/docs/general-onboarding/language-guide: All validations passed
2026-02-28 01:45:02 - scraper.crowdgen.com - INFO - ✓ SUCCESS: https://crowdgen.com/docs/general-onboarding/language-guide | Status: 200 | Size: 204766 bytes
